[Licensing::Module] Trying to connect to existing licensing client channel...
Built from '6000.3/staging' branch; Version is '6000.3.13f1 (8c4f11e4fb20) revision 9195281'; Using compiler version '194234433'; Build Type 'Release'
OS: 'Windows 10  (10.0.19045) 64bit Professional' Language: 'ko' Physical Memory: 16252 MB
[Licensing::IpcConnector] Successfully connected to: "LicenseClient-user" at "2026-09-18T04:54:51.0093981Z"
BatchMode: 1, IsHumanControllingUs: 0, StartBugReporterOnCrash: 0, Is64bit: 1
System  architecture: x64
Process architecture: x64
Date: 2026-09-18T04:54:51Z

COMMAND LINE ARGUMENTS:
C:\Program Files\Unity\Hub\Editor\6000.3.13f1\Editor\Unity.exe
-batchmode
-nographics
-projectPath
C:\Users\user\Desktop\KYO\KYO_GitRepos\PhysicsPuzzleSolver
-executeMethod
PPS.Solver.Batch.SolverBatch.Run
-out
C:\Users\user\Desktop\KYO\KYO_GitRepos\PhysicsPuzzleSolver\SolverReports\json\All.json
-logFile
C:\Users\user\Desktop\KYO\KYO_GitRepos\PhysicsPuzzleSolver\SolverReports\log\All.log
Successfully changed project path to: C:\Users\user\Desktop\KYO\KYO_GitRepos\PhysicsPuzzleSolver
C:/Users/user/Desktop/KYO/KYO_GitRepos/PhysicsPuzzleSolver
[UnityMemory] Configuration Parameters - Can be set up in boot.config
    "memorysetup-temp-allocator-size-nav-mesh-worker=65536"
    "memorysetup-temp-allocator-size-audio-worker=65536"
    "memorysetup-temp-allocator-size-gfx=262144"
    "memorysetup-allocator-temp-initial-block-size-main=262144"
    "memorysetup-allocator-temp-initial-block-size-worker=262144"
    "memorysetup-temp-allocator-size-background-worker=32768"
    "memorysetup-temp-allocator-size-job-worker=262144"
    "memorysetup-temp-allocator-size-preload-manager=33554432"
    "memorysetup-temp-allocator-size-gi-baking-worker=262144"
    "memorysetup-temp-allocator-size-gi-baking-worker=262144"
    "memorysetup-temp-allocator-size-gi-baking-worker=262144"
    "memorysetup-temp-allocator-size-gi-baking-worker=262144"
    "memorysetup-temp-allocator-size-gi-baking-worker=262144"
    "memorysetup-bucket-allocator-granularity=16"
    "memorysetup-bucket-allocator-bucket-count=8"
    "memorysetup-bucket-allocator-block-size=33554432"
    "memorysetup-bucket-allocator-block-count=8"
    "memorysetup-main-allocator-block-size=16777216"
    "memorysetup-thread-allocator-block-size=16777216"
    "memorysetup-gfx-main-allocator-block-size=16777216"
    "memorysetup-gfx-thread-allocator-block-size=16777216"
    "memorysetup-cache-allocator-block-size=4194304"
    "memorysetup-typetree-allocator-block-size=2097152"
    "memorysetup-profiler-bucket-allocator-granularity=16"
    "memorysetup-profiler-bucket-allocator-bucket-count=8"
    "memorysetup-profiler-bucket-allocator-block-size=33554432"
    "memorysetup-profiler-bucket-allocator-block-count=8"
    "memorysetup-profiler-allocator-block-size=16777216"
    "memorysetup-profiler-editor-allocator-block-size=1048576"
    "memorysetup-temp-allocator-size-main=16777216"
    "memorysetup-job-temp-allocator-block-size=2097152"
    "memorysetup-job-temp-allocator-block-size-background=1048576"
    "memorysetup-job-temp-allocator-reduction-small-platforms=262144"
    "memorysetup-temp-allocator-size-cloud-worker=32768"
Player connection [7032]  Target information:

Player connection [7032]  * "[IP] 192.168.0.226 [Port] 55504 [Flags] 2 [Guid] 1727799526 [EditorId] 1727799526 [Version] 1048832 [Id] WindowsEditor(7,DESKTOP-PDC91MM) [Debug] 1 [PackageName] WindowsEditor [ProjectName] Editor" 

Player connection [7032] Host joined multi-casting on [225.0.0.222:54997]...
Player connection [7032] Host joined alternative multi-casting on [225.0.0.222:34997]...
Input System module state changed to: Initialized.
[Physics::Module] Initialized fallback backend.
[Physics::Module] Id: 0xdecafbad
[Package Manager] Connected to IPC stream "Upm-17716" after 0.3 seconds.
[Licensing::Module] Licensing is not yet initialized.
[Licensing::Client] Error: HandshakeResponse reported an error:
	ResponseCode: 505
	ResponseStatus: Unsupported protocol version '1.18.1'.
[Licensing::Module] Error: Failed to handshake to channel: "LicenseClient-user"
[Licensing::IpcConnector] LicenseClient-user channel disconnected successfully.
[Licensing::IpcConnector] Channel LicenseClient-user-6000.3.13 doesn't exist
[Licensing::Module] Successfully launched the LicensingClient (PId: 14956)
[Licensing::IpcConnector] Successfully connected to: "LicenseClient-user-6000.3.13" at "2026-09-18T04:54:52.3365807Z"
[Licensing::Client] Handshaking with LicensingClient:
  Version:                 1.18.1+9fbee8e
  Session Id:              d7dd414aa9004d55b8856a01bc74da81
  Correlation Id:          1662ea50f52d156f1258f14cd2e7d1bf
  External correlation Id: 386133472900827672
  Machine Id:              5jT37xA33WeblVJZCSr89gvMlik=
[Licensing::Module] Successfully connected to LicensingClient on channel: "LicenseClient-user-6000.3.13" (connect: 0.57s, validation: 0.04s, handshake: 0.72s)
[Licensing::IpcConnector] Successfully connected to: "LicenseClient-user-6000.3.13-notifications" at "2026-09-18T04:54:53.0958137Z"
[Licensing::Module] Connected to LicensingClient (PId: 14956, launch time: 0.00, total connection time: 1.33s)
[Licensing::Module] Error: Access token is unavailable; failed to update
[Licensing::Client] Successfully resolved entitlement details
[Licensing::Module] License group:
  Id: 14569197507921-UnityPersXXXX
  Product: Unity Personal
  Type: Assigned
  Expiration: Unlimited
[Licensing::Client] Successfully updated license, isAsync: True, time: 0.01
[Licensing::Client] Successfully resolved entitlement details
[Licensing::Module] Licensing Background thread has ended after 2.11s
[Licensing::Module] Licensing is initialized (took 1.68s).
[Licensing::Client] Successfully resolved entitlement details
Library Redirect Path: Library/
[Physics::Module] Selected backend.
[Physics::Module] Name: PhysX
[Physics::Module] Id: 0xf2b8ea05
[Physics::Module] SDK Version: 4.1.2
[Physics::Module] Integration Version: 1.0.0
[Physics::Module] Threading Mode: Multi-Threaded
[Licensing::Client] Successfully resolved entitlement details
Refreshing native plugins compatible for Editor in 2.08 ms, found 0 plugins.
Preloading 0 native plugins for Editor in 0.00 ms.
Initialize engine version: 6000.3.13f1 (8c4f11e4fb20)
[Subsystems] Discovering subsystems at path C:/Program Files/Unity/Hub/Editor/6000.3.13f1/Editor/Data/Resources/UnitySubsystems
[Subsystems] Discovering subsystems at path C:/Users/user/Desktop/KYO/KYO_GitRepos/PhysicsPuzzleSolver/Assets
Forcing GfxDevice: Null
GfxDevice: creating device client; kGfxThreadingModeNonThreaded
NullGfxDevice:
    Version:  NULL 1.0 [1.0]
    Renderer: Null Device
    Vendor:   Unity Technologies
Initialize mono
Mono path[0] = 'C:/Program Files/Unity/Hub/Editor/6000.3.13f1/Editor/Data/Managed'
Mono path[1] = 'C:/Program Files/Unity/Hub/Editor/6000.3.13f1/Editor/Data/MonoBleedingEdge/lib/mono/unityjit-win32'
Mono config path = 'C:/Program Files/Unity/Hub/Editor/6000.3.13f1/Editor/Data/MonoBleedingEdge/etc'
Using monoOptions --debugger-agent=transport=dt_socket,embedding=1,server=y,suspend=n,address=127.0.0.1:56716
Using cacheserver namespaces - metadata:defaultmetadata, artifacts:defaultartifacts
Using cacheserver namespaces - metadata:defaultmetadata, artifacts:defaultartifacts
ImportWorker Server TCP listen port: 0
AcceleratorClientConnectionCallback - disconnected - :0
Begin MonoManager ReloadAssembly
Registering precompiled unity dll's ...
Register platform support module: C:/Program Files/Unity/Hub/Editor/6000.3.13f1/Editor/Data/PlaybackEngines/WebGLSupport/UnityEditor.WebGL.Extensions.dll
Register platform support module: C:/Program Files/Unity/Hub/Editor/6000.3.13f1/Editor/Data/PlaybackEngines/WindowsStandaloneSupport/UnityEditor.WindowsStandalone.Extensions.dll
Register platform support module: C:/Program Files/Unity/Hub/Editor/6000.3.13f1/Editor/Data/PlaybackEngines/AndroidPlayer/UnityEditor.Android.Extensions.dll
Registered in 0.002720 seconds.
- Loaded All Assemblies, in  0.376 seconds
Native extension for Android target not found
Native extension for WindowsStandalone target not found
Native extension for WebGL target not found
Package Manager log level set to [2]
ScheduleIndexationOnStartup MainProcess:False IndexOnStartup:True
Mono: successfully reloaded assembly
- Finished resetting the current domain, in  0.385 seconds
Domain Reload Profiling: 759ms
	BeginReloadAssembly (127ms)
		ExecutionOrderSort (0ms)
		DisableScriptedObjects (0ms)
		BackupInstance (0ms)
		ReleaseScriptingObjects (0ms)
		CreateAndSetChildDomain (3ms)
	RebuildCommonClasses (32ms)
	RebuildNativeTypeToScriptingClass (11ms)
	initialDomainReloadingComplete (45ms)
	LoadAllAssembliesAndSetupDomain (159ms)
		LoadAssemblies (123ms)
		RebuildTransferFunctionScriptingTraits (0ms)
		AnalyzeDomain (155ms)
			TypeCache.Refresh (153ms)
				TypeCache.ScanAssembly (141ms)
			BuildScriptInfoCaches (0ms)
			ResolveRequiredComponents (0ms)
	FinalizeReload (385ms)
		ReleaseScriptCaches (0ms)
		RebuildScriptCaches (0ms)
		SetupLoadedEditorAssemblies (346ms)
			LogAssemblyErrors (0ms)
			InitializePlatformSupportModulesInManaged (59ms)
			SetLoadedEditorAssemblies (4ms)
			BeforeProcessingInitializeOnLoad (74ms)
			ProcessInitializeOnLoadAttributes (131ms)
			ProcessInitializeOnLoadMethodAttributes (79ms)
			AfterProcessingInitializeOnLoad (0ms)
			EditorAssembliesLoaded (0ms)
		ExecutionOrderSort2 (0ms)
		AwakeInstancesAfterBackupRestoration (0ms)
[Licensing::Client] Successfully resolved entitlement details
[Licensing::Client] Successfully resolved entitlement details
Application.AssetDatabase Initial Refresh Start
[Package Manager] Restoring resolved packages state from cache
[Licensing::Client] Successfully resolved entitlement details
[Package Manager] Registered 65 packages:
  Packages from [https://packages.unity.com]:
    com.unity.addressables@2.9.1 (location: C:\Users\user\Desktop\KYO\KYO_GitRepos\PhysicsPuzzleSolver\Library\PackageCache\com.unity.addressables@8460f1c9c927)
    com.unity.ai.navigation@2.0.12 (location: C:\Users\user\Desktop\KYO\KYO_GitRepos\PhysicsPuzzleSolver\Library\PackageCache\com.unity.ai.navigation@734c2c4c5591)
    com.unity.collab-proxy@2.12.4 (location: C:\Users\user\Desktop\KYO\KYO_GitRepos\PhysicsPuzzleSolver\Library\PackageCache\com.unity.collab-proxy@0b1559bcd34e)
    com.unity.ide.rider@3.0.39 (location: C:\Users\user\Desktop\KYO\KYO_GitRepos\PhysicsPuzzleSolver\Library\PackageCache\com.unity.ide.rider@4504839d03f7)
    com.unity.ide.visualstudio@2.0.26 (location: C:\Users\user\Desktop\KYO\KYO_GitRepos\PhysicsPuzzleSolver\Library\PackageCache\com.unity.ide.visualstudio@a99d56dec63f)
    com.unity.inputsystem@1.19.0 (location: C:\Users\user\Desktop\KYO\KYO_GitRepos\PhysicsPuzzleSolver\Library\PackageCache\com.unity.inputsystem@21a28c3a6c83)
    com.unity.timeline@1.8.12 (location: C:\Users\user\Desktop\KYO\KYO_GitRepos\PhysicsPuzzleSolver\Library\PackageCache\com.unity.timeline@8cd8509afae5)
    com.unity.visualscripting@1.9.11 (location: C:\Users\user\Desktop\KYO\KYO_GitRepos\PhysicsPuzzleSolver\Library\PackageCache\com.unity.visualscripting@8bed5ad90189)
    com.unity.profiling.core@1.0.3 (location: C:\Users\user\Desktop\KYO\KYO_GitRepos\PhysicsPuzzleSolver\Library\PackageCache\com.unity.profiling.core@8a49f7027d06)
    com.unity.scriptablebuildpipeline@2.6.1 (location: C:\Users\user\Desktop\KYO\KYO_GitRepos\PhysicsPuzzleSolver\Library\PackageCache\com.unity.scriptablebuildpipeline@36e3b5898ee2)
    com.unity.searcher@4.9.4 (location: C:\Users\user\Desktop\KYO\KYO_GitRepos\PhysicsPuzzleSolver\Library\PackageCache\com.unity.searcher@d45a78918735)
    com.unity.burst@1.8.29 (location: C:\Users\user\Desktop\KYO\KYO_GitRepos\PhysicsPuzzleSolver\Library\PackageCache\com.unity.burst@6bb9aca3ef38)
    com.unity.mathematics@1.3.3 (location: C:\Users\user\Desktop\KYO\KYO_GitRepos\PhysicsPuzzleSolver\Library\PackageCache\com.unity.mathematics@19a9377c4ffa)
    com.unity.collections@2.6.5 (location: C:\Users\user\Desktop\KYO\KYO_GitRepos\PhysicsPuzzleSolver\Library\PackageCache\com.unity.collections@12999e356c23)
    com.unity.nuget.mono-cecil@1.11.6 (location: C:\Users\user\Desktop\KYO\KYO_GitRepos\PhysicsPuzzleSolver\Library\PackageCache\com.unity.nuget.mono-cecil@ecb9724e46ff)
    com.unity.test-framework.performance@3.4.0 (location: C:\Users\user\Desktop\KYO\KYO_GitRepos\PhysicsPuzzleSolver\Library\PackageCache\com.unity.test-framework.performance@aa81a99c4a75)
  Built-in packages:
    com.unity.2d.sprite@1.0.0 (location: C:\Users\user\Desktop\KYO\KYO_GitRepos\PhysicsPuzzleSolver\Library\PackageCache\com.unity.2d.sprite@d14b9d497a24)
    com.unity.multiplayer.center@1.0.1 (location: C:\Users\user\Desktop\KYO\KYO_GitRepos\PhysicsPuzzleSolver\Library\PackageCache\com.unity.multiplayer.center@f01f4ba8d00a)
    com.unity.render-pipelines.universal@17.3.0 (location: C:\Users\user\Desktop\KYO\KYO_GitRepos\PhysicsPuzzleSolver\Library\PackageCache\com.unity.render-pipelines.universal@d00cd191b3cc)
    com.unity.test-framework@1.6.0 (location: C:\Users\user\Desktop\KYO\KYO_GitRepos\PhysicsPuzzleSolver\Library\PackageCache\com.unity.test-framework@aebcb98460c6)
    com.unity.ugui@2.0.0 (location: C:\Users\user\Desktop\KYO\KYO_GitRepos\PhysicsPuzzleSolver\Library\PackageCache\com.unity.ugui@8ccc29d23a79)
    com.unity.modules.accessibility@1.0.0 (location: C:\Users\user\Desktop\KYO\KYO_GitRepos\PhysicsPuzzleSolver\Library\PackageCache\com.unity.modules.accessibility)
    com.unity.modules.adaptiveperformance@1.0.0 (location: C:\Users\user\Desktop\KYO\KYO_GitRepos\PhysicsPuzzleSolver\Library\PackageCache\com.unity.modules.adaptiveperformance)
    com.unity.modules.ai@1.0.0 (location: C:\Users\user\Desktop\KYO\KYO_GitRepos\PhysicsPuzzleSolver\Library\PackageCache\com.unity.modules.ai)
    com.unity.modules.androidjni@1.0.0 (location: C:\Users\user\Desktop\KYO\KYO_GitRepos\PhysicsPuzzleSolver\Library\PackageCache\com.unity.modules.androidjni)
    com.unity.modules.animation@1.0.0 (location: C:\Users\user\Desktop\KYO\KYO_GitRepos\PhysicsPuzzleSolver\Library\PackageCache\com.unity.modules.animation)
    com.unity.modules.assetbundle@1.0.0 (location: C:\Users\user\Desktop\KYO\KYO_GitRepos\PhysicsPuzzleSolver\Library\PackageCache\com.unity.modules.assetbundle)
    com.unity.modules.audio@1.0.0 (location: C:\Users\user\Desktop\KYO\KYO_GitRepos\PhysicsPuzzleSolver\Library\PackageCache\com.unity.modules.audio)
    com.unity.modules.cloth@1.0.0 (location: C:\Users\user\Desktop\KYO\KYO_GitRepos\PhysicsPuzzleSolver\Library\PackageCache\com.unity.modules.cloth)
    com.unity.modules.director@1.0.0 (location: C:\Users\user\Desktop\KYO\KYO_GitRepos\PhysicsPuzzleSolver\Library\PackageCache\com.unity.modules.director)
    com.unity.modules.imageconversion@1.0.0 (location: C:\Users\user\Desktop\KYO\KYO_GitRepos\PhysicsPuzzleSolver\Library\PackageCache\com.unity.modules.imageconversion)
    com.unity.modules.imgui@1.0.0 (location: C:\Users\user\Desktop\KYO\KYO_GitRepos\PhysicsPuzzleSolver\Library\PackageCache\com.unity.modules.imgui)
    com.unity.modules.jsonserialize@1.0.0 (location: C:\Users\user\Desktop\KYO\KYO_GitRepos\PhysicsPuzzleSolver\Library\PackageCache\com.unity.modules.jsonserialize)
    com.unity.modules.particlesystem@1.0.0 (location: C:\Users\user\Desktop\KYO\KYO_GitRepos\PhysicsPuzzleSolver\Library\PackageCache\com.unity.modules.particlesystem)
    com.unity.modules.physics@1.0.0 (location: C:\Users\user\Desktop\KYO\KYO_GitRepos\PhysicsPuzzleSolver\Library\PackageCache\com.unity.modules.physics)
    com.unity.modules.physics2d@1.0.0 (location: C:\Users\user\Desktop\KYO\KYO_GitRepos\PhysicsPuzzleSolver\Library\PackageCache\com.unity.modules.physics2d)
    com.unity.modules.screencapture@1.0.0 (location: C:\Users\user\Desktop\KYO\KYO_GitRepos\PhysicsPuzzleSolver\Library\PackageCache\com.unity.modules.screencapture)
    com.unity.modules.terrain@1.0.0 (location: C:\Users\user\Desktop\KYO\KYO_GitRepos\PhysicsPuzzleSolver\Library\PackageCache\com.unity.modules.terrain)
    com.unity.modules.terrainphysics@1.0.0 (location: C:\Users\user\Desktop\KYO\KYO_GitRepos\PhysicsPuzzleSolver\Library\PackageCache\com.unity.modules.terrainphysics)
    com.unity.modules.tilemap@1.0.0 (location: C:\Users\user\Desktop\KYO\KYO_GitRepos\PhysicsPuzzleSolver\Library\PackageCache\com.unity.modules.tilemap)
    com.unity.modules.ui@1.0.0 (location: C:\Users\user\Desktop\KYO\KYO_GitRepos\PhysicsPuzzleSolver\Library\PackageCache\com.unity.modules.ui)
    com.unity.modules.uielements@1.0.0 (location: C:\Users\user\Desktop\KYO\KYO_GitRepos\PhysicsPuzzleSolver\Library\PackageCache\com.unity.modules.uielements)
    com.unity.modules.umbra@1.0.0 (location: C:\Users\user\Desktop\KYO\KYO_GitRepos\PhysicsPuzzleSolver\Library\PackageCache\com.unity.modules.umbra)
    com.unity.modules.unityanalytics@1.0.0 (location: C:\Users\user\Desktop\KYO\KYO_GitRepos\PhysicsPuzzleSolver\Library\PackageCache\com.unity.modules.unityanalytics)
    com.unity.modules.unitywebrequest@1.0.0 (location: C:\Users\user\Desktop\KYO\KYO_GitRepos\PhysicsPuzzleSolver\Library\PackageCache\com.unity.modules.unitywebrequest)
    com.unity.modules.unitywebrequestassetbundle@1.0.0 (location: C:\Users\user\Desktop\KYO\KYO_GitRepos\PhysicsPuzzleSolver\Library\PackageCache\com.unity.modules.unitywebrequestassetbundle)
    com.unity.modules.unitywebrequestaudio@1.0.0 (location: C:\Users\user\Desktop\KYO\KYO_GitRepos\PhysicsPuzzleSolver\Library\PackageCache\com.unity.modules.unitywebrequestaudio)
    com.unity.modules.unitywebrequesttexture@1.0.0 (location: C:\Users\user\Desktop\KYO\KYO_GitRepos\PhysicsPuzzleSolver\Library\PackageCache\com.unity.modules.unitywebrequesttexture)
    com.unity.modules.unitywebrequestwww@1.0.0 (location: C:\Users\user\Desktop\KYO\KYO_GitRepos\PhysicsPuzzleSolver\Library\PackageCache\com.unity.modules.unitywebrequestwww)
    com.unity.modules.vectorgraphics@1.0.0 (location: C:\Users\user\Desktop\KYO\KYO_GitRepos\PhysicsPuzzleSolver\Library\PackageCache\com.unity.modules.vectorgraphics)
    com.unity.modules.vehicles@1.0.0 (location: C:\Users\user\Desktop\KYO\KYO_GitRepos\PhysicsPuzzleSolver\Library\PackageCache\com.unity.modules.vehicles)
    com.unity.modules.video@1.0.0 (location: C:\Users\user\Desktop\KYO\KYO_GitRepos\PhysicsPuzzleSolver\Library\PackageCache\com.unity.modules.video)
    com.unity.modules.vr@1.0.0 (location: C:\Users\user\Desktop\KYO\KYO_GitRepos\PhysicsPuzzleSolver\Library\PackageCache\com.unity.modules.vr)
    com.unity.modules.wind@1.0.0 (location: C:\Users\user\Desktop\KYO\KYO_GitRepos\PhysicsPuzzleSolver\Library\PackageCache\com.unity.modules.wind)
    com.unity.modules.xr@1.0.0 (location: C:\Users\user\Desktop\KYO\KYO_GitRepos\PhysicsPuzzleSolver\Library\PackageCache\com.unity.modules.xr)
    com.unity.modules.subsystems@1.0.0 (location: C:\Users\user\Desktop\KYO\KYO_GitRepos\PhysicsPuzzleSolver\Library\PackageCache\com.unity.modules.subsystems)
    com.unity.modules.hierarchycore@1.0.0 (location: C:\Users\user\Desktop\KYO\KYO_GitRepos\PhysicsPuzzleSolver\Library\PackageCache\com.unity.modules.hierarchycore)
    com.unity.ext.nunit@2.0.5 (location: C:\Users\user\Desktop\KYO\KYO_GitRepos\PhysicsPuzzleSolver\Library\PackageCache\com.unity.ext.nunit@d8c07649098d)
    com.unity.render-pipelines.core@17.3.0 (location: C:\Users\user\Desktop\KYO\KYO_GitRepos\PhysicsPuzzleSolver\Library\PackageCache\com.unity.render-pipelines.core@beca2a4be9a2)
    com.unity.shadergraph@17.3.0 (location: C:\Users\user\Desktop\KYO\KYO_GitRepos\PhysicsPuzzleSolver\Library\PackageCache\com.unity.shadergraph@8453f937f03b)
    com.unity.render-pipelines.universal-config@17.0.3 (location: C:\Users\user\Desktop\KYO\KYO_GitRepos\PhysicsPuzzleSolver\Library\PackageCache\com.unity.render-pipelines.universal-config@8dc1aab4af1d)
  Local Tarball packages:
    com.google.external-dependency-manager@file:C:\Users\user\Desktop\KYO\KYO_GitRepos\PhysicsPuzzleSolver\GooglePackages\com.google.external-dependency-manager-1.2.186.tgz (location: C:\Users\user\Desktop\KYO\KYO_GitRepos\PhysicsPuzzleSolver\Library\PackageCache\com.google.external-dependency-manager@f377d09ccd8e)
    com.google.firebase.app@file:C:\Users\user\Desktop\KYO\KYO_GitRepos\PhysicsPuzzleSolver\GooglePackages\com.google.firebase.app-13.15.0.tgz (location: C:\Users\user\Desktop\KYO\KYO_GitRepos\PhysicsPuzzleSolver\Library\PackageCache\com.google.firebase.app@f37c8a4637b5)
    com.google.firebase.auth@file:C:\Users\user\Desktop\KYO\KYO_GitRepos\PhysicsPuzzleSolver\GooglePackages\com.google.firebase.auth-13.15.0.tgz (location: C:\Users\user\Desktop\KYO\KYO_GitRepos\PhysicsPuzzleSolver\Library\PackageCache\com.google.firebase.auth@8b3ec30d049e)
    com.google.firebase.firestore@file:C:\Users\user\Desktop\KYO\KYO_GitRepos\PhysicsPuzzleSolver\GooglePackages\com.google.firebase.firestore-13.15.0.tgz (location: C:\Users\user\Desktop\KYO\KYO_GitRepos\PhysicsPuzzleSolver\Library\PackageCache\com.google.firebase.firestore@7abed12b4f31)
[Subsystems] No new subsystems found in resolved package list.
[Package Manager] Done registering packages in 0.02 seconds
Starting: C:\Program Files\Unity\Hub\Editor\6000.3.13f1\Editor\Data\Tools\BuildPipeline\bee_backend.exe --ipc --defer-dag-verification --dagfile="Library/Bee/1300b0aE.dag" --continue-on-failure --profile="Library/Bee/backend1.traceevents" ScriptAssemblies
WorkingDir: C:/Users/user/Desktop/KYO/KYO_GitRepos/PhysicsPuzzleSolver
DisplayProgressbar: Compiling Scripts
ExitCode: 0 Duration: 0s308ms
[ 933/1219  0s] ILPP-Configuration Library/ilpp-configuration.nevergeneratedoutput
*** Tundra build success (0.28 seconds), 1 items updated, 1219 evaluated
AssetDatabase: script compilation time: 0.699781s
Begin MonoManager ReloadAssembly
- Loaded All Assemblies, in  1.068 seconds
Refreshing native plugins compatible for Editor in 6.04 ms, found 7 plugins.
Native extension for Android target not found
Native extension for WindowsStandalone target not found
Native extension for WebGL target not found
Refreshing native plugins compatible for Editor in 4.55 ms, found 7 plugins.
Generated Firebase Android Resources file Assets\Plugins\Android\FirebaseApp.androidlib\res\values\google-services.xml from C:/Users/user/Desktop/KYO/KYO_GitRepos/PhysicsPuzzleSolver/Assets\..\Assets/google-services.json
	
Executed "C:\Users\user\Desktop\KYO\KYO_GitRepos\PhysicsPuzzleSolver\Library\PackageCache\com.google.firebase.app@f37c8a4637b5\Firebase\Editor\generate_xml_from_google_services_json.exe" -i "C:/Users/user/Desktop/KYO/KYO_GitRepos/PhysicsPuzzleSolver/Assets\..\Assets/google-services.json" -o "C:/Users/user/Desktop/KYO/KYO_GitRepos/PhysicsPuzzleSolver/Assets\..\Assets\Plugins\Android\FirebaseApp.androidlib\res\values\google-services.xml" -p "com.Supersolver.YummyDrawer"
UnityEngine.Debug:ExtractStackTraceNoAlloc (byte*,int,string)
UnityEngine.StackTraceUtility:ExtractStackTrace ()
UnityEngine.DebugLogHandler:Internal_Log (UnityEngine.LogType,UnityEngine.LogOption,string,UnityEngine.Object)
UnityEngine.DebugLogHandler:LogFormat (UnityEngine.LogType,UnityEngine.Object,string,object[])
UnityEngine.Logger:Log (UnityEngine.LogType,object)
UnityEngine.Debug:Log (object)
Firebase.Editor.GenerateXmlFromGoogleServicesJson:RunResourceGenerator (System.Collections.Generic.IEnumerable`1<string>,string,bool) (at /Users/runner/work/firebase-unity-sdk/firebase-unity-sdk/editor/app/src/GenerateXmlFromGoogleServicesJson.cs:538)
Firebase.Editor.GenerateXmlFromGoogleServicesJson:GenerateXmlResources (string,bool) (at /Users/runner/work/firebase-unity-sdk/firebase-unity-sdk/editor/app/src/GenerateXmlFromGoogleServicesJson.cs:588)
Firebase.Editor.GenerateXmlFromGoogleServicesJson:UpdateJson (bool,Firebase.Editor.GenerateXmlFromGoogleServicesJson/LogMessage,Firebase.Editor.GenerateXmlFromGoogleServicesJson/LogMessage) (at /Users/runner/work/firebase-unity-sdk/firebase-unity-sdk/editor/app/src/GenerateXmlFromGoogleServicesJson.cs:165)
Firebase.Editor.GenerateXmlFromGoogleServicesJson:UpdateJsonWithBundleIdChooserDialog (string,bool) (at /Users/runner/work/firebase-unity-sdk/firebase-unity-sdk/editor/app/src/GenerateXmlFromGoogleServicesJson.cs:481)
Firebase.Editor.GenerateXmlFromGoogleServicesJson:CheckConfiguration () (at /Users/runner/work/firebase-unity-sdk/firebase-unity-sdk/editor/app/src/GenerateXmlFromGoogleServicesJson.cs:254)
Firebase.Editor.GenerateXmlFromGoogleServicesJson/<>c:<.cctor>b__15_1 () (at /Users/runner/work/firebase-unity-sdk/firebase-unity-sdk/editor/app/src/GenerateXmlFromGoogleServicesJson.cs:103)
Google.EditorInitializer/<>c__DisplayClass0_0:<InitializeOnMainThread>b__0 () (at /Users/amaurice/Documents/GitHub/unity-jar-resolver/source/VersionHandlerImpl/src/EditorInitializer.cs:60)
Google.RunOnMainThread:ExecutePollingJobs () (at /Users/amaurice/Documents/GitHub/unity-jar-resolver/source/VersionHandlerImpl/src/RunOnMainThread.cs:409)
Google.RunOnMainThread/<>c:<ExecuteAllUnnested>b__28_0 () (at /Users/amaurice/Documents/GitHub/unity-jar-resolver/source/VersionHandlerImpl/src/RunOnMainThread.cs:541)
Google.RunOnMainThread:RunAction (System.Action) (at /Users/amaurice/Documents/GitHub/unity-jar-resolver/source/VersionHandlerImpl/src/RunOnMainThread.cs:343)
Google.RunOnMainThread:ExecuteAllUnnested (bool) (at /Users/amaurice/Documents/GitHub/unity-jar-resolver/source/VersionHandlerImpl/src/RunOnMainThread.cs:530)
Google.RunOnMainThread/<>c:<PollOnUpdateUntilComplete>b__20_0 () (at /Users/amaurice/Documents/GitHub/unity-jar-resolver/source/VersionHandlerImpl/src/RunOnMainThread.cs:365)
Google.RunOnMainThread:RunAction (System.Action) (at /Users/amaurice/Documents/GitHub/unity-jar-resolver/source/VersionHandlerImpl/src/RunOnMainThread.cs:343)
Google.RunOnMainThread:PollOnUpdateUntilComplete (System.Func`1<bool>,bool) (at /Users/amaurice/Documents/GitHub/unity-jar-resolver/source/VersionHandlerImpl/src/RunOnMainThread.cs:363)
Google.EditorInitializer:InitializeOnMainThread (System.Func`1<bool>,System.Func`1<bool>,string,Google.Logger) (at /Users/amaurice/Documents/GitHub/unity-jar-resolver/source/VersionHandlerImpl/src/EditorInitializer.cs:48)
Firebase.Editor.GenerateXmlFromGoogleServicesJson:.cctor () (at /Users/runner/work/firebase-unity-sdk/firebase-unity-sdk/editor/app/src/GenerateXmlFromGoogleServicesJson.cs:98)
System.Runtime.CompilerServices.RuntimeHelpers:RunClassConstructor (System.RuntimeTypeHandle)
UnityEditor.EditorAssemblies:ProcessInitializeOnLoadAttributes (System.Type[])

(Filename: /Users/runner/work/firebase-unity-sdk/firebase-unity-sdk/editor/app/src/GenerateXmlFromGoogleServicesJson.cs Line: 538)

Mono: successfully reloaded assembly
- Finished resetting the current domain, in  3.896 seconds
Domain Reload Profiling: 4959ms
	BeginReloadAssembly (295ms)
		ExecutionOrderSort (0ms)
		DisableScriptedObjects (28ms)
		BackupInstance (0ms)
		ReleaseScriptingObjects (0ms)
		CreateAndSetChildDomain (140ms)
	RebuildCommonClasses (34ms)
	RebuildNativeTypeToScriptingClass (11ms)
	initialDomainReloadingComplete (32ms)
	LoadAllAssembliesAndSetupDomain (688ms)
		LoadAssemblies (451ms)
		RebuildTransferFunctionScriptingTraits (0ms)
		AnalyzeDomain (332ms)
			TypeCache.Refresh (222ms)
				TypeCache.ScanAssembly (208ms)
			BuildScriptInfoCaches (91ms)
			ResolveRequiredComponents (12ms)
	FinalizeReload (3897ms)
		ReleaseScriptCaches (0ms)
		RebuildScriptCaches (0ms)
		SetupLoadedEditorAssemblies (3540ms)
			LogAssemblyErrors (0ms)
			InitializePlatformSupportModulesInManaged (34ms)
			SetLoadedEditorAssemblies (5ms)
			BeforeProcessingInitializeOnLoad (169ms)
			ProcessInitializeOnLoadAttributes (3183ms)
			ProcessInitializeOnLoadMethodAttributes (143ms)
			AfterProcessingInitializeOnLoad (6ms)
			EditorAssembliesLoaded (1ms)
		ExecutionOrderSort2 (0ms)
		AwakeInstancesAfterBackupRestoration (32ms)
Asset Pipeline Refresh (id=58465e47f0eb8f842b03005233ac905e): Total: 6.541 seconds - Initiated by InitialRefreshV2(ForceSynchronousImport)
	Summary:
		Imports: total=0 (actual=0, local cache=0, cache server=0)
		Asset DB Process Time: managed=0 ms, native=4622 ms
		Asset DB Callback time: managed=27 ms, native=54 ms
		Scripting: domain reloads=1, domain reload time=1068 ms, compile time=701 ms, other=67 ms
		Project Asset Count: scripts=1751, non-scripts=6951
		Asset File Changes: new=0, changed=0, moved=0, deleted=0
		Scan Filter Count: 0
	InvokeCustomDependenciesCallbacks: 0.002ms
	InvokePackagesCallback: 198.910ms
	ApplyChangesToAssetFolders: 0.774ms
	Scan: 146.173ms
	OnSourceAssetsModified: 0.003ms
	CategorizeAssetsWithTransientArtifact: 68.724ms
	ProcessAssetsWithTransientArtifactChanges: 91.729ms
	CategorizeAssets: 93.967ms
	ImportOutOfDateAssets: 3917.505ms (3212.268ms without children)
		CompileScripts: 701.345ms
		ReloadNativeAssets: 0.065ms
		UnloadImportedAssets: 1.987ms
		EnsureUptoDateAssetsAreRegisteredWithGuidPM: 1.336ms
		InitializingProgressBar: 0.001ms
		PostProcessAllAssetNotificationsAddChangedAssets: 0.000ms
		OnDemandSchedulerStart: 0.503ms
	PostProcessAllAssets: 27.752ms
	GatherAllCurrentPrimaryArtifactRevisions: 0.002ms
	UnloadStreamsBegin: 2.489ms
	PersistCurrentRevisions: 0.230ms
	UnloadStreamsEnd: 0.001ms
	GenerateScriptTypeHashes: 3.582ms
	Untracked: 1993.114ms

Application.AssetDatabase Initial Refresh End
Scanning for USB devices : 40.706ms
Initializing Unity extensions:
Unloading 19 Unused Serialized files (Serialized files now loaded: 0)
Unloading 7695 unused Assets / (3.7 MB). Loaded Objects now: 8512.
Memory consumption went from 209.8 MB to 206.1 MB.
Total: 11.229800 ms (FindLiveObjects: 0.807200 ms CreateObjectMapping: 0.917900 ms MarkObjects: 7.053200 ms  DeleteObjects: 2.451000 ms)

Unloading 2 Unused Serialized files (Serialized files now loaded: 0)
Unloading 1 unused Assets / (4.9 KB). Loaded Objects now: 8514.
Memory consumption went from 197.4 MB to 197.4 MB.
Total: 6.888500 ms (FindLiveObjects: 0.350200 ms CreateObjectMapping: 0.214100 ms MarkObjects: 6.302900 ms  DeleteObjects: 0.020500 ms)

Microsoft Media Foundation video decoding to texture disabled: graphics device is Null, only Direct3D 11 and Direct3D 12 (only on desktop) are supported for hardware-accelerated video decoding.
[Project] Loading completed in 12.086 seconds
	Project init time: 				10.378 seconds
		Template init time: 		0.000 seconds
		Package Manager init time: 		1.989 seconds
		Asset Database init time: 		0.282 seconds
		Global illumination init time: 	0.003 seconds
		Assemblies load time: 			0.781 seconds
		Unity extensions init time: 	0.012 seconds
		Asset Database refresh time: 	6.542 seconds
	Scene opening time: 			1.605 seconds
##utp:{"type":"ProjectInfo","version":2,"phase":"Immediate","time":1789707303082,"processId":17716,"projectLoad":12.086292100000002,"projectInit":10.3781355,"templateInit":0.0,"packageManagerInit":1.9885296,"assetDatabaseInit":0.2815419,"globalIlluminationInit":0.0026436,"assembliesLoad":0.7814962,"unityExtensionsInit":0.0124527,"assetDatabaseRefresh":6.5415116,"sceneOpening":1.6047146}
##utp:{"type":"EditorInfo","version":2,"phase":"Immediate","time":1789707303082,"processId":17716,"editorVersion":"6000.3.13f1 (8c4f11e4fb20)","branch":"6000.3/staging","buildType":"Release","platform":"Windows"}
Reloading assemblies for play mode.
Reloading assemblies after forced synchronous recompile.
Begin MonoManager ReloadAssembly
- Loaded All Assemblies, in  0.926 seconds
Refreshing native plugins compatible for Editor in 4.42 ms, found 7 plugins.
Native extension for Android target not found
Native extension for WindowsStandalone target not found
Native extension for WebGL target not found
ScheduleIndexationOnStartup MainProcess:True IndexOnStartup:True
Mono: successfully reloaded assembly
- Finished resetting the current domain, in  1.175 seconds
Domain Reload Profiling: 2098ms
	BeginReloadAssembly (542ms)
		ExecutionOrderSort (0ms)
		DisableScriptedObjects (22ms)
		BackupInstance (0ms)
		ReleaseScriptingObjects (0ms)
		CreateAndSetChildDomain (394ms)
	RebuildCommonClasses (32ms)
	RebuildNativeTypeToScriptingClass (14ms)
	initialDomainReloadingComplete (41ms)
	LoadAllAssembliesAndSetupDomain (294ms)
		LoadAssemblies (166ms)
		RebuildTransferFunctionScriptingTraits (0ms)
		AnalyzeDomain (215ms)
			TypeCache.Refresh (9ms)
				TypeCache.ScanAssembly (0ms)
			BuildScriptInfoCaches (189ms)
			ResolveRequiredComponents (13ms)
	FinalizeReload (1176ms)
		ReleaseScriptCaches (0ms)
		RebuildScriptCaches (0ms)
		SetupLoadedEditorAssemblies (911ms)
			LogAssemblyErrors (0ms)
			InitializePlatformSupportModulesInManaged (36ms)
			SetLoadedEditorAssemblies (4ms)
			BeforeProcessingInitializeOnLoad (165ms)
			ProcessInitializeOnLoadAttributes (626ms)
			ProcessInitializeOnLoadMethodAttributes (74ms)
			AfterProcessingInitializeOnLoad (5ms)
			EditorAssembliesLoaded (0ms)
		ExecutionOrderSort2 (0ms)
		AwakeInstancesAfterBackupRestoration (25ms)
Asset Pipeline Refresh (id=255d735cff941ed42aa9e33437554c7c): Total: 2.425 seconds - Initiated by StopAssetImportingV2(ForceSynchronousImport | ForceDomainReload)
	Summary:
		Imports: total=0 (actual=0, local cache=0, cache server=0)
		Asset DB Process Time: managed=0 ms, native=1425 ms
		Asset DB Callback time: managed=25 ms, native=26 ms
		Scripting: domain reloads=1, domain reload time=946 ms, compile time=1 ms, other=0 ms
		Project Asset Count: scripts=1751, non-scripts=6951
		Asset File Changes: new=0, changed=0, moved=0, deleted=0
		Scan Filter Count: 0
	InvokeCustomDependenciesCallbacks: 0.001ms
	InvokePackagesCallback: 133.344ms
	ApplyChangesToAssetFolders: 0.396ms
	Scan: 0.001ms
	OnSourceAssetsModified: 0.002ms
	CategorizeAssetsWithTransientArtifact: 0.003ms
	ProcessAssetsWithTransientArtifactChanges: 5.559ms
	CategorizeAssets: 84.118ms
	ImportOutOfDateAssets: 1193.806ms (1187.719ms without children)
		CompileScripts: 1.344ms
		CollectScriptTypesHashes: 1.810ms
		ReloadNativeAssets: 1.245ms
		UnloadImportedAssets: 0.413ms
		EnsureUptoDateAssetsAreRegisteredWithGuidPM: 0.915ms
		InitializingProgressBar: 0.000ms
		PostProcessAllAssetNotificationsAddChangedAssets: 0.000ms
		OnDemandSchedulerStart: 0.360ms
	PostProcessAllAssets: 25.308ms
	GatherAllCurrentPrimaryArtifactRevisions: 0.319ms
	UnloadStreamsBegin: 0.054ms
	PersistCurrentRevisions: 0.199ms
	UnloadStreamsEnd: 0.001ms
	GenerateScriptTypeHashes: 5.822ms
	Untracked: 981.771ms

Loaded scene 'Temp/__Backupscenes/0.backup'
	Deserialize:            0.287 ms
	Integration:            372.725 ms
	Integration of assets:  0.001 ms
	Thread Wait Time:       0.006 ms
	Total Operation Time:   373.019 ms
[MODES] ModeService[none].Initialize
[MODES] ModeService[none].LoadModes
[SolverBatch] 레벨 22개, 프리셋 532개 — C:\Users\user\Desktop\KYO\KYO_GitRepos\PhysicsPuzzleSolver\SolverReports\json\All.json
UnityEngine.Debug:ExtractStackTraceNoAlloc (byte*,int,string)
UnityEngine.StackTraceUtility:ExtractStackTrace ()
UnityEngine.DebugLogHandler:Internal_Log (UnityEngine.LogType,UnityEngine.LogOption,string,UnityEngine.Object)
UnityEngine.DebugLogHandler:LogFormat (UnityEngine.LogType,UnityEngine.Object,string,object[])
UnityEngine.Logger:Log (UnityEngine.LogType,object)
UnityEngine.Debug:Log (object)
PPS.Solver.Batch.SolverBatch:Begin () (at Assets/_Project/Scripts/Solver/Batch/SolverBatch.cs:161)
PPS.Solver.Batch.SolverBatch:WaitForPlay () (at Assets/_Project/Scripts/Solver/Batch/SolverBatch.cs:96)
UnityEditor.EditorApplication:Internal_CallUpdateFunctions ()

(Filename: Assets/_Project/Scripts/Solver/Batch/SolverBatch.cs Line: 161)

Start Indexing on Editor startup
[Indexing] Starting Initial Indexing for Assets
Created GICache directory at C:/Users/user/AppData/LocalLow/Unity/Caches/GiCache. Took: 0.015s, timestamps: [14.936 - 14.951]
[Licensing::Client] Successfully resolved entitlement details
[Licensing::Client] Successfully resolved entitlement details
[SolverBatch] [1/22] L001_Ramp — Corridor 로 풀림 (5회 시도) (0.4초)
UnityEngine.Debug:ExtractStackTraceNoAlloc (byte*,int,string)
UnityEngine.StackTraceUtility:ExtractStackTrace ()
UnityEngine.DebugLogHandler:Internal_Log (UnityEngine.LogType,UnityEngine.LogOption,string,UnityEngine.Object)
UnityEngine.DebugLogHandler:LogFormat (UnityEngine.LogType,UnityEngine.Object,string,object[])
UnityEngine.Logger:Log (UnityEngine.LogType,object)
UnityEngine.Debug:Log (object)
PPS.Solver.Batch.SolverBatch:FinishStage () (at Assets/_Project/Scripts/Solver/Batch/SolverBatch.cs:273)
PPS.Solver.Batch.SolverBatch:Tick () (at Assets/_Project/Scripts/Solver/Batch/SolverBatch.cs:214)
UnityEditor.EditorApplication:Internal_CallUpdateFunctions ()

(Filename: Assets/_Project/Scripts/Solver/Batch/SolverBatch.cs Line: 273)

[SolverBatch] S000 — 46%  283판 굴림
UnityEngine.Debug:ExtractStackTraceNoAlloc (byte*,int,string)
UnityEngine.StackTraceUtility:ExtractStackTrace ()
UnityEngine.DebugLogHandler:Internal_Log (UnityEngine.LogType,UnityEngine.LogOption,string,UnityEngine.Object)
UnityEngine.DebugLogHandler:LogFormat (UnityEngine.LogType,UnityEngine.Object,string,object[])
UnityEngine.Logger:Log (UnityEngine.LogType,object)
UnityEngine.Debug:Log (object)
PPS.Solver.Batch.SolverBatch:Progress () (at Assets/_Project/Scripts/Solver/Batch/SolverBatch.cs:193)
PPS.Solver.Batch.SolverBatch:Tick () (at Assets/_Project/Scripts/Solver/Batch/SolverBatch.cs:210)
UnityEditor.EditorApplication:Internal_CallUpdateFunctions ()

(Filename: Assets/_Project/Scripts/Solver/Batch/SolverBatch.cs Line: 193)

[SolverBatch] S000 — 55%  472판 굴림
UnityEngine.Debug:ExtractStackTraceNoAlloc (byte*,int,string)
UnityEngine.StackTraceUtility:ExtractStackTrace ()
UnityEngine.DebugLogHandler:Internal_Log (UnityEngine.LogType,UnityEngine.LogOption,string,UnityEngine.Object)
UnityEngine.DebugLogHandler:LogFormat (UnityEngine.LogType,UnityEngine.Object,string,object[])
UnityEngine.Logger:Log (UnityEngine.LogType,object)
UnityEngine.Debug:Log (object)
PPS.Solver.Batch.SolverBatch:Progress () (at Assets/_Project/Scripts/Solver/Batch/SolverBatch.cs:193)
PPS.Solver.Batch.SolverBatch:Tick () (at Assets/_Project/Scripts/Solver/Batch/SolverBatch.cs:210)
UnityEditor.EditorApplication:Internal_CallUpdateFunctions ()

(Filename: Assets/_Project/Scripts/Solver/Batch/SolverBatch.cs Line: 193)

[SolverBatch] S000 — 60%  588판 굴림
UnityEngine.Debug:ExtractStackTraceNoAlloc (byte*,int,string)
UnityEngine.StackTraceUtility:ExtractStackTrace ()
UnityEngine.DebugLogHandler:Internal_Log (UnityEngine.LogType,UnityEngine.LogOption,string,UnityEngine.Object)
UnityEngine.DebugLogHandler:LogFormat (UnityEngine.LogType,UnityEngine.Object,string,object[])
UnityEngine.Logger:Log (UnityEngine.LogType,object)
UnityEngine.Debug:Log (object)
PPS.Solver.Batch.SolverBatch:Progress () (at Assets/_Project/Scripts/Solver/Batch/SolverBatch.cs:193)
PPS.Solver.Batch.SolverBatch:Tick () (at Assets/_Project/Scripts/Solver/Batch/SolverBatch.cs:210)
UnityEditor.EditorApplication:Internal_CallUpdateFunctions ()

(Filename: Assets/_Project/Scripts/Solver/Batch/SolverBatch.cs Line: 193)

[SolverBatch] S000 — 65%  701판 굴림
UnityEngine.Debug:ExtractStackTraceNoAlloc (byte*,int,string)
UnityEngine.StackTraceUtility:ExtractStackTrace ()
UnityEngine.DebugLogHandler:Internal_Log (UnityEngine.LogType,UnityEngine.LogOption,string,UnityEngine.Object)
UnityEngine.DebugLogHandler:LogFormat (UnityEngine.LogType,UnityEngine.Object,string,object[])
UnityEngine.Logger:Log (UnityEngine.LogType,object)
UnityEngine.Debug:Log (object)
PPS.Solver.Batch.SolverBatch:Progress () (at Assets/_Project/Scripts/Solver/Batch/SolverBatch.cs:193)
PPS.Solver.Batch.SolverBatch:Tick () (at Assets/_Project/Scripts/Solver/Batch/SolverBatch.cs:210)
UnityEditor.EditorApplication:Internal_CallUpdateFunctions ()

(Filename: Assets/_Project/Scripts/Solver/Batch/SolverBatch.cs Line: 193)

[SolverBatch] [2/22] S000 — Corridor 로 풀림 (805회 시도) (9.9초)
UnityEngine.Debug:ExtractStackTraceNoAlloc (byte*,int,string)
UnityEngine.StackTraceUtility:ExtractStackTrace ()
UnityEngine.DebugLogHandler:Internal_Log (UnityEngine.LogType,UnityEngine.LogOption,string,UnityEngine.Object)
UnityEngine.DebugLogHandler:LogFormat (UnityEngine.LogType,UnityEngine.Object,string,object[])
UnityEngine.Logger:Log (UnityEngine.LogType,object)
UnityEngine.Debug:Log (object)
PPS.Solver.Batch.SolverBatch:FinishStage () (at Assets/_Project/Scripts/Solver/Batch/SolverBatch.cs:273)
PPS.Solver.Batch.SolverBatch:Tick () (at Assets/_Project/Scripts/Solver/Batch/SolverBatch.cs:214)
UnityEditor.EditorApplication:Internal_CallUpdateFunctions ()

(Filename: Assets/_Project/Scripts/Solver/Batch/SolverBatch.cs Line: 273)

[SolverBatch] [3/22] Stage01 — Corridor 로 풀림 (202회 시도) (1.7초)
UnityEngine.Debug:ExtractStackTraceNoAlloc (byte*,int,string)
UnityEngine.StackTraceUtility:ExtractStackTrace ()
UnityEngine.DebugLogHandler:Internal_Log (UnityEngine.LogType,UnityEngine.LogOption,string,UnityEngine.Object)
UnityEngine.DebugLogHandler:LogFormat (UnityEngine.LogType,UnityEngine.Object,string,object[])
UnityEngine.Logger:Log (UnityEngine.LogType,object)
UnityEngine.Debug:Log (object)
PPS.Solver.Batch.SolverBatch:FinishStage () (at Assets/_Project/Scripts/Solver/Batch/SolverBatch.cs:273)
PPS.Solver.Batch.SolverBatch:Tick () (at Assets/_Project/Scripts/Solver/Batch/SolverBatch.cs:214)
UnityEditor.EditorApplication:Internal_CallUpdateFunctions ()

(Filename: Assets/_Project/Scripts/Solver/Batch/SolverBatch.cs Line: 273)

[SolverBatch] Stage02 — 46%  434판 굴림
UnityEngine.Debug:ExtractStackTraceNoAlloc (byte*,int,string)
UnityEngine.StackTraceUtility:ExtractStackTrace ()
UnityEngine.DebugLogHandler:Internal_Log (UnityEngine.LogType,UnityEngine.LogOption,string,UnityEngine.Object)
UnityEngine.DebugLogHandler:LogFormat (UnityEngine.LogType,UnityEngine.Object,string,object[])
UnityEngine.Logger:Log (UnityEngine.LogType,object)
UnityEngine.Debug:Log (object)
PPS.Solver.Batch.SolverBatch:Progress () (at Assets/_Project/Scripts/Solver/Batch/SolverBatch.cs:193)
PPS.Solver.Batch.SolverBatch:Tick () (at Assets/_Project/Scripts/Solver/Batch/SolverBatch.cs:210)
UnityEditor.EditorApplication:Internal_CallUpdateFunctions ()

(Filename: Assets/_Project/Scripts/Solver/Batch/SolverBatch.cs Line: 193)

[SolverBatch] Stage02 — 54%  746판 굴림
UnityEngine.Debug:ExtractStackTraceNoAlloc (byte*,int,string)
UnityEngine.StackTraceUtility:ExtractStackTrace ()
UnityEngine.DebugLogHandler:Internal_Log (UnityEngine.LogType,UnityEngine.LogOption,string,UnityEngine.Object)
UnityEngine.DebugLogHandler:LogFormat (UnityEngine.LogType,UnityEngine.Object,string,object[])
UnityEngine.Logger:Log (UnityEngine.LogType,object)
UnityEngine.Debug:Log (object)
PPS.Solver.Batch.SolverBatch:Progress () (at Assets/_Project/Scripts/Solver/Batch/SolverBatch.cs:193)
PPS.Solver.Batch.SolverBatch:Tick () (at Assets/_Project/Scripts/Solver/Batch/SolverBatch.cs:210)
UnityEditor.EditorApplication:Internal_CallUpdateFunctions ()

(Filename: Assets/_Project/Scripts/Solver/Batch/SolverBatch.cs Line: 193)

[SolverBatch] Stage02 — 59%  934판 굴림
UnityEngine.Debug:ExtractStackTraceNoAlloc (byte*,int,string)
UnityEngine.StackTraceUtility:ExtractStackTrace ()
UnityEngine.DebugLogHandler:Internal_Log (UnityEngine.LogType,UnityEngine.LogOption,string,UnityEngine.Object)
UnityEngine.DebugLogHandler:LogFormat (UnityEngine.LogType,UnityEngine.Object,string,object[])
UnityEngine.Logger:Log (UnityEngine.LogType,object)
UnityEngine.Debug:Log (object)
PPS.Solver.Batch.SolverBatch:Progress () (at Assets/_Project/Scripts/Solver/Batch/SolverBatch.cs:193)
PPS.Solver.Batch.SolverBatch:Tick () (at Assets/_Project/Scripts/Solver/Batch/SolverBatch.cs:210)
UnityEditor.EditorApplication:Internal_CallUpdateFunctions ()

(Filename: Assets/_Project/Scripts/Solver/Batch/SolverBatch.cs Line: 193)

[SolverBatch] Stage02 — 61%  1075판 굴림
UnityEngine.Debug:ExtractStackTraceNoAlloc (byte*,int,string)
UnityEngine.StackTraceUtility:ExtractStackTrace ()
UnityEngine.DebugLogHandler:Internal_Log (UnityEngine.LogType,UnityEngine.LogOption,string,UnityEngine.Object)
UnityEngine.DebugLogHandler:LogFormat (UnityEngine.LogType,UnityEngine.Object,string,object[])
UnityEngine.Logger:Log (UnityEngine.LogType,object)
UnityEngine.Debug:Log (object)
PPS.Solver.Batch.SolverBatch:Progress () (at Assets/_Project/Scripts/Solver/Batch/SolverBatch.cs:193)
PPS.Solver.Batch.SolverBatch:Tick () (at Assets/_Project/Scripts/Solver/Batch/SolverBatch.cs:210)
UnityEditor.EditorApplication:Internal_CallUpdateFunctions ()

(Filename: Assets/_Project/Scripts/Solver/Batch/SolverBatch.cs Line: 193)

[SolverBatch] Stage02 — 65%  1200판 굴림
UnityEngine.Debug:ExtractStackTraceNoAlloc (byte*,int,string)
UnityEngine.StackTraceUtility:ExtractStackTrace ()
UnityEngine.DebugLogHandler:Internal_Log (UnityEngine.LogType,UnityEngine.LogOption,string,UnityEngine.Object)
UnityEngine.DebugLogHandler:LogFormat (UnityEngine.LogType,UnityEngine.Object,string,object[])
UnityEngine.Logger:Log (UnityEngine.LogType,object)
UnityEngine.Debug:Log (object)
PPS.Solver.Batch.SolverBatch:Progress () (at Assets/_Project/Scripts/Solver/Batch/SolverBatch.cs:193)
PPS.Solver.Batch.SolverBatch:Tick () (at Assets/_Project/Scripts/Solver/Batch/SolverBatch.cs:210)
UnityEditor.EditorApplication:Internal_CallUpdateFunctions ()

(Filename: Assets/_Project/Scripts/Solver/Batch/SolverBatch.cs Line: 193)

[SolverBatch] Stage02 — 88%  1331판 굴림
UnityEngine.Debug:ExtractStackTraceNoAlloc (byte*,int,string)
UnityEngine.StackTraceUtility:ExtractStackTrace ()
UnityEngine.DebugLogHandler:Internal_Log (UnityEngine.LogType,UnityEngine.LogOption,string,UnityEngine.Object)
UnityEngine.DebugLogHandler:LogFormat (UnityEngine.LogType,UnityEngine.Object,string,object[])
UnityEngine.Logger:Log (UnityEngine.LogType,object)
UnityEngine.Debug:Log (object)
PPS.Solver.Batch.SolverBatch:Progress () (at Assets/_Project/Scripts/Solver/Batch/SolverBatch.cs:193)
PPS.Solver.Batch.SolverBatch:Tick () (at Assets/_Project/Scripts/Solver/Batch/SolverBatch.cs:210)
UnityEditor.EditorApplication:Internal_CallUpdateFunctions ()

(Filename: Assets/_Project/Scripts/Solver/Batch/SolverBatch.cs Line: 193)

[SolverBatch] [4/22] Stage02 — Corridor 로 풀림 (1340회 시도) (12.4초)
UnityEngine.Debug:ExtractStackTraceNoAlloc (byte*,int,string)
UnityEngine.StackTraceUtility:ExtractStackTrace ()
UnityEngine.DebugLogHandler:Internal_Log (UnityEngine.LogType,UnityEngine.LogOption,string,UnityEngine.Object)
UnityEngine.DebugLogHandler:LogFormat (UnityEngine.LogType,UnityEngine.Object,string,object[])
UnityEngine.Logger:Log (UnityEngine.LogType,object)
UnityEngine.Debug:Log (object)
PPS.Solver.Batch.SolverBatch:FinishStage () (at Assets/_Project/Scripts/Solver/Batch/SolverBatch.cs:273)
PPS.Solver.Batch.SolverBatch:Tick () (at Assets/_Project/Scripts/Solver/Batch/SolverBatch.cs:214)
UnityEditor.EditorApplication:Internal_CallUpdateFunctions ()

(Filename: Assets/_Project/Scripts/Solver/Batch/SolverBatch.cs Line: 273)

[SolverBatch] Stage03 — 58%  483판 굴림
UnityEngine.Debug:ExtractStackTraceNoAlloc (byte*,int,string)
UnityEngine.StackTraceUtility:ExtractStackTrace ()
UnityEngine.DebugLogHandler:Internal_Log (UnityEngine.LogType,UnityEngine.LogOption,string,UnityEngine.Object)
UnityEngine.DebugLogHandler:LogFormat (UnityEngine.LogType,UnityEngine.Object,string,object[])
UnityEngine.Logger:Log (UnityEngine.LogType,object)
UnityEngine.Debug:Log (object)
PPS.Solver.Batch.SolverBatch:Progress () (at Assets/_Project/Scripts/Solver/Batch/SolverBatch.cs:193)
PPS.Solver.Batch.SolverBatch:Tick () (at Assets/_Project/Scripts/Solver/Batch/SolverBatch.cs:210)
UnityEditor.EditorApplication:Internal_CallUpdateFunctions ()

(Filename: Assets/_Project/Scripts/Solver/Batch/SolverBatch.cs Line: 193)

[SolverBatch] Stage03 — 67%  648판 굴림
UnityEngine.Debug:ExtractStackTraceNoAlloc (byte*,int,string)
UnityEngine.StackTraceUtility:ExtractStackTrace ()
UnityEngine.DebugLogHandler:Internal_Log (UnityEngine.LogType,UnityEngine.LogOption,string,UnityEngine.Object)
UnityEngine.DebugLogHandler:LogFormat (UnityEngine.LogType,UnityEngine.Object,string,object[])
UnityEngine.Logger:Log (UnityEngine.LogType,object)
UnityEngine.Debug:Log (object)
PPS.Solver.Batch.SolverBatch:Progress () (at Assets/_Project/Scripts/Solver/Batch/SolverBatch.cs:193)
PPS.Solver.Batch.SolverBatch:Tick () (at Assets/_Project/Scripts/Solver/Batch/SolverBatch.cs:210)
UnityEditor.EditorApplication:Internal_CallUpdateFunctions ()

(Filename: Assets/_Project/Scripts/Solver/Batch/SolverBatch.cs Line: 193)

[SolverBatch] [5/22] Stage03 — Corridor 로 풀림 (700회 시도) (4.6초)
UnityEngine.Debug:ExtractStackTraceNoAlloc (byte*,int,string)
UnityEngine.StackTraceUtility:ExtractStackTrace ()
UnityEngine.DebugLogHandler:Internal_Log (UnityEngine.LogType,UnityEngine.LogOption,string,UnityEngine.Object)
UnityEngine.DebugLogHandler:LogFormat (UnityEngine.LogType,UnityEngine.Object,string,object[])
UnityEngine.Logger:Log (UnityEngine.LogType,object)
UnityEngine.Debug:Log (object)
PPS.Solver.Batch.SolverBatch:FinishStage () (at Assets/_Project/Scripts/Solver/Batch/SolverBatch.cs:273)
PPS.Solver.Batch.SolverBatch:Tick () (at Assets/_Project/Scripts/Solver/Batch/SolverBatch.cs:214)
UnityEditor.EditorApplication:Internal_CallUpdateFunctions ()

(Filename: Assets/_Project/Scripts/Solver/Batch/SolverBatch.cs Line: 273)

TrimDiskCacheJob: Current cache size 19mb
[SolverBatch] Stage04 — 35%  178판 굴림
UnityEngine.Debug:ExtractStackTraceNoAlloc (byte*,int,string)
UnityEngine.StackTraceUtility:ExtractStackTrace ()
UnityEngine.DebugLogHandler:Internal_Log (UnityEngine.LogType,UnityEngine.LogOption,string,UnityEngine.Object)
UnityEngine.DebugLogHandler:LogFormat (UnityEngine.LogType,UnityEngine.Object,string,object[])
UnityEngine.Logger:Log (UnityEngine.LogType,object)
UnityEngine.Debug:Log (object)
PPS.Solver.Batch.SolverBatch:Progress () (at Assets/_Project/Scripts/Solver/Batch/SolverBatch.cs:193)
PPS.Solver.Batch.SolverBatch:Tick () (at Assets/_Project/Scripts/Solver/Batch/SolverBatch.cs:210)
UnityEditor.EditorApplication:Internal_CallUpdateFunctions ()

(Filename: Assets/_Project/Scripts/Solver/Batch/SolverBatch.cs Line: 193)

[SolverBatch] Stage04 — 38%  370판 굴림
UnityEngine.Debug:ExtractStackTraceNoAlloc (byte*,int,string)
UnityEngine.StackTraceUtility:ExtractStackTrace ()
UnityEngine.DebugLogHandler:Internal_Log (UnityEngine.LogType,UnityEngine.LogOption,string,UnityEngine.Object)
UnityEngine.DebugLogHandler:LogFormat (UnityEngine.LogType,UnityEngine.Object,string,object[])
UnityEngine.Logger:Log (UnityEngine.LogType,object)
UnityEngine.Debug:Log (object)
PPS.Solver.Batch.SolverBatch:Progress () (at Assets/_Project/Scripts/Solver/Batch/SolverBatch.cs:193)
PPS.Solver.Batch.SolverBatch:Tick () (at Assets/_Project/Scripts/Solver/Batch/SolverBatch.cs:210)
UnityEditor.EditorApplication:Internal_CallUpdateFunctions ()

(Filename: Assets/_Project/Scripts/Solver/Batch/SolverBatch.cs Line: 193)

[SolverBatch] Stage04 — 40%  506판 굴림
UnityEngine.Debug:ExtractStackTraceNoAlloc (byte*,int,string)
UnityEngine.StackTraceUtility:ExtractStackTrace ()
UnityEngine.DebugLogHandler:Internal_Log (UnityEngine.LogType,UnityEngine.LogOption,string,UnityEngine.Object)
UnityEngine.DebugLogHandler:LogFormat (UnityEngine.LogType,UnityEngine.Object,string,object[])
UnityEngine.Logger:Log (UnityEngine.LogType,object)
UnityEngine.Debug:Log (object)
PPS.Solver.Batch.SolverBatch:Progress () (at Assets/_Project/Scripts/Solver/Batch/SolverBatch.cs:193)
PPS.Solver.Batch.SolverBatch:Tick () (at Assets/_Project/Scripts/Solver/Batch/SolverBatch.cs:210)
UnityEditor.EditorApplication:Internal_CallUpdateFunctions ()

(Filename: Assets/_Project/Scripts/Solver/Batch/SolverBatch.cs Line: 193)

[SolverBatch] Stage04 — 44%  684판 굴림
UnityEngine.Debug:ExtractStackTraceNoAlloc (byte*,int,string)
UnityEngine.StackTraceUtility:ExtractStackTrace ()
UnityEngine.DebugLogHandler:Internal_Log (UnityEngine.LogType,UnityEngine.LogOption,string,UnityEngine.Object)
UnityEngine.DebugLogHandler:LogFormat (UnityEngine.LogType,UnityEngine.Object,string,object[])
UnityEngine.Logger:Log (UnityEngine.LogType,object)
UnityEngine.Debug:Log (object)
PPS.Solver.Batch.SolverBatch:Progress () (at Assets/_Project/Scripts/Solver/Batch/SolverBatch.cs:193)
PPS.Solver.Batch.SolverBatch:Tick () (at Assets/_Project/Scripts/Solver/Batch/SolverBatch.cs:210)
UnityEditor.EditorApplication:Internal_CallUpdateFunctions ()

(Filename: Assets/_Project/Scripts/Solver/Batch/SolverBatch.cs Line: 193)

[SolverBatch] Stage04 — 46%  822판 굴림
UnityEngine.Debug:ExtractStackTraceNoAlloc (byte*,int,string)
UnityEngine.StackTraceUtility:ExtractStackTrace ()
UnityEngine.DebugLogHandler:Internal_Log (UnityEngine.LogType,UnityEngine.LogOption,string,UnityEngine.Object)
UnityEngine.DebugLogHandler:LogFormat (UnityEngine.LogType,UnityEngine.Object,string,object[])
UnityEngine.Logger:Log (UnityEngine.LogType,object)
UnityEngine.Debug:Log (object)
PPS.Solver.Batch.SolverBatch:Progress () (at Assets/_Project/Scripts/Solver/Batch/SolverBatch.cs:193)
PPS.Solver.Batch.SolverBatch:Tick () (at Assets/_Project/Scripts/Solver/Batch/SolverBatch.cs:210)
UnityEditor.EditorApplication:Internal_CallUpdateFunctions ()

(Filename: Assets/_Project/Scripts/Solver/Batch/SolverBatch.cs Line: 193)

[SolverBatch] Stage04 — 47%  933판 굴림
UnityEngine.Debug:ExtractStackTraceNoAlloc (byte*,int,string)
UnityEngine.StackTraceUtility:ExtractStackTrace ()
UnityEngine.DebugLogHandler:Internal_Log (UnityEngine.LogType,UnityEngine.LogOption,string,UnityEngine.Object)
UnityEngine.DebugLogHandler:LogFormat (UnityEngine.LogType,UnityEngine.Object,string,object[])
UnityEngine.Logger:Log (UnityEngine.LogType,object)
UnityEngine.Debug:Log (object)
PPS.Solver.Batch.SolverBatch:Progress () (at Assets/_Project/Scripts/Solver/Batch/SolverBatch.cs:193)
PPS.Solver.Batch.SolverBatch:Tick () (at Assets/_Project/Scripts/Solver/Batch/SolverBatch.cs:210)
UnityEditor.EditorApplication:Internal_CallUpdateFunctions ()

(Filename: Assets/_Project/Scripts/Solver/Batch/SolverBatch.cs Line: 193)

[SolverBatch] Stage04 — 50%  1086판 굴림
UnityEngine.Debug:ExtractStackTraceNoAlloc (byte*,int,string)
UnityEngine.StackTraceUtility:ExtractStackTrace ()
UnityEngine.DebugLogHandler:Internal_Log (UnityEngine.LogType,UnityEngine.LogOption,string,UnityEngine.Object)
UnityEngine.DebugLogHandler:LogFormat (UnityEngine.LogType,UnityEngine.Object,string,object[])
UnityEngine.Logger:Log (UnityEngine.LogType,object)
UnityEngine.Debug:Log (object)
PPS.Solver.Batch.SolverBatch:Progress () (at Assets/_Project/Scripts/Solver/Batch/SolverBatch.cs:193)
PPS.Solver.Batch.SolverBatch:Tick () (at Assets/_Project/Scripts/Solver/Batch/SolverBatch.cs:210)
UnityEditor.EditorApplication:Internal_CallUpdateFunctions ()

(Filename: Assets/_Project/Scripts/Solver/Batch/SolverBatch.cs Line: 193)

[SolverBatch] Stage04 — 52%  1212판 굴림
UnityEngine.Debug:ExtractStackTraceNoAlloc (byte*,int,string)
UnityEngine.StackTraceUtility:ExtractStackTrace ()
UnityEngine.DebugLogHandler:Internal_Log (UnityEngine.LogType,UnityEngine.LogOption,string,UnityEngine.Object)
UnityEngine.DebugLogHandler:LogFormat (UnityEngine.LogType,UnityEngine.Object,string,object[])
UnityEngine.Logger:Log (UnityEngine.LogType,object)
UnityEngine.Debug:Log (object)
PPS.Solver.Batch.SolverBatch:Progress () (at Assets/_Project/Scripts/Solver/Batch/SolverBatch.cs:193)
PPS.Solver.Batch.SolverBatch:Tick () (at Assets/_Project/Scripts/Solver/Batch/SolverBatch.cs:210)
UnityEditor.EditorApplication:Internal_CallUpdateFunctions ()

(Filename: Assets/_Project/Scripts/Solver/Batch/SolverBatch.cs Line: 193)

[SolverBatch] Stage04 — 53%  1315판 굴림
UnityEngine.Debug:ExtractStackTraceNoAlloc (byte*,int,string)
UnityEngine.StackTraceUtility:ExtractStackTrace ()
UnityEngine.DebugLogHandler:Internal_Log (UnityEngine.LogType,UnityEngine.LogOption,string,UnityEngine.Object)
UnityEngine.DebugLogHandler:LogFormat (UnityEngine.LogType,UnityEngine.Object,string,object[])
UnityEngine.Logger:Log (UnityEngine.LogType,object)
UnityEngine.Debug:Log (object)
PPS.Solver.Batch.SolverBatch:Progress () (at Assets/_Project/Scripts/Solver/Batch/SolverBatch.cs:193)
PPS.Solver.Batch.SolverBatch:Tick () (at Assets/_Project/Scripts/Solver/Batch/SolverBatch.cs:210)
UnityEditor.EditorApplication:Internal_CallUpdateFunctions ()

(Filename: Assets/_Project/Scripts/Solver/Batch/SolverBatch.cs Line: 193)

[SolverBatch] Stage04 — 54%  1411판 굴림
UnityEngine.Debug:ExtractStackTraceNoAlloc (byte*,int,string)
UnityEngine.StackTraceUtility:ExtractStackTrace ()
UnityEngine.DebugLogHandler:Internal_Log (UnityEngine.LogType,UnityEngine.LogOption,string,UnityEngine.Object)
UnityEngine.DebugLogHandler:LogFormat (UnityEngine.LogType,UnityEngine.Object,string,object[])
UnityEngine.Logger:Log (UnityEngine.LogType,object)
UnityEngine.Debug:Log (object)
PPS.Solver.Batch.SolverBatch:Progress () (at Assets/_Project/Scripts/Solver/Batch/SolverBatch.cs:193)
PPS.Solver.Batch.SolverBatch:Tick () (at Assets/_Project/Scripts/Solver/Batch/SolverBatch.cs:210)
UnityEditor.EditorApplication:Internal_CallUpdateFunctions ()

(Filename: Assets/_Project/Scripts/Solver/Batch/SolverBatch.cs Line: 193)

[SolverBatch] Stage04 — 55%  1463판 굴림
UnityEngine.Debug:ExtractStackTraceNoAlloc (byte*,int,string)
UnityEngine.StackTraceUtility:ExtractStackTrace ()
UnityEngine.DebugLogHandler:Internal_Log (UnityEngine.LogType,UnityEngine.LogOption,string,UnityEngine.Object)
UnityEngine.DebugLogHandler:LogFormat (UnityEngine.LogType,UnityEngine.Object,string,object[])
UnityEngine.Logger:Log (UnityEngine.LogType,object)
UnityEngine.Debug:Log (object)
PPS.Solver.Batch.SolverBatch:Progress () (at Assets/_Project/Scripts/Solver/Batch/SolverBatch.cs:193)
PPS.Solver.Batch.SolverBatch:Tick () (at Assets/_Project/Scripts/Solver/Batch/SolverBatch.cs:210)
UnityEditor.EditorApplication:Internal_CallUpdateFunctions ()

(Filename: Assets/_Project/Scripts/Solver/Batch/SolverBatch.cs Line: 193)

[SolverBatch] Stage04 — 56%  1527판 굴림
UnityEngine.Debug:ExtractStackTraceNoAlloc (byte*,int,string)
UnityEngine.StackTraceUtility:ExtractStackTrace ()
UnityEngine.DebugLogHandler:Internal_Log (UnityEngine.LogType,UnityEngine.LogOption,string,UnityEngine.Object)
UnityEngine.DebugLogHandler:LogFormat (UnityEngine.LogType,UnityEngine.Object,string,object[])
UnityEngine.Logger:Log (UnityEngine.LogType,object)
UnityEngine.Debug:Log (object)
PPS.Solver.Batch.SolverBatch:Progress () (at Assets/_Project/Scripts/Solver/Batch/SolverBatch.cs:193)
PPS.Solver.Batch.SolverBatch:Tick () (at Assets/_Project/Scripts/Solver/Batch/SolverBatch.cs:210)
UnityEditor.EditorApplication:Internal_CallUpdateFunctions ()

(Filename: Assets/_Project/Scripts/Solver/Batch/SolverBatch.cs Line: 193)

[SolverBatch] Stage04 — 57%  1617판 굴림
UnityEngine.Debug:ExtractStackTraceNoAlloc (byte*,int,string)
UnityEngine.StackTraceUtility:ExtractStackTrace ()
UnityEngine.DebugLogHandler:Internal_Log (UnityEngine.LogType,UnityEngine.LogOption,string,UnityEngine.Object)
UnityEngine.DebugLogHandler:LogFormat (UnityEngine.LogType,UnityEngine.Object,string,object[])
UnityEngine.Logger:Log (UnityEngine.LogType,object)
UnityEngine.Debug:Log (object)
PPS.Solver.Batch.SolverBatch:Progress () (at Assets/_Project/Scripts/Solver/Batch/SolverBatch.cs:193)
PPS.Solver.Batch.SolverBatch:Tick () (at Assets/_Project/Scripts/Solver/Batch/SolverBatch.cs:210)
UnityEditor.EditorApplication:Internal_CallUpdateFunctions ()

(Filename: Assets/_Project/Scripts/Solver/Batch/SolverBatch.cs Line: 193)

[SolverBatch] Stage04 — 58%  1707판 굴림
UnityEngine.Debug:ExtractStackTraceNoAlloc (byte*,int,string)
UnityEngine.StackTraceUtility:ExtractStackTrace ()
UnityEngine.DebugLogHandler:Internal_Log (UnityEngine.LogType,UnityEngine.LogOption,string,UnityEngine.Object)
UnityEngine.DebugLogHandler:LogFormat (UnityEngine.LogType,UnityEngine.Object,string,object[])
UnityEngine.Logger:Log (UnityEngine.LogType,object)
UnityEngine.Debug:Log (object)
PPS.Solver.Batch.SolverBatch:Progress () (at Assets/_Project/Scripts/Solver/Batch/SolverBatch.cs:193)
PPS.Solver.Batch.SolverBatch:Tick () (at Assets/_Project/Scripts/Solver/Batch/SolverBatch.cs:210)
UnityEditor.EditorApplication:Internal_CallUpdateFunctions ()

(Filename: Assets/_Project/Scripts/Solver/Batch/SolverBatch.cs Line: 193)

[SolverBatch] Stage04 — 59%  1801판 굴림
UnityEngine.Debug:ExtractStackTraceNoAlloc (byte*,int,string)
UnityEngine.StackTraceUtility:ExtractStackTrace ()
UnityEngine.DebugLogHandler:Internal_Log (UnityEngine.LogType,UnityEngine.LogOption,string,UnityEngine.Object)
UnityEngine.DebugLogHandler:LogFormat (UnityEngine.LogType,UnityEngine.Object,string,object[])
UnityEngine.Logger:Log (UnityEngine.LogType,object)
UnityEngine.Debug:Log (object)
PPS.Solver.Batch.SolverBatch:Progress () (at Assets/_Project/Scripts/Solver/Batch/SolverBatch.cs:193)
PPS.Solver.Batch.SolverBatch:Tick () (at Assets/_Project/Scripts/Solver/Batch/SolverBatch.cs:210)
UnityEditor.EditorApplication:Internal_CallUpdateFunctions ()

(Filename: Assets/_Project/Scripts/Solver/Batch/SolverBatch.cs Line: 193)

[SolverBatch] Stage04 — 60%  1893판 굴림
UnityEngine.Debug:ExtractStackTraceNoAlloc (byte*,int,string)
UnityEngine.StackTraceUtility:ExtractStackTrace ()
UnityEngine.DebugLogHandler:Internal_Log (UnityEngine.LogType,UnityEngine.LogOption,string,UnityEngine.Object)
UnityEngine.DebugLogHandler:LogFormat (UnityEngine.LogType,UnityEngine.Object,string,object[])
UnityEngine.Logger:Log (UnityEngine.LogType,object)
UnityEngine.Debug:Log (object)
PPS.Solver.Batch.SolverBatch:Progress () (at Assets/_Project/Scripts/Solver/Batch/SolverBatch.cs:193)
PPS.Solver.Batch.SolverBatch:Tick () (at Assets/_Project/Scripts/Solver/Batch/SolverBatch.cs:210)
UnityEditor.EditorApplication:Internal_CallUpdateFunctions ()

(Filename: Assets/_Project/Scripts/Solver/Batch/SolverBatch.cs Line: 193)

[SolverBatch] Stage04 — 61%  1975판 굴림
UnityEngine.Debug:ExtractStackTraceNoAlloc (byte*,int,string)
UnityEngine.StackTraceUtility:ExtractStackTrace ()
UnityEngine.DebugLogHandler:Internal_Log (UnityEngine.LogType,UnityEngine.LogOption,string,UnityEngine.Object)
UnityEngine.DebugLogHandler:LogFormat (UnityEngine.LogType,UnityEngine.Object,string,object[])
UnityEngine.Logger:Log (UnityEngine.LogType,object)
UnityEngine.Debug:Log (object)
PPS.Solver.Batch.SolverBatch:Progress () (at Assets/_Project/Scripts/Solver/Batch/SolverBatch.cs:193)
PPS.Solver.Batch.SolverBatch:Tick () (at Assets/_Project/Scripts/Solver/Batch/SolverBatch.cs:210)
UnityEditor.EditorApplication:Internal_CallUpdateFunctions ()

(Filename: Assets/_Project/Scripts/Solver/Batch/SolverBatch.cs Line: 193)

[SolverBatch] Stage04 — 68%  2062판 굴림
UnityEngine.Debug:ExtractStackTraceNoAlloc (byte*,int,string)
UnityEngine.StackTraceUtility:ExtractStackTrace ()
UnityEngine.DebugLogHandler:Internal_Log (UnityEngine.LogType,UnityEngine.LogOption,string,UnityEngine.Object)
UnityEngine.DebugLogHandler:LogFormat (UnityEngine.LogType,UnityEngine.Object,string,object[])
UnityEngine.Logger:Log (UnityEngine.LogType,object)
UnityEngine.Debug:Log (object)
PPS.Solver.Batch.SolverBatch:Progress () (at Assets/_Project/Scripts/Solver/Batch/SolverBatch.cs:193)
PPS.Solver.Batch.SolverBatch:Tick () (at Assets/_Project/Scripts/Solver/Batch/SolverBatch.cs:210)
UnityEditor.EditorApplication:Internal_CallUpdateFunctions ()

(Filename: Assets/_Project/Scripts/Solver/Batch/SolverBatch.cs Line: 193)

[SolverBatch] Stage04 — 79%  2215판 굴림
UnityEngine.Debug:ExtractStackTraceNoAlloc (byte*,int,string)
UnityEngine.StackTraceUtility:ExtractStackTrace ()
UnityEngine.DebugLogHandler:Internal_Log (UnityEngine.LogType,UnityEngine.LogOption,string,UnityEngine.Object)
UnityEngine.DebugLogHandler:LogFormat (UnityEngine.LogType,UnityEngine.Object,string,object[])
UnityEngine.Logger:Log (UnityEngine.LogType,object)
UnityEngine.Debug:Log (object)
PPS.Solver.Batch.SolverBatch:Progress () (at Assets/_Project/Scripts/Solver/Batch/SolverBatch.cs:193)
PPS.Solver.Batch.SolverBatch:Tick () (at Assets/_Project/Scripts/Solver/Batch/SolverBatch.cs:210)
UnityEditor.EditorApplication:Internal_CallUpdateFunctions ()

(Filename: Assets/_Project/Scripts/Solver/Batch/SolverBatch.cs Line: 193)

[SolverBatch] [6/22] Stage04 — Corridor 로 풀림 (2316회 시도) (40.4초)
UnityEngine.Debug:ExtractStackTraceNoAlloc (byte*,int,string)
UnityEngine.StackTraceUtility:ExtractStackTrace ()
UnityEngine.DebugLogHandler:Internal_Log (UnityEngine.LogType,UnityEngine.LogOption,string,UnityEngine.Object)
UnityEngine.DebugLogHandler:LogFormat (UnityEngine.LogType,UnityEngine.Object,string,object[])
UnityEngine.Logger:Log (UnityEngine.LogType,object)
UnityEngine.Debug:Log (object)
PPS.Solver.Batch.SolverBatch:FinishStage () (at Assets/_Project/Scripts/Solver/Batch/SolverBatch.cs:273)
PPS.Solver.Batch.SolverBatch:Tick () (at Assets/_Project/Scripts/Solver/Batch/SolverBatch.cs:214)
UnityEditor.EditorApplication:Internal_CallUpdateFunctions ()

(Filename: Assets/_Project/Scripts/Solver/Batch/SolverBatch.cs Line: 273)

[SolverBatch] Stage05 — 34%  34판 굴림
UnityEngine.Debug:ExtractStackTraceNoAlloc (byte*,int,string)
UnityEngine.StackTraceUtility:ExtractStackTrace ()
UnityEngine.DebugLogHandler:Internal_Log (UnityEngine.LogType,UnityEngine.LogOption,string,UnityEngine.Object)
UnityEngine.DebugLogHandler:LogFormat (UnityEngine.LogType,UnityEngine.Object,string,object[])
UnityEngine.Logger:Log (UnityEngine.LogType,object)
UnityEngine.Debug:Log (object)
PPS.Solver.Batch.SolverBatch:Progress () (at Assets/_Project/Scripts/Solver/Batch/SolverBatch.cs:193)
PPS.Solver.Batch.SolverBatch:Tick () (at Assets/_Project/Scripts/Solver/Batch/SolverBatch.cs:210)
UnityEditor.EditorApplication:Internal_CallUpdateFunctions ()

(Filename: Assets/_Project/Scripts/Solver/Batch/SolverBatch.cs Line: 193)

[SolverBatch] Stage05 — 36%  87판 굴림
UnityEngine.Debug:ExtractStackTraceNoAlloc (byte*,int,string)
UnityEngine.StackTraceUtility:ExtractStackTrace ()
UnityEngine.DebugLogHandler:Internal_Log (UnityEngine.LogType,UnityEngine.LogOption,string,UnityEngine.Object)
UnityEngine.DebugLogHandler:LogFormat (UnityEngine.LogType,UnityEngine.Object,string,object[])
UnityEngine.Logger:Log (UnityEngine.LogType,object)
UnityEngine.Debug:Log (object)
PPS.Solver.Batch.SolverBatch:Progress () (at Assets/_Project/Scripts/Solver/Batch/SolverBatch.cs:193)
PPS.Solver.Batch.SolverBatch:Tick () (at Assets/_Project/Scripts/Solver/Batch/SolverBatch.cs:210)
UnityEditor.EditorApplication:Internal_CallUpdateFunctions ()

(Filename: Assets/_Project/Scripts/Solver/Batch/SolverBatch.cs Line: 193)

[SolverBatch] Stage05 — 40%  157판 굴림
UnityEngine.Debug:ExtractStackTraceNoAlloc (byte*,int,string)
UnityEngine.StackTraceUtility:ExtractStackTrace ()
UnityEngine.DebugLogHandler:Internal_Log (UnityEngine.LogType,UnityEngine.LogOption,string,UnityEngine.Object)
UnityEngine.DebugLogHandler:LogFormat (UnityEngine.LogType,UnityEngine.Object,string,object[])
UnityEngine.Logger:Log (UnityEngine.LogType,object)
UnityEngine.Debug:Log (object)
PPS.Solver.Batch.SolverBatch:Progress () (at Assets/_Project/Scripts/Solver/Batch/SolverBatch.cs:193)
PPS.Solver.Batch.SolverBatch:Tick () (at Assets/_Project/Scripts/Solver/Batch/SolverBatch.cs:210)
UnityEditor.EditorApplication:Internal_CallUpdateFunctions ()

(Filename: Assets/_Project/Scripts/Solver/Batch/SolverBatch.cs Line: 193)

[SolverBatch] Stage05 — 43%  233판 굴림
UnityEngine.Debug:ExtractStackTraceNoAlloc (byte*,int,string)
UnityEngine.StackTraceUtility:ExtractStackTrace ()
UnityEngine.DebugLogHandler:Internal_Log (UnityEngine.LogType,UnityEngine.LogOption,string,UnityEngine.Object)
UnityEngine.DebugLogHandler:LogFormat (UnityEngine.LogType,UnityEngine.Object,string,object[])
UnityEngine.Logger:Log (UnityEngine.LogType,object)
UnityEngine.Debug:Log (object)
PPS.Solver.Batch.SolverBatch:Progress () (at Assets/_Project/Scripts/Solver/Batch/SolverBatch.cs:193)
PPS.Solver.Batch.SolverBatch:Tick () (at Assets/_Project/Scripts/Solver/Batch/SolverBatch.cs:210)
UnityEditor.EditorApplication:Internal_CallUpdateFunctions ()

(Filename: Assets/_Project/Scripts/Solver/Batch/SolverBatch.cs Line: 193)

[SolverBatch] Stage05 — 44%  277판 굴림
UnityEngine.Debug:ExtractStackTraceNoAlloc (byte*,int,string)
UnityEngine.StackTraceUtility:ExtractStackTrace ()
UnityEngine.DebugLogHandler:Internal_Log (UnityEngine.LogType,UnityEngine.LogOption,string,UnityEngine.Object)
UnityEngine.DebugLogHandler:LogFormat (UnityEngine.LogType,UnityEngine.Object,string,object[])
UnityEngine.Logger:Log (UnityEngine.LogType,object)
UnityEngine.Debug:Log (object)
PPS.Solver.Batch.SolverBatch:Progress () (at Assets/_Project/Scripts/Solver/Batch/SolverBatch.cs:193)
PPS.Solver.Batch.SolverBatch:Tick () (at Assets/_Project/Scripts/Solver/Batch/SolverBatch.cs:210)
UnityEditor.EditorApplication:Internal_CallUpdateFunctions ()

(Filename: Assets/_Project/Scripts/Solver/Batch/SolverBatch.cs Line: 193)

[SolverBatch] Stage05 — 47%  337판 굴림
UnityEngine.Debug:ExtractStackTraceNoAlloc (byte*,int,string)
UnityEngine.StackTraceUtility:ExtractStackTrace ()
UnityEngine.DebugLogHandler:Internal_Log (UnityEngine.LogType,UnityEngine.LogOption,string,UnityEngine.Object)
UnityEngine.DebugLogHandler:LogFormat (UnityEngine.LogType,UnityEngine.Object,string,object[])
UnityEngine.Logger:Log (UnityEngine.LogType,object)
UnityEngine.Debug:Log (object)
PPS.Solver.Batch.SolverBatch:Progress () (at Assets/_Project/Scripts/Solver/Batch/SolverBatch.cs:193)
PPS.Solver.Batch.SolverBatch:Tick () (at Assets/_Project/Scripts/Solver/Batch/SolverBatch.cs:210)
UnityEditor.EditorApplication:Internal_CallUpdateFunctions ()

(Filename: Assets/_Project/Scripts/Solver/Batch/SolverBatch.cs Line: 193)

[SolverBatch] Stage05 — 49%  386판 굴림
UnityEngine.Debug:ExtractStackTraceNoAlloc (byte*,int,string)
UnityEngine.StackTraceUtility:ExtractStackTrace ()
UnityEngine.DebugLogHandler:Internal_Log (UnityEngine.LogType,UnityEngine.LogOption,string,UnityEngine.Object)
UnityEngine.DebugLogHandler:LogFormat (UnityEngine.LogType,UnityEngine.Object,string,object[])
UnityEngine.Logger:Log (UnityEngine.LogType,object)
UnityEngine.Debug:Log (object)
PPS.Solver.Batch.SolverBatch:Progress () (at Assets/_Project/Scripts/Solver/Batch/SolverBatch.cs:193)
PPS.Solver.Batch.SolverBatch:Tick () (at Assets/_Project/Scripts/Solver/Batch/SolverBatch.cs:210)
UnityEditor.EditorApplication:Internal_CallUpdateFunctions ()

(Filename: Assets/_Project/Scripts/Solver/Batch/SolverBatch.cs Line: 193)

[SolverBatch] Stage05 — 51%  452판 굴림
UnityEngine.Debug:ExtractStackTraceNoAlloc (byte*,int,string)
UnityEngine.StackTraceUtility:ExtractStackTrace ()
UnityEngine.DebugLogHandler:Internal_Log (UnityEngine.LogType,UnityEngine.LogOption,string,UnityEngine.Object)
UnityEngine.DebugLogHandler:LogFormat (UnityEngine.LogType,UnityEngine.Object,string,object[])
UnityEngine.Logger:Log (UnityEngine.LogType,object)
UnityEngine.Debug:Log (object)
PPS.Solver.Batch.SolverBatch:Progress () (at Assets/_Project/Scripts/Solver/Batch/SolverBatch.cs:193)
PPS.Solver.Batch.SolverBatch:Tick () (at Assets/_Project/Scripts/Solver/Batch/SolverBatch.cs:210)
UnityEditor.EditorApplication:Internal_CallUpdateFunctions ()

(Filename: Assets/_Project/Scripts/Solver/Batch/SolverBatch.cs Line: 193)

[SolverBatch] Stage05 — 52%  502판 굴림
UnityEngine.Debug:ExtractStackTraceNoAlloc (byte*,int,string)
UnityEngine.StackTraceUtility:ExtractStackTrace ()
UnityEngine.DebugLogHandler:Internal_Log (UnityEngine.LogType,UnityEngine.LogOption,string,UnityEngine.Object)
UnityEngine.DebugLogHandler:LogFormat (UnityEngine.LogType,UnityEngine.Object,string,object[])
UnityEngine.Logger:Log (UnityEngine.LogType,object)
UnityEngine.Debug:Log (object)
PPS.Solver.Batch.SolverBatch:Progress () (at Assets/_Project/Scripts/Solver/Batch/SolverBatch.cs:193)
PPS.Solver.Batch.SolverBatch:Tick () (at Assets/_Project/Scripts/Solver/Batch/SolverBatch.cs:210)
UnityEditor.EditorApplication:Internal_CallUpdateFunctions ()

(Filename: Assets/_Project/Scripts/Solver/Batch/SolverBatch.cs Line: 193)

[SolverBatch] Stage05 — 54%  555판 굴림
UnityEngine.Debug:ExtractStackTraceNoAlloc (byte*,int,string)
UnityEngine.StackTraceUtility:ExtractStackTrace ()
UnityEngine.DebugLogHandler:Internal_Log (UnityEngine.LogType,UnityEngine.LogOption,string,UnityEngine.Object)
UnityEngine.DebugLogHandler:LogFormat (UnityEngine.LogType,UnityEngine.Object,string,object[])
UnityEngine.Logger:Log (UnityEngine.LogType,object)
UnityEngine.Debug:Log (object)
PPS.Solver.Batch.SolverBatch:Progress () (at Assets/_Project/Scripts/Solver/Batch/SolverBatch.cs:193)
PPS.Solver.Batch.SolverBatch:Tick () (at Assets/_Project/Scripts/Solver/Batch/SolverBatch.cs:210)
UnityEditor.EditorApplication:Internal_CallUpdateFunctions ()

(Filename: Assets/_Project/Scripts/Solver/Batch/SolverBatch.cs Line: 193)

[SolverBatch] Stage05 — 56%  599판 굴림
UnityEngine.Debug:ExtractStackTraceNoAlloc (byte*,int,string)
UnityEngine.StackTraceUtility:ExtractStackTrace ()
UnityEngine.DebugLogHandler:Internal_Log (UnityEngine.LogType,UnityEngine.LogOption,string,UnityEngine.Object)
UnityEngine.DebugLogHandler:LogFormat (UnityEngine.LogType,UnityEngine.Object,string,object[])
UnityEngine.Logger:Log (UnityEngine.LogType,object)
UnityEngine.Debug:Log (object)
PPS.Solver.Batch.SolverBatch:Progress () (at Assets/_Project/Scripts/Solver/Batch/SolverBatch.cs:193)
PPS.Solver.Batch.SolverBatch:Tick () (at Assets/_Project/Scripts/Solver/Batch/SolverBatch.cs:210)
UnityEditor.EditorApplication:Internal_CallUpdateFunctions ()

(Filename: Assets/_Project/Scripts/Solver/Batch/SolverBatch.cs Line: 193)

[SolverBatch] Stage05 — 58%  652판 굴림
UnityEngine.Debug:ExtractStackTraceNoAlloc (byte*,int,string)
UnityEngine.StackTraceUtility:ExtractStackTrace ()
UnityEngine.DebugLogHandler:Internal_Log (UnityEngine.LogType,UnityEngine.LogOption,string,UnityEngine.Object)
UnityEngine.DebugLogHandler:LogFormat (UnityEngine.LogType,UnityEngine.Object,string,object[])
UnityEngine.Logger:Log (UnityEngine.LogType,object)
UnityEngine.Debug:Log (object)
PPS.Solver.Batch.SolverBatch:Progress () (at Assets/_Project/Scripts/Solver/Batch/SolverBatch.cs:193)
PPS.Solver.Batch.SolverBatch:Tick () (at Assets/_Project/Scripts/Solver/Batch/SolverBatch.cs:210)
UnityEditor.EditorApplication:Internal_CallUpdateFunctions ()

(Filename: Assets/_Project/Scripts/Solver/Batch/SolverBatch.cs Line: 193)

[SolverBatch] Stage05 — 59%  693판 굴림
UnityEngine.Debug:ExtractStackTraceNoAlloc (byte*,int,string)
UnityEngine.StackTraceUtility:ExtractStackTrace ()
UnityEngine.DebugLogHandler:Internal_Log (UnityEngine.LogType,UnityEngine.LogOption,string,UnityEngine.Object)
UnityEngine.DebugLogHandler:LogFormat (UnityEngine.LogType,UnityEngine.Object,string,object[])
UnityEngine.Logger:Log (UnityEngine.LogType,object)
UnityEngine.Debug:Log (object)
PPS.Solver.Batch.SolverBatch:Progress () (at Assets/_Project/Scripts/Solver/Batch/SolverBatch.cs:193)
PPS.Solver.Batch.SolverBatch:Tick () (at Assets/_Project/Scripts/Solver/Batch/SolverBatch.cs:210)
UnityEditor.EditorApplication:Internal_CallUpdateFunctions ()

(Filename: Assets/_Project/Scripts/Solver/Batch/SolverBatch.cs Line: 193)

[SolverBatch] Stage05 — 60%  733판 굴림
UnityEngine.Debug:ExtractStackTraceNoAlloc (byte*,int,string)
UnityEngine.StackTraceUtility:ExtractStackTrace ()
UnityEngine.DebugLogHandler:Internal_Log (UnityEngine.LogType,UnityEngine.LogOption,string,UnityEngine.Object)
UnityEngine.DebugLogHandler:LogFormat (UnityEngine.LogType,UnityEngine.Object,string,object[])
UnityEngine.Logger:Log (UnityEngine.LogType,object)
UnityEngine.Debug:Log (object)
PPS.Solver.Batch.SolverBatch:Progress () (at Assets/_Project/Scripts/Solver/Batch/SolverBatch.cs:193)
PPS.Solver.Batch.SolverBatch:Tick () (at Assets/_Project/Scripts/Solver/Batch/SolverBatch.cs:210)
UnityEditor.EditorApplication:Internal_CallUpdateFunctions ()

(Filename: Assets/_Project/Scripts/Solver/Batch/SolverBatch.cs Line: 193)

[SolverBatch] Stage05 — 60%  768판 굴림
UnityEngine.Debug:ExtractStackTraceNoAlloc (byte*,int,string)
UnityEngine.StackTraceUtility:ExtractStackTrace ()
UnityEngine.DebugLogHandler:Internal_Log (UnityEngine.LogType,UnityEngine.LogOption,string,UnityEngine.Object)
UnityEngine.DebugLogHandler:LogFormat (UnityEngine.LogType,UnityEngine.Object,string,object[])
UnityEngine.Logger:Log (UnityEngine.LogType,object)
UnityEngine.Debug:Log (object)
PPS.Solver.Batch.SolverBatch:Progress () (at Assets/_Project/Scripts/Solver/Batch/SolverBatch.cs:193)
PPS.Solver.Batch.SolverBatch:Tick () (at Assets/_Project/Scripts/Solver/Batch/SolverBatch.cs:210)
UnityEditor.EditorApplication:Internal_CallUpdateFunctions ()

(Filename: Assets/_Project/Scripts/Solver/Batch/SolverBatch.cs Line: 193)

[SolverBatch] Stage05 — 61%  812판 굴림
UnityEngine.Debug:ExtractStackTraceNoAlloc (byte*,int,string)
UnityEngine.StackTraceUtility:ExtractStackTrace ()
UnityEngine.DebugLogHandler:Internal_Log (UnityEngine.LogType,UnityEngine.LogOption,string,UnityEngine.Object)
UnityEngine.DebugLogHandler:LogFormat (UnityEngine.LogType,UnityEngine.Object,string,object[])
UnityEngine.Logger:Log (UnityEngine.LogType,object)
UnityEngine.Debug:Log (object)
PPS.Solver.Batch.SolverBatch:Progress () (at Assets/_Project/Scripts/Solver/Batch/SolverBatch.cs:193)
PPS.Solver.Batch.SolverBatch:Tick () (at Assets/_Project/Scripts/Solver/Batch/SolverBatch.cs:210)
UnityEditor.EditorApplication:Internal_CallUpdateFunctions ()

(Filename: Assets/_Project/Scripts/Solver/Batch/SolverBatch.cs Line: 193)

[SolverBatch] Stage05 — 62%  853판 굴림
UnityEngine.Debug:ExtractStackTraceNoAlloc (byte*,int,string)
UnityEngine.StackTraceUtility:ExtractStackTrace ()
UnityEngine.DebugLogHandler:Internal_Log (UnityEngine.LogType,UnityEngine.LogOption,string,UnityEngine.Object)
UnityEngine.DebugLogHandler:LogFormat (UnityEngine.LogType,UnityEngine.Object,string,object[])
UnityEngine.Logger:Log (UnityEngine.LogType,object)
UnityEngine.Debug:Log (object)
PPS.Solver.Batch.SolverBatch:Progress () (at Assets/_Project/Scripts/Solver/Batch/SolverBatch.cs:193)
PPS.Solver.Batch.SolverBatch:Tick () (at Assets/_Project/Scripts/Solver/Batch/SolverBatch.cs:210)
UnityEditor.EditorApplication:Internal_CallUpdateFunctions ()

(Filename: Assets/_Project/Scripts/Solver/Batch/SolverBatch.cs Line: 193)

[SolverBatch] Stage05 — 64%  893판 굴림
UnityEngine.Debug:ExtractStackTraceNoAlloc (byte*,int,string)
UnityEngine.StackTraceUtility:ExtractStackTrace ()
UnityEngine.DebugLogHandler:Internal_Log (UnityEngine.LogType,UnityEngine.LogOption,string,UnityEngine.Object)
UnityEngine.DebugLogHandler:LogFormat (UnityEngine.LogType,UnityEngine.Object,string,object[])
UnityEngine.Logger:Log (UnityEngine.LogType,object)
UnityEngine.Debug:Log (object)
PPS.Solver.Batch.SolverBatch:Progress () (at Assets/_Project/Scripts/Solver/Batch/SolverBatch.cs:193)
PPS.Solver.Batch.SolverBatch:Tick () (at Assets/_Project/Scripts/Solver/Batch/SolverBatch.cs:210)
UnityEditor.EditorApplication:Internal_CallUpdateFunctions ()

(Filename: Assets/_Project/Scripts/Solver/Batch/SolverBatch.cs Line: 193)

[SolverBatch] Stage05 — 65%  930판 굴림
UnityEngine.Debug:ExtractStackTraceNoAlloc (byte*,int,string)
UnityEngine.StackTraceUtility:ExtractStackTrace ()
UnityEngine.DebugLogHandler:Internal_Log (UnityEngine.LogType,UnityEngine.LogOption,string,UnityEngine.Object)
UnityEngine.DebugLogHandler:LogFormat (UnityEngine.LogType,UnityEngine.Object,string,object[])
UnityEngine.Logger:Log (UnityEngine.LogType,object)
UnityEngine.Debug:Log (object)
PPS.Solver.Batch.SolverBatch:Progress () (at Assets/_Project/Scripts/Solver/Batch/SolverBatch.cs:193)
PPS.Solver.Batch.SolverBatch:Tick () (at Assets/_Project/Scripts/Solver/Batch/SolverBatch.cs:210)
UnityEditor.EditorApplication:Internal_CallUpdateFunctions ()

(Filename: Assets/_Project/Scripts/Solver/Batch/SolverBatch.cs Line: 193)

[SolverBatch] Stage05 — 66%  972판 굴림
UnityEngine.Debug:ExtractStackTraceNoAlloc (byte*,int,string)
UnityEngine.StackTraceUtility:ExtractStackTrace ()
UnityEngine.DebugLogHandler:Internal_Log (UnityEngine.LogType,UnityEngine.LogOption,string,UnityEngine.Object)
UnityEngine.DebugLogHandler:LogFormat (UnityEngine.LogType,UnityEngine.Object,string,object[])
UnityEngine.Logger:Log (UnityEngine.LogType,object)
UnityEngine.Debug:Log (object)
PPS.Solver.Batch.SolverBatch:Progress () (at Assets/_Project/Scripts/Solver/Batch/SolverBatch.cs:193)
PPS.Solver.Batch.SolverBatch:Tick () (at Assets/_Project/Scripts/Solver/Batch/SolverBatch.cs:210)
UnityEditor.EditorApplication:Internal_CallUpdateFunctions ()

(Filename: Assets/_Project/Scripts/Solver/Batch/SolverBatch.cs Line: 193)

[SolverBatch] Stage05 — 67%  1018판 굴림
UnityEngine.Debug:ExtractStackTraceNoAlloc (byte*,int,string)
UnityEngine.StackTraceUtility:ExtractStackTrace ()
UnityEngine.DebugLogHandler:Internal_Log (UnityEngine.LogType,UnityEngine.LogOption,string,UnityEngine.Object)
UnityEngine.DebugLogHandler:LogFormat (UnityEngine.LogType,UnityEngine.Object,string,object[])
UnityEngine.Logger:Log (UnityEngine.LogType,object)
UnityEngine.Debug:Log (object)
PPS.Solver.Batch.SolverBatch:Progress () (at Assets/_Project/Scripts/Solver/Batch/SolverBatch.cs:193)
PPS.Solver.Batch.SolverBatch:Tick () (at Assets/_Project/Scripts/Solver/Batch/SolverBatch.cs:210)
UnityEditor.EditorApplication:Internal_CallUpdateFunctions ()

(Filename: Assets/_Project/Scripts/Solver/Batch/SolverBatch.cs Line: 193)

[SolverBatch] Stage05 — 78%  1029판 굴림
UnityEngine.Debug:ExtractStackTraceNoAlloc (byte*,int,string)
UnityEngine.StackTraceUtility:ExtractStackTrace ()
UnityEngine.DebugLogHandler:Internal_Log (UnityEngine.LogType,UnityEngine.LogOption,string,UnityEngine.Object)
UnityEngine.DebugLogHandler:LogFormat (UnityEngine.LogType,UnityEngine.Object,string,object[])
UnityEngine.Logger:Log (UnityEngine.LogType,object)
UnityEngine.Debug:Log (object)
PPS.Solver.Batch.SolverBatch:Progress () (at Assets/_Project/Scripts/Solver/Batch/SolverBatch.cs:193)
PPS.Solver.Batch.SolverBatch:Tick () (at Assets/_Project/Scripts/Solver/Batch/SolverBatch.cs:210)
UnityEditor.EditorApplication:Internal_CallUpdateFunctions ()

(Filename: Assets/_Project/Scripts/Solver/Batch/SolverBatch.cs Line: 193)

[SolverBatch] Stage05 — 88%  1058판 굴림
UnityEngine.Debug:ExtractStackTraceNoAlloc (byte*,int,string)
UnityEngine.StackTraceUtility:ExtractStackTrace ()
UnityEngine.DebugLogHandler:Internal_Log (UnityEngine.LogType,UnityEngine.LogOption,string,UnityEngine.Object)
UnityEngine.DebugLogHandler:LogFormat (UnityEngine.LogType,UnityEngine.Object,string,object[])
UnityEngine.Logger:Log (UnityEngine.LogType,object)
UnityEngine.Debug:Log (object)
PPS.Solver.Batch.SolverBatch:Progress () (at Assets/_Project/Scripts/Solver/Batch/SolverBatch.cs:193)
PPS.Solver.Batch.SolverBatch:Tick () (at Assets/_Project/Scripts/Solver/Batch/SolverBatch.cs:210)
UnityEditor.EditorApplication:Internal_CallUpdateFunctions ()

(Filename: Assets/_Project/Scripts/Solver/Batch/SolverBatch.cs Line: 193)

[SolverBatch] Stage05 — 93%  1104판 굴림
UnityEngine.Debug:ExtractStackTraceNoAlloc (byte*,int,string)
UnityEngine.StackTraceUtility:ExtractStackTrace ()
UnityEngine.DebugLogHandler:Internal_Log (UnityEngine.LogType,UnityEngine.LogOption,string,UnityEngine.Object)
UnityEngine.DebugLogHandler:LogFormat (UnityEngine.LogType,UnityEngine.Object,string,object[])
UnityEngine.Logger:Log (UnityEngine.LogType,object)
UnityEngine.Debug:Log (object)
PPS.Solver.Batch.SolverBatch:Progress () (at Assets/_Project/Scripts/Solver/Batch/SolverBatch.cs:193)
PPS.Solver.Batch.SolverBatch:Tick () (at Assets/_Project/Scripts/Solver/Batch/SolverBatch.cs:210)
UnityEditor.EditorApplication:Internal_CallUpdateFunctions ()

(Filename: Assets/_Project/Scripts/Solver/Batch/SolverBatch.cs Line: 193)

[SolverBatch] [7/22] Stage05 — Corridor 로 풀림 (1151회 시도) (51.9초)
UnityEngine.Debug:ExtractStackTraceNoAlloc (byte*,int,string)
UnityEngine.StackTraceUtility:ExtractStackTrace ()
UnityEngine.DebugLogHandler:Internal_Log (UnityEngine.LogType,UnityEngine.LogOption,string,UnityEngine.Object)
UnityEngine.DebugLogHandler:LogFormat (UnityEngine.LogType,UnityEngine.Object,string,object[])
UnityEngine.Logger:Log (UnityEngine.LogType,object)
UnityEngine.Debug:Log (object)
PPS.Solver.Batch.SolverBatch:FinishStage () (at Assets/_Project/Scripts/Solver/Batch/SolverBatch.cs:273)
PPS.Solver.Batch.SolverBatch:Tick () (at Assets/_Project/Scripts/Solver/Batch/SolverBatch.cs:214)
UnityEditor.EditorApplication:Internal_CallUpdateFunctions ()

(Filename: Assets/_Project/Scripts/Solver/Batch/SolverBatch.cs Line: 273)

[SolverBatch] Stage06 — 39%  275판 굴림
UnityEngine.Debug:ExtractStackTraceNoAlloc (byte*,int,string)
UnityEngine.StackTraceUtility:ExtractStackTrace ()
UnityEngine.DebugLogHandler:Internal_Log (UnityEngine.LogType,UnityEngine.LogOption,string,UnityEngine.Object)
UnityEngine.DebugLogHandler:LogFormat (UnityEngine.LogType,UnityEngine.Object,string,object[])
UnityEngine.Logger:Log (UnityEngine.LogType,object)
UnityEngine.Debug:Log (object)
PPS.Solver.Batch.SolverBatch:Progress () (at Assets/_Project/Scripts/Solver/Batch/SolverBatch.cs:193)
PPS.Solver.Batch.SolverBatch:Tick () (at Assets/_Project/Scripts/Solver/Batch/SolverBatch.cs:210)
UnityEditor.EditorApplication:Internal_CallUpdateFunctions ()

(Filename: Assets/_Project/Scripts/Solver/Batch/SolverBatch.cs Line: 193)

[SolverBatch] Stage06 — 46%  517판 굴림
UnityEngine.Debug:ExtractStackTraceNoAlloc (byte*,int,string)
UnityEngine.StackTraceUtility:ExtractStackTrace ()
UnityEngine.DebugLogHandler:Internal_Log (UnityEngine.LogType,UnityEngine.LogOption,string,UnityEngine.Object)
UnityEngine.DebugLogHandler:LogFormat (UnityEngine.LogType,UnityEngine.Object,string,object[])
UnityEngine.Logger:Log (UnityEngine.LogType,object)
UnityEngine.Debug:Log (object)
PPS.Solver.Batch.SolverBatch:Progress () (at Assets/_Project/Scripts/Solver/Batch/SolverBatch.cs:193)
PPS.Solver.Batch.SolverBatch:Tick () (at Assets/_Project/Scripts/Solver/Batch/SolverBatch.cs:210)
UnityEditor.EditorApplication:Internal_CallUpdateFunctions ()

(Filename: Assets/_Project/Scripts/Solver/Batch/SolverBatch.cs Line: 193)

[SolverBatch] Stage06 — 51%  731판 굴림
UnityEngine.Debug:ExtractStackTraceNoAlloc (byte*,int,string)
UnityEngine.StackTraceUtility:ExtractStackTrace ()
UnityEngine.DebugLogHandler:Internal_Log (UnityEngine.LogType,UnityEngine.LogOption,string,UnityEngine.Object)
UnityEngine.DebugLogHandler:LogFormat (UnityEngine.LogType,UnityEngine.Object,string,object[])
UnityEngine.Logger:Log (UnityEngine.LogType,object)
UnityEngine.Debug:Log (object)
PPS.Solver.Batch.SolverBatch:Progress () (at Assets/_Project/Scripts/Solver/Batch/SolverBatch.cs:193)
PPS.Solver.Batch.SolverBatch:Tick () (at Assets/_Project/Scripts/Solver/Batch/SolverBatch.cs:210)
UnityEditor.EditorApplication:Internal_CallUpdateFunctions ()

(Filename: Assets/_Project/Scripts/Solver/Batch/SolverBatch.cs Line: 193)

[SolverBatch] Stage06 — 54%  892판 굴림
UnityEngine.Debug:ExtractStackTraceNoAlloc (byte*,int,string)
UnityEngine.StackTraceUtility:ExtractStackTrace ()
UnityEngine.DebugLogHandler:Internal_Log (UnityEngine.LogType,UnityEngine.LogOption,string,UnityEngine.Object)
UnityEngine.DebugLogHandler:LogFormat (UnityEngine.LogType,UnityEngine.Object,string,object[])
UnityEngine.Logger:Log (UnityEngine.LogType,object)
UnityEngine.Debug:Log (object)
PPS.Solver.Batch.SolverBatch:Progress () (at Assets/_Project/Scripts/Solver/Batch/SolverBatch.cs:193)
PPS.Solver.Batch.SolverBatch:Tick () (at Assets/_Project/Scripts/Solver/Batch/SolverBatch.cs:210)
UnityEditor.EditorApplication:Internal_CallUpdateFunctions ()

(Filename: Assets/_Project/Scripts/Solver/Batch/SolverBatch.cs Line: 193)

[SolverBatch] Stage06 — 58%  1028판 굴림
UnityEngine.Debug:ExtractStackTraceNoAlloc (byte*,int,string)
UnityEngine.StackTraceUtility:ExtractStackTrace ()
UnityEngine.DebugLogHandler:Internal_Log (UnityEngine.LogType,UnityEngine.LogOption,string,UnityEngine.Object)
UnityEngine.DebugLogHandler:LogFormat (UnityEngine.LogType,UnityEngine.Object,string,object[])
UnityEngine.Logger:Log (UnityEngine.LogType,object)
UnityEngine.Debug:Log (object)
PPS.Solver.Batch.SolverBatch:Progress () (at Assets/_Project/Scripts/Solver/Batch/SolverBatch.cs:193)
PPS.Solver.Batch.SolverBatch:Tick () (at Assets/_Project/Scripts/Solver/Batch/SolverBatch.cs:210)
UnityEditor.EditorApplication:Internal_CallUpdateFunctions ()

(Filename: Assets/_Project/Scripts/Solver/Batch/SolverBatch.cs Line: 193)

[SolverBatch] Stage06 — 60%  1176판 굴림
UnityEngine.Debug:ExtractStackTraceNoAlloc (byte*,int,string)
UnityEngine.StackTraceUtility:ExtractStackTrace ()
UnityEngine.DebugLogHandler:Internal_Log (UnityEngine.LogType,UnityEngine.LogOption,string,UnityEngine.Object)
UnityEngine.DebugLogHandler:LogFormat (UnityEngine.LogType,UnityEngine.Object,string,object[])
UnityEngine.Logger:Log (UnityEngine.LogType,object)
UnityEngine.Debug:Log (object)
PPS.Solver.Batch.SolverBatch:Progress () (at Assets/_Project/Scripts/Solver/Batch/SolverBatch.cs:193)
PPS.Solver.Batch.SolverBatch:Tick () (at Assets/_Project/Scripts/Solver/Batch/SolverBatch.cs:210)
UnityEditor.EditorApplication:Internal_CallUpdateFunctions ()

(Filename: Assets/_Project/Scripts/Solver/Batch/SolverBatch.cs Line: 193)

[SolverBatch] Stage06 — 61%  1291판 굴림
UnityEngine.Debug:ExtractStackTraceNoAlloc (byte*,int,string)
UnityEngine.StackTraceUtility:ExtractStackTrace ()
UnityEngine.DebugLogHandler:Internal_Log (UnityEngine.LogType,UnityEngine.LogOption,string,UnityEngine.Object)
UnityEngine.DebugLogHandler:LogFormat (UnityEngine.LogType,UnityEngine.Object,string,object[])
UnityEngine.Logger:Log (UnityEngine.LogType,object)
UnityEngine.Debug:Log (object)
PPS.Solver.Batch.SolverBatch:Progress () (at Assets/_Project/Scripts/Solver/Batch/SolverBatch.cs:193)
PPS.Solver.Batch.SolverBatch:Tick () (at Assets/_Project/Scripts/Solver/Batch/SolverBatch.cs:210)
UnityEditor.EditorApplication:Internal_CallUpdateFunctions ()

(Filename: Assets/_Project/Scripts/Solver/Batch/SolverBatch.cs Line: 193)

[SolverBatch] Stage06 — 64%  1405판 굴림
UnityEngine.Debug:ExtractStackTraceNoAlloc (byte*,int,string)
UnityEngine.StackTraceUtility:ExtractStackTrace ()
UnityEngine.DebugLogHandler:Internal_Log (UnityEngine.LogType,UnityEngine.LogOption,string,UnityEngine.Object)
UnityEngine.DebugLogHandler:LogFormat (UnityEngine.LogType,UnityEngine.Object,string,object[])
UnityEngine.Logger:Log (UnityEngine.LogType,object)
UnityEngine.Debug:Log (object)
PPS.Solver.Batch.SolverBatch:Progress () (at Assets/_Project/Scripts/Solver/Batch/SolverBatch.cs:193)
PPS.Solver.Batch.SolverBatch:Tick () (at Assets/_Project/Scripts/Solver/Batch/SolverBatch.cs:210)
UnityEditor.EditorApplication:Internal_CallUpdateFunctions ()

(Filename: Assets/_Project/Scripts/Solver/Batch/SolverBatch.cs Line: 193)

[SolverBatch] Stage06 — 66%  1515판 굴림
UnityEngine.Debug:ExtractStackTraceNoAlloc (byte*,int,string)
UnityEngine.StackTraceUtility:ExtractStackTrace ()
UnityEngine.DebugLogHandler:Internal_Log (UnityEngine.LogType,UnityEngine.LogOption,string,UnityEngine.Object)
UnityEngine.DebugLogHandler:LogFormat (UnityEngine.LogType,UnityEngine.Object,string,object[])
UnityEngine.Logger:Log (UnityEngine.LogType,object)
UnityEngine.Debug:Log (object)
PPS.Solver.Batch.SolverBatch:Progress () (at Assets/_Project/Scripts/Solver/Batch/SolverBatch.cs:193)
PPS.Solver.Batch.SolverBatch:Tick () (at Assets/_Project/Scripts/Solver/Batch/SolverBatch.cs:210)
UnityEditor.EditorApplication:Internal_CallUpdateFunctions ()

(Filename: Assets/_Project/Scripts/Solver/Batch/SolverBatch.cs Line: 193)

[SolverBatch] Stage06 — 81%  1611판 굴림
UnityEngine.Debug:ExtractStackTraceNoAlloc (byte*,int,string)
UnityEngine.StackTraceUtility:ExtractStackTrace ()
UnityEngine.DebugLogHandler:Internal_Log (UnityEngine.LogType,UnityEngine.LogOption,string,UnityEngine.Object)
UnityEngine.DebugLogHandler:LogFormat (UnityEngine.LogType,UnityEngine.Object,string,object[])
UnityEngine.Logger:Log (UnityEngine.LogType,object)
UnityEngine.Debug:Log (object)
PPS.Solver.Batch.SolverBatch:Progress () (at Assets/_Project/Scripts/Solver/Batch/SolverBatch.cs:193)
PPS.Solver.Batch.SolverBatch:Tick () (at Assets/_Project/Scripts/Solver/Batch/SolverBatch.cs:210)
UnityEditor.EditorApplication:Internal_CallUpdateFunctions ()

(Filename: Assets/_Project/Scripts/Solver/Batch/SolverBatch.cs Line: 193)

[SolverBatch] [8/22] Stage06 — Corridor 로 풀림 (1655회 시도) (21.3초)
UnityEngine.Debug:ExtractStackTraceNoAlloc (byte*,int,string)
UnityEngine.StackTraceUtility:ExtractStackTrace ()
UnityEngine.DebugLogHandler:Internal_Log (UnityEngine.LogType,UnityEngine.LogOption,string,UnityEngine.Object)
UnityEngine.DebugLogHandler:LogFormat (UnityEngine.LogType,UnityEngine.Object,string,object[])
UnityEngine.Logger:Log (UnityEngine.LogType,object)
UnityEngine.Debug:Log (object)
PPS.Solver.Batch.SolverBatch:FinishStage () (at Assets/_Project/Scripts/Solver/Batch/SolverBatch.cs:273)
PPS.Solver.Batch.SolverBatch:Tick () (at Assets/_Project/Scripts/Solver/Batch/SolverBatch.cs:214)
UnityEditor.EditorApplication:Internal_CallUpdateFunctions ()

(Filename: Assets/_Project/Scripts/Solver/Batch/SolverBatch.cs Line: 273)

[SolverBatch] Stage07 — 34%  71판 굴림
UnityEngine.Debug:ExtractStackTraceNoAlloc (byte*,int,string)
UnityEngine.StackTraceUtility:ExtractStackTrace ()
UnityEngine.DebugLogHandler:Internal_Log (UnityEngine.LogType,UnityEngine.LogOption,string,UnityEngine.Object)
UnityEngine.DebugLogHandler:LogFormat (UnityEngine.LogType,UnityEngine.Object,string,object[])
UnityEngine.Logger:Log (UnityEngine.LogType,object)
UnityEngine.Debug:Log (object)
PPS.Solver.Batch.SolverBatch:Progress () (at Assets/_Project/Scripts/Solver/Batch/SolverBatch.cs:193)
PPS.Solver.Batch.SolverBatch:Tick () (at Assets/_Project/Scripts/Solver/Batch/SolverBatch.cs:210)
UnityEditor.EditorApplication:Internal_CallUpdateFunctions ()

(Filename: Assets/_Project/Scripts/Solver/Batch/SolverBatch.cs Line: 193)

[SolverBatch] Stage07 — 36%  152판 굴림
UnityEngine.Debug:ExtractStackTraceNoAlloc (byte*,int,string)
UnityEngine.StackTraceUtility:ExtractStackTrace ()
UnityEngine.DebugLogHandler:Internal_Log (UnityEngine.LogType,UnityEngine.LogOption,string,UnityEngine.Object)
UnityEngine.DebugLogHandler:LogFormat (UnityEngine.LogType,UnityEngine.Object,string,object[])
UnityEngine.Logger:Log (UnityEngine.LogType,object)
UnityEngine.Debug:Log (object)
PPS.Solver.Batch.SolverBatch:Progress () (at Assets/_Project/Scripts/Solver/Batch/SolverBatch.cs:193)
PPS.Solver.Batch.SolverBatch:Tick () (at Assets/_Project/Scripts/Solver/Batch/SolverBatch.cs:210)
UnityEditor.EditorApplication:Internal_CallUpdateFunctions ()

(Filename: Assets/_Project/Scripts/Solver/Batch/SolverBatch.cs Line: 193)

[SolverBatch] Stage07 — 39%  244판 굴림
UnityEngine.Debug:ExtractStackTraceNoAlloc (byte*,int,string)
UnityEngine.StackTraceUtility:ExtractStackTrace ()
UnityEngine.DebugLogHandler:Internal_Log (UnityEngine.LogType,UnityEngine.LogOption,string,UnityEngine.Object)
UnityEngine.DebugLogHandler:LogFormat (UnityEngine.LogType,UnityEngine.Object,string,object[])
UnityEngine.Logger:Log (UnityEngine.LogType,object)
UnityEngine.Debug:Log (object)
PPS.Solver.Batch.SolverBatch:Progress () (at Assets/_Project/Scripts/Solver/Batch/SolverBatch.cs:193)
PPS.Solver.Batch.SolverBatch:Tick () (at Assets/_Project/Scripts/Solver/Batch/SolverBatch.cs:210)
UnityEditor.EditorApplication:Internal_CallUpdateFunctions ()

(Filename: Assets/_Project/Scripts/Solver/Batch/SolverBatch.cs Line: 193)

[SolverBatch] Stage07 — 42%  333판 굴림
UnityEngine.Debug:ExtractStackTraceNoAlloc (byte*,int,string)
UnityEngine.StackTraceUtility:ExtractStackTrace ()
UnityEngine.DebugLogHandler:Internal_Log (UnityEngine.LogType,UnityEngine.LogOption,string,UnityEngine.Object)
UnityEngine.DebugLogHandler:LogFormat (UnityEngine.LogType,UnityEngine.Object,string,object[])
UnityEngine.Logger:Log (UnityEngine.LogType,object)
UnityEngine.Debug:Log (object)
PPS.Solver.Batch.SolverBatch:Progress () (at Assets/_Project/Scripts/Solver/Batch/SolverBatch.cs:193)
PPS.Solver.Batch.SolverBatch:Tick () (at Assets/_Project/Scripts/Solver/Batch/SolverBatch.cs:210)
UnityEditor.EditorApplication:Internal_CallUpdateFunctions ()

(Filename: Assets/_Project/Scripts/Solver/Batch/SolverBatch.cs Line: 193)

[SolverBatch] Stage07 — 44%  411판 굴림
UnityEngine.Debug:ExtractStackTraceNoAlloc (byte*,int,string)
UnityEngine.StackTraceUtility:ExtractStackTrace ()
UnityEngine.DebugLogHandler:Internal_Log (UnityEngine.LogType,UnityEngine.LogOption,string,UnityEngine.Object)
UnityEngine.DebugLogHandler:LogFormat (UnityEngine.LogType,UnityEngine.Object,string,object[])
UnityEngine.Logger:Log (UnityEngine.LogType,object)
UnityEngine.Debug:Log (object)
PPS.Solver.Batch.SolverBatch:Progress () (at Assets/_Project/Scripts/Solver/Batch/SolverBatch.cs:193)
PPS.Solver.Batch.SolverBatch:Tick () (at Assets/_Project/Scripts/Solver/Batch/SolverBatch.cs:210)
UnityEditor.EditorApplication:Internal_CallUpdateFunctions ()

(Filename: Assets/_Project/Scripts/Solver/Batch/SolverBatch.cs Line: 193)

[SolverBatch] Stage07 — 47%  491판 굴림
UnityEngine.Debug:ExtractStackTraceNoAlloc (byte*,int,string)
UnityEngine.StackTraceUtility:ExtractStackTrace ()
UnityEngine.DebugLogHandler:Internal_Log (UnityEngine.LogType,UnityEngine.LogOption,string,UnityEngine.Object)
UnityEngine.DebugLogHandler:LogFormat (UnityEngine.LogType,UnityEngine.Object,string,object[])
UnityEngine.Logger:Log (UnityEngine.LogType,object)
UnityEngine.Debug:Log (object)
PPS.Solver.Batch.SolverBatch:Progress () (at Assets/_Project/Scripts/Solver/Batch/SolverBatch.cs:193)
PPS.Solver.Batch.SolverBatch:Tick () (at Assets/_Project/Scripts/Solver/Batch/SolverBatch.cs:210)
UnityEditor.EditorApplication:Internal_CallUpdateFunctions ()

(Filename: Assets/_Project/Scripts/Solver/Batch/SolverBatch.cs Line: 193)

[SolverBatch] Stage07 — 49%  555판 굴림
UnityEngine.Debug:ExtractStackTraceNoAlloc (byte*,int,string)
UnityEngine.StackTraceUtility:ExtractStackTrace ()
UnityEngine.DebugLogHandler:Internal_Log (UnityEngine.LogType,UnityEngine.LogOption,string,UnityEngine.Object)
UnityEngine.DebugLogHandler:LogFormat (UnityEngine.LogType,UnityEngine.Object,string,object[])
UnityEngine.Logger:Log (UnityEngine.LogType,object)
UnityEngine.Debug:Log (object)
PPS.Solver.Batch.SolverBatch:Progress () (at Assets/_Project/Scripts/Solver/Batch/SolverBatch.cs:193)
PPS.Solver.Batch.SolverBatch:Tick () (at Assets/_Project/Scripts/Solver/Batch/SolverBatch.cs:210)
UnityEditor.EditorApplication:Internal_CallUpdateFunctions ()

(Filename: Assets/_Project/Scripts/Solver/Batch/SolverBatch.cs Line: 193)

[SolverBatch] Stage07 — 50%  633판 굴림
UnityEngine.Debug:ExtractStackTraceNoAlloc (byte*,int,string)
UnityEngine.StackTraceUtility:ExtractStackTrace ()
UnityEngine.DebugLogHandler:Internal_Log (UnityEngine.LogType,UnityEngine.LogOption,string,UnityEngine.Object)
UnityEngine.DebugLogHandler:LogFormat (UnityEngine.LogType,UnityEngine.Object,string,object[])
UnityEngine.Logger:Log (UnityEngine.LogType,object)
UnityEngine.Debug:Log (object)
PPS.Solver.Batch.SolverBatch:Progress () (at Assets/_Project/Scripts/Solver/Batch/SolverBatch.cs:193)
PPS.Solver.Batch.SolverBatch:Tick () (at Assets/_Project/Scripts/Solver/Batch/SolverBatch.cs:210)
UnityEditor.EditorApplication:Internal_CallUpdateFunctions ()

(Filename: Assets/_Project/Scripts/Solver/Batch/SolverBatch.cs Line: 193)

[SolverBatch] Stage07 — 52%  709판 굴림
UnityEngine.Debug:ExtractStackTraceNoAlloc (byte*,int,string)
UnityEngine.StackTraceUtility:ExtractStackTrace ()
UnityEngine.DebugLogHandler:Internal_Log (UnityEngine.LogType,UnityEngine.LogOption,string,UnityEngine.Object)
UnityEngine.DebugLogHandler:LogFormat (UnityEngine.LogType,UnityEngine.Object,string,object[])
UnityEngine.Logger:Log (UnityEngine.LogType,object)
UnityEngine.Debug:Log (object)
PPS.Solver.Batch.SolverBatch:Progress () (at Assets/_Project/Scripts/Solver/Batch/SolverBatch.cs:193)
PPS.Solver.Batch.SolverBatch:Tick () (at Assets/_Project/Scripts/Solver/Batch/SolverBatch.cs:210)
UnityEditor.EditorApplication:Internal_CallUpdateFunctions ()

(Filename: Assets/_Project/Scripts/Solver/Batch/SolverBatch.cs Line: 193)

[SolverBatch] Stage07 — 54%  780판 굴림
UnityEngine.Debug:ExtractStackTraceNoAlloc (byte*,int,string)
UnityEngine.StackTraceUtility:ExtractStackTrace ()
UnityEngine.DebugLogHandler:Internal_Log (UnityEngine.LogType,UnityEngine.LogOption,string,UnityEngine.Object)
UnityEngine.DebugLogHandler:LogFormat (UnityEngine.LogType,UnityEngine.Object,string,object[])
UnityEngine.Logger:Log (UnityEngine.LogType,object)
UnityEngine.Debug:Log (object)
PPS.Solver.Batch.SolverBatch:Progress () (at Assets/_Project/Scripts/Solver/Batch/SolverBatch.cs:193)
PPS.Solver.Batch.SolverBatch:Tick () (at Assets/_Project/Scripts/Solver/Batch/SolverBatch.cs:210)
UnityEditor.EditorApplication:Internal_CallUpdateFunctions ()

(Filename: Assets/_Project/Scripts/Solver/Batch/SolverBatch.cs Line: 193)

[SolverBatch] Stage07 — 56%  839판 굴림
UnityEngine.Debug:ExtractStackTraceNoAlloc (byte*,int,string)
UnityEngine.StackTraceUtility:ExtractStackTrace ()
UnityEngine.DebugLogHandler:Internal_Log (UnityEngine.LogType,UnityEngine.LogOption,string,UnityEngine.Object)
UnityEngine.DebugLogHandler:LogFormat (UnityEngine.LogType,UnityEngine.Object,string,object[])
UnityEngine.Logger:Log (UnityEngine.LogType,object)
UnityEngine.Debug:Log (object)
PPS.Solver.Batch.SolverBatch:Progress () (at Assets/_Project/Scripts/Solver/Batch/SolverBatch.cs:193)
PPS.Solver.Batch.SolverBatch:Tick () (at Assets/_Project/Scripts/Solver/Batch/SolverBatch.cs:210)
UnityEditor.EditorApplication:Internal_CallUpdateFunctions ()

(Filename: Assets/_Project/Scripts/Solver/Batch/SolverBatch.cs Line: 193)

[SolverBatch] Stage07 — 58%  904판 굴림
UnityEngine.Debug:ExtractStackTraceNoAlloc (byte*,int,string)
UnityEngine.StackTraceUtility:ExtractStackTrace ()
UnityEngine.DebugLogHandler:Internal_Log (UnityEngine.LogType,UnityEngine.LogOption,string,UnityEngine.Object)
UnityEngine.DebugLogHandler:LogFormat (UnityEngine.LogType,UnityEngine.Object,string,object[])
UnityEngine.Logger:Log (UnityEngine.LogType,object)
UnityEngine.Debug:Log (object)
PPS.Solver.Batch.SolverBatch:Progress () (at Assets/_Project/Scripts/Solver/Batch/SolverBatch.cs:193)
PPS.Solver.Batch.SolverBatch:Tick () (at Assets/_Project/Scripts/Solver/Batch/SolverBatch.cs:210)
UnityEditor.EditorApplication:Internal_CallUpdateFunctions ()

(Filename: Assets/_Project/Scripts/Solver/Batch/SolverBatch.cs Line: 193)

[SolverBatch] Stage07 — 59%  956판 굴림
UnityEngine.Debug:ExtractStackTraceNoAlloc (byte*,int,string)
UnityEngine.StackTraceUtility:ExtractStackTrace ()
UnityEngine.DebugLogHandler:Internal_Log (UnityEngine.LogType,UnityEngine.LogOption,string,UnityEngine.Object)
UnityEngine.DebugLogHandler:LogFormat (UnityEngine.LogType,UnityEngine.Object,string,object[])
UnityEngine.Logger:Log (UnityEngine.LogType,object)
UnityEngine.Debug:Log (object)
PPS.Solver.Batch.SolverBatch:Progress () (at Assets/_Project/Scripts/Solver/Batch/SolverBatch.cs:193)
PPS.Solver.Batch.SolverBatch:Tick () (at Assets/_Project/Scripts/Solver/Batch/SolverBatch.cs:210)
UnityEditor.EditorApplication:Internal_CallUpdateFunctions ()

(Filename: Assets/_Project/Scripts/Solver/Batch/SolverBatch.cs Line: 193)

[SolverBatch] Stage07 — 60%  1012판 굴림
UnityEngine.Debug:ExtractStackTraceNoAlloc (byte*,int,string)
UnityEngine.StackTraceUtility:ExtractStackTrace ()
UnityEngine.DebugLogHandler:Internal_Log (UnityEngine.LogType,UnityEngine.LogOption,string,UnityEngine.Object)
UnityEngine.DebugLogHandler:LogFormat (UnityEngine.LogType,UnityEngine.Object,string,object[])
UnityEngine.Logger:Log (UnityEngine.LogType,object)
UnityEngine.Debug:Log (object)
PPS.Solver.Batch.SolverBatch:Progress () (at Assets/_Project/Scripts/Solver/Batch/SolverBatch.cs:193)
PPS.Solver.Batch.SolverBatch:Tick () (at Assets/_Project/Scripts/Solver/Batch/SolverBatch.cs:210)
UnityEditor.EditorApplication:Internal_CallUpdateFunctions ()

(Filename: Assets/_Project/Scripts/Solver/Batch/SolverBatch.cs Line: 193)

[SolverBatch] Stage07 — 60%  1059판 굴림
UnityEngine.Debug:ExtractStackTraceNoAlloc (byte*,int,string)
UnityEngine.StackTraceUtility:ExtractStackTrace ()
UnityEngine.DebugLogHandler:Internal_Log (UnityEngine.LogType,UnityEngine.LogOption,string,UnityEngine.Object)
UnityEngine.DebugLogHandler:LogFormat (UnityEngine.LogType,UnityEngine.Object,string,object[])
UnityEngine.Logger:Log (UnityEngine.LogType,object)
UnityEngine.Debug:Log (object)
PPS.Solver.Batch.SolverBatch:Progress () (at Assets/_Project/Scripts/Solver/Batch/SolverBatch.cs:193)
PPS.Solver.Batch.SolverBatch:Tick () (at Assets/_Project/Scripts/Solver/Batch/SolverBatch.cs:210)
UnityEditor.EditorApplication:Internal_CallUpdateFunctions ()

(Filename: Assets/_Project/Scripts/Solver/Batch/SolverBatch.cs Line: 193)

[SolverBatch] Stage07 — 61%  1110판 굴림
UnityEngine.Debug:ExtractStackTraceNoAlloc (byte*,int,string)
UnityEngine.StackTraceUtility:ExtractStackTrace ()
UnityEngine.DebugLogHandler:Internal_Log (UnityEngine.LogType,UnityEngine.LogOption,string,UnityEngine.Object)
UnityEngine.DebugLogHandler:LogFormat (UnityEngine.LogType,UnityEngine.Object,string,object[])
UnityEngine.Logger:Log (UnityEngine.LogType,object)
UnityEngine.Debug:Log (object)
PPS.Solver.Batch.SolverBatch:Progress () (at Assets/_Project/Scripts/Solver/Batch/SolverBatch.cs:193)
PPS.Solver.Batch.SolverBatch:Tick () (at Assets/_Project/Scripts/Solver/Batch/SolverBatch.cs:210)
UnityEditor.EditorApplication:Internal_CallUpdateFunctions ()

(Filename: Assets/_Project/Scripts/Solver/Batch/SolverBatch.cs Line: 193)

[SolverBatch] Stage07 — 62%  1169판 굴림
UnityEngine.Debug:ExtractStackTraceNoAlloc (byte*,int,string)
UnityEngine.StackTraceUtility:ExtractStackTrace ()
UnityEngine.DebugLogHandler:Internal_Log (UnityEngine.LogType,UnityEngine.LogOption,string,UnityEngine.Object)
UnityEngine.DebugLogHandler:LogFormat (UnityEngine.LogType,UnityEngine.Object,string,object[])
UnityEngine.Logger:Log (UnityEngine.LogType,object)
UnityEngine.Debug:Log (object)
PPS.Solver.Batch.SolverBatch:Progress () (at Assets/_Project/Scripts/Solver/Batch/SolverBatch.cs:193)
PPS.Solver.Batch.SolverBatch:Tick () (at Assets/_Project/Scripts/Solver/Batch/SolverBatch.cs:210)
UnityEditor.EditorApplication:Internal_CallUpdateFunctions ()

(Filename: Assets/_Project/Scripts/Solver/Batch/SolverBatch.cs Line: 193)

[SolverBatch] Stage07 — 64%  1224판 굴림
UnityEngine.Debug:ExtractStackTraceNoAlloc (byte*,int,string)
UnityEngine.StackTraceUtility:ExtractStackTrace ()
UnityEngine.DebugLogHandler:Internal_Log (UnityEngine.LogType,UnityEngine.LogOption,string,UnityEngine.Object)
UnityEngine.DebugLogHandler:LogFormat (UnityEngine.LogType,UnityEngine.Object,string,object[])
UnityEngine.Logger:Log (UnityEngine.LogType,object)
UnityEngine.Debug:Log (object)
PPS.Solver.Batch.SolverBatch:Progress () (at Assets/_Project/Scripts/Solver/Batch/SolverBatch.cs:193)
PPS.Solver.Batch.SolverBatch:Tick () (at Assets/_Project/Scripts/Solver/Batch/SolverBatch.cs:210)
UnityEditor.EditorApplication:Internal_CallUpdateFunctions ()

(Filename: Assets/_Project/Scripts/Solver/Batch/SolverBatch.cs Line: 193)

[SolverBatch] Stage07 — 65%  1271판 굴림
UnityEngine.Debug:ExtractStackTraceNoAlloc (byte*,int,string)
UnityEngine.StackTraceUtility:ExtractStackTrace ()
UnityEngine.DebugLogHandler:Internal_Log (UnityEngine.LogType,UnityEngine.LogOption,string,UnityEngine.Object)
UnityEngine.DebugLogHandler:LogFormat (UnityEngine.LogType,UnityEngine.Object,string,object[])
UnityEngine.Logger:Log (UnityEngine.LogType,object)
UnityEngine.Debug:Log (object)
PPS.Solver.Batch.SolverBatch:Progress () (at Assets/_Project/Scripts/Solver/Batch/SolverBatch.cs:193)
PPS.Solver.Batch.SolverBatch:Tick () (at Assets/_Project/Scripts/Solver/Batch/SolverBatch.cs:210)
UnityEditor.EditorApplication:Internal_CallUpdateFunctions ()

(Filename: Assets/_Project/Scripts/Solver/Batch/SolverBatch.cs Line: 193)

[SolverBatch] Stage07 — 66%  1332판 굴림
UnityEngine.Debug:ExtractStackTraceNoAlloc (byte*,int,string)
UnityEngine.StackTraceUtility:ExtractStackTrace ()
UnityEngine.DebugLogHandler:Internal_Log (UnityEngine.LogType,UnityEngine.LogOption,string,UnityEngine.Object)
UnityEngine.DebugLogHandler:LogFormat (UnityEngine.LogType,UnityEngine.Object,string,object[])
UnityEngine.Logger:Log (UnityEngine.LogType,object)
UnityEngine.Debug:Log (object)
PPS.Solver.Batch.SolverBatch:Progress () (at Assets/_Project/Scripts/Solver/Batch/SolverBatch.cs:193)
PPS.Solver.Batch.SolverBatch:Tick () (at Assets/_Project/Scripts/Solver/Batch/SolverBatch.cs:210)
UnityEditor.EditorApplication:Internal_CallUpdateFunctions ()

(Filename: Assets/_Project/Scripts/Solver/Batch/SolverBatch.cs Line: 193)

[SolverBatch] Stage07 — 69%  1389판 굴림
UnityEngine.Debug:ExtractStackTraceNoAlloc (byte*,int,string)
UnityEngine.StackTraceUtility:ExtractStackTrace ()
UnityEngine.DebugLogHandler:Internal_Log (UnityEngine.LogType,UnityEngine.LogOption,string,UnityEngine.Object)
UnityEngine.DebugLogHandler:LogFormat (UnityEngine.LogType,UnityEngine.Object,string,object[])
UnityEngine.Logger:Log (UnityEngine.LogType,object)
UnityEngine.Debug:Log (object)
PPS.Solver.Batch.SolverBatch:Progress () (at Assets/_Project/Scripts/Solver/Batch/SolverBatch.cs:193)
PPS.Solver.Batch.SolverBatch:Tick () (at Assets/_Project/Scripts/Solver/Batch/SolverBatch.cs:210)
UnityEditor.EditorApplication:Internal_CallUpdateFunctions ()

(Filename: Assets/_Project/Scripts/Solver/Batch/SolverBatch.cs Line: 193)

[SolverBatch] Stage07 — 79%  1438판 굴림
UnityEngine.Debug:ExtractStackTraceNoAlloc (byte*,int,string)
UnityEngine.StackTraceUtility:ExtractStackTrace ()
UnityEngine.DebugLogHandler:Internal_Log (UnityEngine.LogType,UnityEngine.LogOption,string,UnityEngine.Object)
UnityEngine.DebugLogHandler:LogFormat (UnityEngine.LogType,UnityEngine.Object,string,object[])
UnityEngine.Logger:Log (UnityEngine.LogType,object)
UnityEngine.Debug:Log (object)
PPS.Solver.Batch.SolverBatch:Progress () (at Assets/_Project/Scripts/Solver/Batch/SolverBatch.cs:193)
PPS.Solver.Batch.SolverBatch:Tick () (at Assets/_Project/Scripts/Solver/Batch/SolverBatch.cs:210)
UnityEditor.EditorApplication:Internal_CallUpdateFunctions ()

(Filename: Assets/_Project/Scripts/Solver/Batch/SolverBatch.cs Line: 193)

[SolverBatch] Stage07 — 89%  1477판 굴림
UnityEngine.Debug:ExtractStackTraceNoAlloc (byte*,int,string)
UnityEngine.StackTraceUtility:ExtractStackTrace ()
UnityEngine.DebugLogHandler:Internal_Log (UnityEngine.LogType,UnityEngine.LogOption,string,UnityEngine.Object)
UnityEngine.DebugLogHandler:LogFormat (UnityEngine.LogType,UnityEngine.Object,string,object[])
UnityEngine.Logger:Log (UnityEngine.LogType,object)
UnityEngine.Debug:Log (object)
PPS.Solver.Batch.SolverBatch:Progress () (at Assets/_Project/Scripts/Solver/Batch/SolverBatch.cs:193)
PPS.Solver.Batch.SolverBatch:Tick () (at Assets/_Project/Scripts/Solver/Batch/SolverBatch.cs:210)
UnityEditor.EditorApplication:Internal_CallUpdateFunctions ()

(Filename: Assets/_Project/Scripts/Solver/Batch/SolverBatch.cs Line: 193)

[SolverBatch] Stage07 — 99%  1517판 굴림
UnityEngine.Debug:ExtractStackTraceNoAlloc (byte*,int,string)
UnityEngine.StackTraceUtility:ExtractStackTrace ()
UnityEngine.DebugLogHandler:Internal_Log (UnityEngine.LogType,UnityEngine.LogOption,string,UnityEngine.Object)
UnityEngine.DebugLogHandler:LogFormat (UnityEngine.LogType,UnityEngine.Object,string,object[])
UnityEngine.Logger:Log (UnityEngine.LogType,object)
UnityEngine.Debug:Log (object)
PPS.Solver.Batch.SolverBatch:Progress () (at Assets/_Project/Scripts/Solver/Batch/SolverBatch.cs:193)
PPS.Solver.Batch.SolverBatch:Tick () (at Assets/_Project/Scripts/Solver/Batch/SolverBatch.cs:210)
UnityEditor.EditorApplication:Internal_CallUpdateFunctions ()

(Filename: Assets/_Project/Scripts/Solver/Batch/SolverBatch.cs Line: 193)

[SolverBatch] [9/22] Stage07 — Corridor 로 풀림 (1528회 시도) (49.9초)
UnityEngine.Debug:ExtractStackTraceNoAlloc (byte*,int,string)
UnityEngine.StackTraceUtility:ExtractStackTrace ()
UnityEngine.DebugLogHandler:Internal_Log (UnityEngine.LogType,UnityEngine.LogOption,string,UnityEngine.Object)
UnityEngine.DebugLogHandler:LogFormat (UnityEngine.LogType,UnityEngine.Object,string,object[])
UnityEngine.Logger:Log (UnityEngine.LogType,object)
UnityEngine.Debug:Log (object)
PPS.Solver.Batch.SolverBatch:FinishStage () (at Assets/_Project/Scripts/Solver/Batch/SolverBatch.cs:273)
PPS.Solver.Batch.SolverBatch:Tick () (at Assets/_Project/Scripts/Solver/Batch/SolverBatch.cs:214)
UnityEditor.EditorApplication:Internal_CallUpdateFunctions ()

(Filename: Assets/_Project/Scripts/Solver/Batch/SolverBatch.cs Line: 273)

[SolverBatch] Stage08 — 33%  18판 굴림
UnityEngine.Debug:ExtractStackTraceNoAlloc (byte*,int,string)
UnityEngine.StackTraceUtility:ExtractStackTrace ()
UnityEngine.DebugLogHandler:Internal_Log (UnityEngine.LogType,UnityEngine.LogOption,string,UnityEngine.Object)
UnityEngine.DebugLogHandler:LogFormat (UnityEngine.LogType,UnityEngine.Object,string,object[])
UnityEngine.Logger:Log (UnityEngine.LogType,object)
UnityEngine.Debug:Log (object)
PPS.Solver.Batch.SolverBatch:Progress () (at Assets/_Project/Scripts/Solver/Batch/SolverBatch.cs:193)
PPS.Solver.Batch.SolverBatch:Tick () (at Assets/_Project/Scripts/Solver/Batch/SolverBatch.cs:210)
UnityEditor.EditorApplication:Internal_CallUpdateFunctions ()

(Filename: Assets/_Project/Scripts/Solver/Batch/SolverBatch.cs Line: 193)

[SolverBatch] Stage08 — 33%  54판 굴림
UnityEngine.Debug:ExtractStackTraceNoAlloc (byte*,int,string)
UnityEngine.StackTraceUtility:ExtractStackTrace ()
UnityEngine.DebugLogHandler:Internal_Log (UnityEngine.LogType,UnityEngine.LogOption,string,UnityEngine.Object)
UnityEngine.DebugLogHandler:LogFormat (UnityEngine.LogType,UnityEngine.Object,string,object[])
UnityEngine.Logger:Log (UnityEngine.LogType,object)
UnityEngine.Debug:Log (object)
PPS.Solver.Batch.SolverBatch:Progress () (at Assets/_Project/Scripts/Solver/Batch/SolverBatch.cs:193)
PPS.Solver.Batch.SolverBatch:Tick () (at Assets/_Project/Scripts/Solver/Batch/SolverBatch.cs:210)
UnityEditor.EditorApplication:Internal_CallUpdateFunctions ()

(Filename: Assets/_Project/Scripts/Solver/Batch/SolverBatch.cs Line: 193)

[SolverBatch] Stage08 — 34%  70판 굴림
UnityEngine.Debug:ExtractStackTraceNoAlloc (byte*,int,string)
UnityEngine.StackTraceUtility:ExtractStackTrace ()
UnityEngine.DebugLogHandler:Internal_Log (UnityEngine.LogType,UnityEngine.LogOption,string,UnityEngine.Object)
UnityEngine.DebugLogHandler:LogFormat (UnityEngine.LogType,UnityEngine.Object,string,object[])
UnityEngine.Logger:Log (UnityEngine.LogType,object)
UnityEngine.Debug:Log (object)
PPS.Solver.Batch.SolverBatch:Progress () (at Assets/_Project/Scripts/Solver/Batch/SolverBatch.cs:193)
PPS.Solver.Batch.SolverBatch:Tick () (at Assets/_Project/Scripts/Solver/Batch/SolverBatch.cs:210)
UnityEditor.EditorApplication:Internal_CallUpdateFunctions ()

(Filename: Assets/_Project/Scripts/Solver/Batch/SolverBatch.cs Line: 193)

[SolverBatch] Stage08 — 34%  86판 굴림
UnityEngine.Debug:ExtractStackTraceNoAlloc (byte*,int,string)
UnityEngine.StackTraceUtility:ExtractStackTrace ()
UnityEngine.DebugLogHandler:Internal_Log (UnityEngine.LogType,UnityEngine.LogOption,string,UnityEngine.Object)
UnityEngine.DebugLogHandler:LogFormat (UnityEngine.LogType,UnityEngine.Object,string,object[])
UnityEngine.Logger:Log (UnityEngine.LogType,object)
UnityEngine.Debug:Log (object)
PPS.Solver.Batch.SolverBatch:Progress () (at Assets/_Project/Scripts/Solver/Batch/SolverBatch.cs:193)
PPS.Solver.Batch.SolverBatch:Tick () (at Assets/_Project/Scripts/Solver/Batch/SolverBatch.cs:210)
UnityEditor.EditorApplication:Internal_CallUpdateFunctions ()

(Filename: Assets/_Project/Scripts/Solver/Batch/SolverBatch.cs Line: 193)

[SolverBatch] Stage08 — 34%  115판 굴림
UnityEngine.Debug:ExtractStackTraceNoAlloc (byte*,int,string)
UnityEngine.StackTraceUtility:ExtractStackTrace ()
UnityEngine.DebugLogHandler:Internal_Log (UnityEngine.LogType,UnityEngine.LogOption,string,UnityEngine.Object)
UnityEngine.DebugLogHandler:LogFormat (UnityEngine.LogType,UnityEngine.Object,string,object[])
UnityEngine.Logger:Log (UnityEngine.LogType,object)
UnityEngine.Debug:Log (object)
PPS.Solver.Batch.SolverBatch:Progress () (at Assets/_Project/Scripts/Solver/Batch/SolverBatch.cs:193)
PPS.Solver.Batch.SolverBatch:Tick () (at Assets/_Project/Scripts/Solver/Batch/SolverBatch.cs:210)
UnityEditor.EditorApplication:Internal_CallUpdateFunctions ()

(Filename: Assets/_Project/Scripts/Solver/Batch/SolverBatch.cs Line: 193)

[SolverBatch] Stage08 — 34%  146판 굴림
UnityEngine.Debug:ExtractStackTraceNoAlloc (byte*,int,string)
UnityEngine.StackTraceUtility:ExtractStackTrace ()
UnityEngine.DebugLogHandler:Internal_Log (UnityEngine.LogType,UnityEngine.LogOption,string,UnityEngine.Object)
UnityEngine.DebugLogHandler:LogFormat (UnityEngine.LogType,UnityEngine.Object,string,object[])
UnityEngine.Logger:Log (UnityEngine.LogType,object)
UnityEngine.Debug:Log (object)
PPS.Solver.Batch.SolverBatch:Progress () (at Assets/_Project/Scripts/Solver/Batch/SolverBatch.cs:193)
PPS.Solver.Batch.SolverBatch:Tick () (at Assets/_Project/Scripts/Solver/Batch/SolverBatch.cs:210)
UnityEditor.EditorApplication:Internal_CallUpdateFunctions ()

(Filename: Assets/_Project/Scripts/Solver/Batch/SolverBatch.cs Line: 193)

[SolverBatch] Stage08 — 34%  169판 굴림
UnityEngine.Debug:ExtractStackTraceNoAlloc (byte*,int,string)
UnityEngine.StackTraceUtility:ExtractStackTrace ()
UnityEngine.DebugLogHandler:Internal_Log (UnityEngine.LogType,UnityEngine.LogOption,string,UnityEngine.Object)
UnityEngine.DebugLogHandler:LogFormat (UnityEngine.LogType,UnityEngine.Object,string,object[])
UnityEngine.Logger:Log (UnityEngine.LogType,object)
UnityEngine.Debug:Log (object)
PPS.Solver.Batch.SolverBatch:Progress () (at Assets/_Project/Scripts/Solver/Batch/SolverBatch.cs:193)
PPS.Solver.Batch.SolverBatch:Tick () (at Assets/_Project/Scripts/Solver/Batch/SolverBatch.cs:210)
UnityEditor.EditorApplication:Internal_CallUpdateFunctions ()

(Filename: Assets/_Project/Scripts/Solver/Batch/SolverBatch.cs Line: 193)

[SolverBatch] Stage08 — 35%  191판 굴림
UnityEngine.Debug:ExtractStackTraceNoAlloc (byte*,int,string)
UnityEngine.StackTraceUtility:ExtractStackTrace ()
UnityEngine.DebugLogHandler:Internal_Log (UnityEngine.LogType,UnityEngine.LogOption,string,UnityEngine.Object)
UnityEngine.DebugLogHandler:LogFormat (UnityEngine.LogType,UnityEngine.Object,string,object[])
UnityEngine.Logger:Log (UnityEngine.LogType,object)
UnityEngine.Debug:Log (object)
PPS.Solver.Batch.SolverBatch:Progress () (at Assets/_Project/Scripts/Solver/Batch/SolverBatch.cs:193)
PPS.Solver.Batch.SolverBatch:Tick () (at Assets/_Project/Scripts/Solver/Batch/SolverBatch.cs:210)
UnityEditor.EditorApplication:Internal_CallUpdateFunctions ()

(Filename: Assets/_Project/Scripts/Solver/Batch/SolverBatch.cs Line: 193)

[SolverBatch] Stage08 — 35%  210판 굴림
UnityEngine.Debug:ExtractStackTraceNoAlloc (byte*,int,string)
UnityEngine.StackTraceUtility:ExtractStackTrace ()
UnityEngine.DebugLogHandler:Internal_Log (UnityEngine.LogType,UnityEngine.LogOption,string,UnityEngine.Object)
UnityEngine.DebugLogHandler:LogFormat (UnityEngine.LogType,UnityEngine.Object,string,object[])
UnityEngine.Logger:Log (UnityEngine.LogType,object)
UnityEngine.Debug:Log (object)
PPS.Solver.Batch.SolverBatch:Progress () (at Assets/_Project/Scripts/Solver/Batch/SolverBatch.cs:193)
PPS.Solver.Batch.SolverBatch:Tick () (at Assets/_Project/Scripts/Solver/Batch/SolverBatch.cs:210)
UnityEditor.EditorApplication:Internal_CallUpdateFunctions ()

(Filename: Assets/_Project/Scripts/Solver/Batch/SolverBatch.cs Line: 193)

[SolverBatch] Stage08 — 35%  239판 굴림
UnityEngine.Debug:ExtractStackTraceNoAlloc (byte*,int,string)
UnityEngine.StackTraceUtility:ExtractStackTrace ()
UnityEngine.DebugLogHandler:Internal_Log (UnityEngine.LogType,UnityEngine.LogOption,string,UnityEngine.Object)
UnityEngine.DebugLogHandler:LogFormat (UnityEngine.LogType,UnityEngine.Object,string,object[])
UnityEngine.Logger:Log (UnityEngine.LogType,object)
UnityEngine.Debug:Log (object)
PPS.Solver.Batch.SolverBatch:Progress () (at Assets/_Project/Scripts/Solver/Batch/SolverBatch.cs:193)
PPS.Solver.Batch.SolverBatch:Tick () (at Assets/_Project/Scripts/Solver/Batch/SolverBatch.cs:210)
UnityEditor.EditorApplication:Internal_CallUpdateFunctions ()

(Filename: Assets/_Project/Scripts/Solver/Batch/SolverBatch.cs Line: 193)

[SolverBatch] Stage08 — 35%  257판 굴림
UnityEngine.Debug:ExtractStackTraceNoAlloc (byte*,int,string)
UnityEngine.StackTraceUtility:ExtractStackTrace ()
UnityEngine.DebugLogHandler:Internal_Log (UnityEngine.LogType,UnityEngine.LogOption,string,UnityEngine.Object)
UnityEngine.DebugLogHandler:LogFormat (UnityEngine.LogType,UnityEngine.Object,string,object[])
UnityEngine.Logger:Log (UnityEngine.LogType,object)
UnityEngine.Debug:Log (object)
PPS.Solver.Batch.SolverBatch:Progress () (at Assets/_Project/Scripts/Solver/Batch/SolverBatch.cs:193)
PPS.Solver.Batch.SolverBatch:Tick () (at Assets/_Project/Scripts/Solver/Batch/SolverBatch.cs:210)
UnityEditor.EditorApplication:Internal_CallUpdateFunctions ()

(Filename: Assets/_Project/Scripts/Solver/Batch/SolverBatch.cs Line: 193)

[SolverBatch] Stage08 — 35%  284판 굴림
UnityEngine.Debug:ExtractStackTraceNoAlloc (byte*,int,string)
UnityEngine.StackTraceUtility:ExtractStackTrace ()
UnityEngine.DebugLogHandler:Internal_Log (UnityEngine.LogType,UnityEngine.LogOption,string,UnityEngine.Object)
UnityEngine.DebugLogHandler:LogFormat (UnityEngine.LogType,UnityEngine.Object,string,object[])
UnityEngine.Logger:Log (UnityEngine.LogType,object)
UnityEngine.Debug:Log (object)
PPS.Solver.Batch.SolverBatch:Progress () (at Assets/_Project/Scripts/Solver/Batch/SolverBatch.cs:193)
PPS.Solver.Batch.SolverBatch:Tick () (at Assets/_Project/Scripts/Solver/Batch/SolverBatch.cs:210)
UnityEditor.EditorApplication:Internal_CallUpdateFunctions ()

(Filename: Assets/_Project/Scripts/Solver/Batch/SolverBatch.cs Line: 193)

[SolverBatch] Stage08 — 36%  305판 굴림
UnityEngine.Debug:ExtractStackTraceNoAlloc (byte*,int,string)
UnityEngine.StackTraceUtility:ExtractStackTrace ()
UnityEngine.DebugLogHandler:Internal_Log (UnityEngine.LogType,UnityEngine.LogOption,string,UnityEngine.Object)
UnityEngine.DebugLogHandler:LogFormat (UnityEngine.LogType,UnityEngine.Object,string,object[])
UnityEngine.Logger:Log (UnityEngine.LogType,object)
UnityEngine.Debug:Log (object)
PPS.Solver.Batch.SolverBatch:Progress () (at Assets/_Project/Scripts/Solver/Batch/SolverBatch.cs:193)
PPS.Solver.Batch.SolverBatch:Tick () (at Assets/_Project/Scripts/Solver/Batch/SolverBatch.cs:210)
UnityEditor.EditorApplication:Internal_CallUpdateFunctions ()

(Filename: Assets/_Project/Scripts/Solver/Batch/SolverBatch.cs Line: 193)

[SolverBatch] Stage08 — 36%  334판 굴림
UnityEngine.Debug:ExtractStackTraceNoAlloc (byte*,int,string)
UnityEngine.StackTraceUtility:ExtractStackTrace ()
UnityEngine.DebugLogHandler:Internal_Log (UnityEngine.LogType,UnityEngine.LogOption,string,UnityEngine.Object)
UnityEngine.DebugLogHandler:LogFormat (UnityEngine.LogType,UnityEngine.Object,string,object[])
UnityEngine.Logger:Log (UnityEngine.LogType,object)
UnityEngine.Debug:Log (object)
PPS.Solver.Batch.SolverBatch:Progress () (at Assets/_Project/Scripts/Solver/Batch/SolverBatch.cs:193)
PPS.Solver.Batch.SolverBatch:Tick () (at Assets/_Project/Scripts/Solver/Batch/SolverBatch.cs:210)
UnityEditor.EditorApplication:Internal_CallUpdateFunctions ()

(Filename: Assets/_Project/Scripts/Solver/Batch/SolverBatch.cs Line: 193)

[SolverBatch] Stage08 — 36%  366판 굴림
UnityEngine.Debug:ExtractStackTraceNoAlloc (byte*,int,string)
UnityEngine.StackTraceUtility:ExtractStackTrace ()
UnityEngine.DebugLogHandler:Internal_Log (UnityEngine.LogType,UnityEngine.LogOption,string,UnityEngine.Object)
UnityEngine.DebugLogHandler:LogFormat (UnityEngine.LogType,UnityEngine.Object,string,object[])
UnityEngine.Logger:Log (UnityEngine.LogType,object)
UnityEngine.Debug:Log (object)
PPS.Solver.Batch.SolverBatch:Progress () (at Assets/_Project/Scripts/Solver/Batch/SolverBatch.cs:193)
PPS.Solver.Batch.SolverBatch:Tick () (at Assets/_Project/Scripts/Solver/Batch/SolverBatch.cs:210)
UnityEditor.EditorApplication:Internal_CallUpdateFunctions ()

(Filename: Assets/_Project/Scripts/Solver/Batch/SolverBatch.cs Line: 193)

[SolverBatch] Stage08 — 38%  393판 굴림
UnityEngine.Debug:ExtractStackTraceNoAlloc (byte*,int,string)
UnityEngine.StackTraceUtility:ExtractStackTrace ()
UnityEngine.DebugLogHandler:Internal_Log (UnityEngine.LogType,UnityEngine.LogOption,string,UnityEngine.Object)
UnityEngine.DebugLogHandler:LogFormat (UnityEngine.LogType,UnityEngine.Object,string,object[])
UnityEngine.Logger:Log (UnityEngine.LogType,object)
UnityEngine.Debug:Log (object)
PPS.Solver.Batch.SolverBatch:Progress () (at Assets/_Project/Scripts/Solver/Batch/SolverBatch.cs:193)
PPS.Solver.Batch.SolverBatch:Tick () (at Assets/_Project/Scripts/Solver/Batch/SolverBatch.cs:210)
UnityEditor.EditorApplication:Internal_CallUpdateFunctions ()

(Filename: Assets/_Project/Scripts/Solver/Batch/SolverBatch.cs Line: 193)

[SolverBatch] Stage08 — 38%  419판 굴림
UnityEngine.Debug:ExtractStackTraceNoAlloc (byte*,int,string)
UnityEngine.StackTraceUtility:ExtractStackTrace ()
UnityEngine.DebugLogHandler:Internal_Log (UnityEngine.LogType,UnityEngine.LogOption,string,UnityEngine.Object)
UnityEngine.DebugLogHandler:LogFormat (UnityEngine.LogType,UnityEngine.Object,string,object[])
UnityEngine.Logger:Log (UnityEngine.LogType,object)
UnityEngine.Debug:Log (object)
PPS.Solver.Batch.SolverBatch:Progress () (at Assets/_Project/Scripts/Solver/Batch/SolverBatch.cs:193)
PPS.Solver.Batch.SolverBatch:Tick () (at Assets/_Project/Scripts/Solver/Batch/SolverBatch.cs:210)
UnityEditor.EditorApplication:Internal_CallUpdateFunctions ()

(Filename: Assets/_Project/Scripts/Solver/Batch/SolverBatch.cs Line: 193)

[SolverBatch] Stage08 — 38%  443판 굴림
UnityEngine.Debug:ExtractStackTraceNoAlloc (byte*,int,string)
UnityEngine.StackTraceUtility:ExtractStackTrace ()
UnityEngine.DebugLogHandler:Internal_Log (UnityEngine.LogType,UnityEngine.LogOption,string,UnityEngine.Object)
UnityEngine.DebugLogHandler:LogFormat (UnityEngine.LogType,UnityEngine.Object,string,object[])
UnityEngine.Logger:Log (UnityEngine.LogType,object)
UnityEngine.Debug:Log (object)
PPS.Solver.Batch.SolverBatch:Progress () (at Assets/_Project/Scripts/Solver/Batch/SolverBatch.cs:193)
PPS.Solver.Batch.SolverBatch:Tick () (at Assets/_Project/Scripts/Solver/Batch/SolverBatch.cs:210)
UnityEditor.EditorApplication:Internal_CallUpdateFunctions ()

(Filename: Assets/_Project/Scripts/Solver/Batch/SolverBatch.cs Line: 193)

[SolverBatch] Stage08 — 38%  468판 굴림
UnityEngine.Debug:ExtractStackTraceNoAlloc (byte*,int,string)
UnityEngine.StackTraceUtility:ExtractStackTrace ()
UnityEngine.DebugLogHandler:Internal_Log (UnityEngine.LogType,UnityEngine.LogOption,string,UnityEngine.Object)
UnityEngine.DebugLogHandler:LogFormat (UnityEngine.LogType,UnityEngine.Object,string,object[])
UnityEngine.Logger:Log (UnityEngine.LogType,object)
UnityEngine.Debug:Log (object)
PPS.Solver.Batch.SolverBatch:Progress () (at Assets/_Project/Scripts/Solver/Batch/SolverBatch.cs:193)
PPS.Solver.Batch.SolverBatch:Tick () (at Assets/_Project/Scripts/Solver/Batch/SolverBatch.cs:210)
UnityEditor.EditorApplication:Internal_CallUpdateFunctions ()

(Filename: Assets/_Project/Scripts/Solver/Batch/SolverBatch.cs Line: 193)

[SolverBatch] Stage08 — 39%  485판 굴림
UnityEngine.Debug:ExtractStackTraceNoAlloc (byte*,int,string)
UnityEngine.StackTraceUtility:ExtractStackTrace ()
UnityEngine.DebugLogHandler:Internal_Log (UnityEngine.LogType,UnityEngine.LogOption,string,UnityEngine.Object)
UnityEngine.DebugLogHandler:LogFormat (UnityEngine.LogType,UnityEngine.Object,string,object[])
UnityEngine.Logger:Log (UnityEngine.LogType,object)
UnityEngine.Debug:Log (object)
PPS.Solver.Batch.SolverBatch:Progress () (at Assets/_Project/Scripts/Solver/Batch/SolverBatch.cs:193)
PPS.Solver.Batch.SolverBatch:Tick () (at Assets/_Project/Scripts/Solver/Batch/SolverBatch.cs:210)
UnityEditor.EditorApplication:Internal_CallUpdateFunctions ()

(Filename: Assets/_Project/Scripts/Solver/Batch/SolverBatch.cs Line: 193)

[SolverBatch] Stage08 — 39%  504판 굴림
UnityEngine.Debug:ExtractStackTraceNoAlloc (byte*,int,string)
UnityEngine.StackTraceUtility:ExtractStackTrace ()
UnityEngine.DebugLogHandler:Internal_Log (UnityEngine.LogType,UnityEngine.LogOption,string,UnityEngine.Object)
UnityEngine.DebugLogHandler:LogFormat (UnityEngine.LogType,UnityEngine.Object,string,object[])
UnityEngine.Logger:Log (UnityEngine.LogType,object)
UnityEngine.Debug:Log (object)
PPS.Solver.Batch.SolverBatch:Progress () (at Assets/_Project/Scripts/Solver/Batch/SolverBatch.cs:193)
PPS.Solver.Batch.SolverBatch:Tick () (at Assets/_Project/Scripts/Solver/Batch/SolverBatch.cs:210)
UnityEditor.EditorApplication:Internal_CallUpdateFunctions ()

(Filename: Assets/_Project/Scripts/Solver/Batch/SolverBatch.cs Line: 193)

[SolverBatch] Stage08 — 39%  533판 굴림
UnityEngine.Debug:ExtractStackTraceNoAlloc (byte*,int,string)
UnityEngine.StackTraceUtility:ExtractStackTrace ()
UnityEngine.DebugLogHandler:Internal_Log (UnityEngine.LogType,UnityEngine.LogOption,string,UnityEngine.Object)
UnityEngine.DebugLogHandler:LogFormat (UnityEngine.LogType,UnityEngine.Object,string,object[])
UnityEngine.Logger:Log (UnityEngine.LogType,object)
UnityEngine.Debug:Log (object)
PPS.Solver.Batch.SolverBatch:Progress () (at Assets/_Project/Scripts/Solver/Batch/SolverBatch.cs:193)
PPS.Solver.Batch.SolverBatch:Tick () (at Assets/_Project/Scripts/Solver/Batch/SolverBatch.cs:210)
UnityEditor.EditorApplication:Internal_CallUpdateFunctions ()

(Filename: Assets/_Project/Scripts/Solver/Batch/SolverBatch.cs Line: 193)

[SolverBatch] Stage08 — 40%  558판 굴림
UnityEngine.Debug:ExtractStackTraceNoAlloc (byte*,int,string)
UnityEngine.StackTraceUtility:ExtractStackTrace ()
UnityEngine.DebugLogHandler:Internal_Log (UnityEngine.LogType,UnityEngine.LogOption,string,UnityEngine.Object)
UnityEngine.DebugLogHandler:LogFormat (UnityEngine.LogType,UnityEngine.Object,string,object[])
UnityEngine.Logger:Log (UnityEngine.LogType,object)
UnityEngine.Debug:Log (object)
PPS.Solver.Batch.SolverBatch:Progress () (at Assets/_Project/Scripts/Solver/Batch/SolverBatch.cs:193)
PPS.Solver.Batch.SolverBatch:Tick () (at Assets/_Project/Scripts/Solver/Batch/SolverBatch.cs:210)
UnityEditor.EditorApplication:Internal_CallUpdateFunctions ()

(Filename: Assets/_Project/Scripts/Solver/Batch/SolverBatch.cs Line: 193)

[SolverBatch] Stage08 — 40%  582판 굴림
UnityEngine.Debug:ExtractStackTraceNoAlloc (byte*,int,string)
UnityEngine.StackTraceUtility:ExtractStackTrace ()
UnityEngine.DebugLogHandler:Internal_Log (UnityEngine.LogType,UnityEngine.LogOption,string,UnityEngine.Object)
UnityEngine.DebugLogHandler:LogFormat (UnityEngine.LogType,UnityEngine.Object,string,object[])
UnityEngine.Logger:Log (UnityEngine.LogType,object)
UnityEngine.Debug:Log (object)
PPS.Solver.Batch.SolverBatch:Progress () (at Assets/_Project/Scripts/Solver/Batch/SolverBatch.cs:193)
PPS.Solver.Batch.SolverBatch:Tick () (at Assets/_Project/Scripts/Solver/Batch/SolverBatch.cs:210)
UnityEditor.EditorApplication:Internal_CallUpdateFunctions ()

(Filename: Assets/_Project/Scripts/Solver/Batch/SolverBatch.cs Line: 193)

[SolverBatch] Stage08 — 40%  608판 굴림
UnityEngine.Debug:ExtractStackTraceNoAlloc (byte*,int,string)
UnityEngine.StackTraceUtility:ExtractStackTrace ()
UnityEngine.DebugLogHandler:Internal_Log (UnityEngine.LogType,UnityEngine.LogOption,string,UnityEngine.Object)
UnityEngine.DebugLogHandler:LogFormat (UnityEngine.LogType,UnityEngine.Object,string,object[])
UnityEngine.Logger:Log (UnityEngine.LogType,object)
UnityEngine.Debug:Log (object)
PPS.Solver.Batch.SolverBatch:Progress () (at Assets/_Project/Scripts/Solver/Batch/SolverBatch.cs:193)
PPS.Solver.Batch.SolverBatch:Tick () (at Assets/_Project/Scripts/Solver/Batch/SolverBatch.cs:210)
UnityEditor.EditorApplication:Internal_CallUpdateFunctions ()

(Filename: Assets/_Project/Scripts/Solver/Batch/SolverBatch.cs Line: 193)

[SolverBatch] Stage08 — 41%  640판 굴림
UnityEngine.Debug:ExtractStackTraceNoAlloc (byte*,int,string)
UnityEngine.StackTraceUtility:ExtractStackTrace ()
UnityEngine.DebugLogHandler:Internal_Log (UnityEngine.LogType,UnityEngine.LogOption,string,UnityEngine.Object)
UnityEngine.DebugLogHandler:LogFormat (UnityEngine.LogType,UnityEngine.Object,string,object[])
UnityEngine.Logger:Log (UnityEngine.LogType,object)
UnityEngine.Debug:Log (object)
PPS.Solver.Batch.SolverBatch:Progress () (at Assets/_Project/Scripts/Solver/Batch/SolverBatch.cs:193)
PPS.Solver.Batch.SolverBatch:Tick () (at Assets/_Project/Scripts/Solver/Batch/SolverBatch.cs:210)
UnityEditor.EditorApplication:Internal_CallUpdateFunctions ()

(Filename: Assets/_Project/Scripts/Solver/Batch/SolverBatch.cs Line: 193)

[SolverBatch] Stage08 — 42%  681판 굴림
UnityEngine.Debug:ExtractStackTraceNoAlloc (byte*,int,string)
UnityEngine.StackTraceUtility:ExtractStackTrace ()
UnityEngine.DebugLogHandler:Internal_Log (UnityEngine.LogType,UnityEngine.LogOption,string,UnityEngine.Object)
UnityEngine.DebugLogHandler:LogFormat (UnityEngine.LogType,UnityEngine.Object,string,object[])
UnityEngine.Logger:Log (UnityEngine.LogType,object)
UnityEngine.Debug:Log (object)
PPS.Solver.Batch.SolverBatch:Progress () (at Assets/_Project/Scripts/Solver/Batch/SolverBatch.cs:193)
PPS.Solver.Batch.SolverBatch:Tick () (at Assets/_Project/Scripts/Solver/Batch/SolverBatch.cs:210)
UnityEditor.EditorApplication:Internal_CallUpdateFunctions ()

(Filename: Assets/_Project/Scripts/Solver/Batch/SolverBatch.cs Line: 193)

[SolverBatch] Stage08 — 42%  709판 굴림
UnityEngine.Debug:ExtractStackTraceNoAlloc (byte*,int,string)
UnityEngine.StackTraceUtility:ExtractStackTrace ()
UnityEngine.DebugLogHandler:Internal_Log (UnityEngine.LogType,UnityEngine.LogOption,string,UnityEngine.Object)
UnityEngine.DebugLogHandler:LogFormat (UnityEngine.LogType,UnityEngine.Object,string,object[])
UnityEngine.Logger:Log (UnityEngine.LogType,object)
UnityEngine.Debug:Log (object)
PPS.Solver.Batch.SolverBatch:Progress () (at Assets/_Project/Scripts/Solver/Batch/SolverBatch.cs:193)
PPS.Solver.Batch.SolverBatch:Tick () (at Assets/_Project/Scripts/Solver/Batch/SolverBatch.cs:210)
UnityEditor.EditorApplication:Internal_CallUpdateFunctions ()

(Filename: Assets/_Project/Scripts/Solver/Batch/SolverBatch.cs Line: 193)

[SolverBatch] Stage08 — 43%  725판 굴림
UnityEngine.Debug:ExtractStackTraceNoAlloc (byte*,int,string)
UnityEngine.StackTraceUtility:ExtractStackTrace ()
UnityEngine.DebugLogHandler:Internal_Log (UnityEngine.LogType,UnityEngine.LogOption,string,UnityEngine.Object)
UnityEngine.DebugLogHandler:LogFormat (UnityEngine.LogType,UnityEngine.Object,string,object[])
UnityEngine.Logger:Log (UnityEngine.LogType,object)
UnityEngine.Debug:Log (object)
PPS.Solver.Batch.SolverBatch:Progress () (at Assets/_Project/Scripts/Solver/Batch/SolverBatch.cs:193)
PPS.Solver.Batch.SolverBatch:Tick () (at Assets/_Project/Scripts/Solver/Batch/SolverBatch.cs:210)
UnityEditor.EditorApplication:Internal_CallUpdateFunctions ()

(Filename: Assets/_Project/Scripts/Solver/Batch/SolverBatch.cs Line: 193)

[SolverBatch] Stage08 — 43%  753판 굴림
UnityEngine.Debug:ExtractStackTraceNoAlloc (byte*,int,string)
UnityEngine.StackTraceUtility:ExtractStackTrace ()
UnityEngine.DebugLogHandler:Internal_Log (UnityEngine.LogType,UnityEngine.LogOption,string,UnityEngine.Object)
UnityEngine.DebugLogHandler:LogFormat (UnityEngine.LogType,UnityEngine.Object,string,object[])
UnityEngine.Logger:Log (UnityEngine.LogType,object)
UnityEngine.Debug:Log (object)
PPS.Solver.Batch.SolverBatch:Progress () (at Assets/_Project/Scripts/Solver/Batch/SolverBatch.cs:193)
PPS.Solver.Batch.SolverBatch:Tick () (at Assets/_Project/Scripts/Solver/Batch/SolverBatch.cs:210)
UnityEditor.EditorApplication:Internal_CallUpdateFunctions ()

(Filename: Assets/_Project/Scripts/Solver/Batch/SolverBatch.cs Line: 193)

[SolverBatch] Stage08 — 44%  786판 굴림
UnityEngine.Debug:ExtractStackTraceNoAlloc (byte*,int,string)
UnityEngine.StackTraceUtility:ExtractStackTrace ()
UnityEngine.DebugLogHandler:Internal_Log (UnityEngine.LogType,UnityEngine.LogOption,string,UnityEngine.Object)
UnityEngine.DebugLogHandler:LogFormat (UnityEngine.LogType,UnityEngine.Object,string,object[])
UnityEngine.Logger:Log (UnityEngine.LogType,object)
UnityEngine.Debug:Log (object)
PPS.Solver.Batch.SolverBatch:Progress () (at Assets/_Project/Scripts/Solver/Batch/SolverBatch.cs:193)
PPS.Solver.Batch.SolverBatch:Tick () (at Assets/_Project/Scripts/Solver/Batch/SolverBatch.cs:210)
UnityEditor.EditorApplication:Internal_CallUpdateFunctions ()

(Filename: Assets/_Project/Scripts/Solver/Batch/SolverBatch.cs Line: 193)

[SolverBatch] Stage08 — 44%  815판 굴림
UnityEngine.Debug:ExtractStackTraceNoAlloc (byte*,int,string)
UnityEngine.StackTraceUtility:ExtractStackTrace ()
UnityEngine.DebugLogHandler:Internal_Log (UnityEngine.LogType,UnityEngine.LogOption,string,UnityEngine.Object)
UnityEngine.DebugLogHandler:LogFormat (UnityEngine.LogType,UnityEngine.Object,string,object[])
UnityEngine.Logger:Log (UnityEngine.LogType,object)
UnityEngine.Debug:Log (object)
PPS.Solver.Batch.SolverBatch:Progress () (at Assets/_Project/Scripts/Solver/Batch/SolverBatch.cs:193)
PPS.Solver.Batch.SolverBatch:Tick () (at Assets/_Project/Scripts/Solver/Batch/SolverBatch.cs:210)
UnityEditor.EditorApplication:Internal_CallUpdateFunctions ()

(Filename: Assets/_Project/Scripts/Solver/Batch/SolverBatch.cs Line: 193)

[SolverBatch] Stage08 — 44%  841판 굴림
UnityEngine.Debug:ExtractStackTraceNoAlloc (byte*,int,string)
UnityEngine.StackTraceUtility:ExtractStackTrace ()
UnityEngine.DebugLogHandler:Internal_Log (UnityEngine.LogType,UnityEngine.LogOption,string,UnityEngine.Object)
UnityEngine.DebugLogHandler:LogFormat (UnityEngine.LogType,UnityEngine.Object,string,object[])
UnityEngine.Logger:Log (UnityEngine.LogType,object)
UnityEngine.Debug:Log (object)
PPS.Solver.Batch.SolverBatch:Progress () (at Assets/_Project/Scripts/Solver/Batch/SolverBatch.cs:193)
PPS.Solver.Batch.SolverBatch:Tick () (at Assets/_Project/Scripts/Solver/Batch/SolverBatch.cs:210)
UnityEditor.EditorApplication:Internal_CallUpdateFunctions ()

(Filename: Assets/_Project/Scripts/Solver/Batch/SolverBatch.cs Line: 193)

[SolverBatch] Stage08 — 44%  882판 굴림
UnityEngine.Debug:ExtractStackTraceNoAlloc (byte*,int,string)
UnityEngine.StackTraceUtility:ExtractStackTrace ()
UnityEngine.DebugLogHandler:Internal_Log (UnityEngine.LogType,UnityEngine.LogOption,string,UnityEngine.Object)
UnityEngine.DebugLogHandler:LogFormat (UnityEngine.LogType,UnityEngine.Object,string,object[])
UnityEngine.Logger:Log (UnityEngine.LogType,object)
UnityEngine.Debug:Log (object)
PPS.Solver.Batch.SolverBatch:Progress () (at Assets/_Project/Scripts/Solver/Batch/SolverBatch.cs:193)
PPS.Solver.Batch.SolverBatch:Tick () (at Assets/_Project/Scripts/Solver/Batch/SolverBatch.cs:210)
UnityEditor.EditorApplication:Internal_CallUpdateFunctions ()

(Filename: Assets/_Project/Scripts/Solver/Batch/SolverBatch.cs Line: 193)

[SolverBatch] Stage08 — 44%  903판 굴림
UnityEngine.Debug:ExtractStackTraceNoAlloc (byte*,int,string)
UnityEngine.StackTraceUtility:ExtractStackTrace ()
UnityEngine.DebugLogHandler:Internal_Log (UnityEngine.LogType,UnityEngine.LogOption,string,UnityEngine.Object)
UnityEngine.DebugLogHandler:LogFormat (UnityEngine.LogType,UnityEngine.Object,string,object[])
UnityEngine.Logger:Log (UnityEngine.LogType,object)
UnityEngine.Debug:Log (object)
PPS.Solver.Batch.SolverBatch:Progress () (at Assets/_Project/Scripts/Solver/Batch/SolverBatch.cs:193)
PPS.Solver.Batch.SolverBatch:Tick () (at Assets/_Project/Scripts/Solver/Batch/SolverBatch.cs:210)
UnityEditor.EditorApplication:Internal_CallUpdateFunctions ()

(Filename: Assets/_Project/Scripts/Solver/Batch/SolverBatch.cs Line: 193)

[SolverBatch] Stage08 — 46%  942판 굴림
UnityEngine.Debug:ExtractStackTraceNoAlloc (byte*,int,string)
UnityEngine.StackTraceUtility:ExtractStackTrace ()
UnityEngine.DebugLogHandler:Internal_Log (UnityEngine.LogType,UnityEngine.LogOption,string,UnityEngine.Object)
UnityEngine.DebugLogHandler:LogFormat (UnityEngine.LogType,UnityEngine.Object,string,object[])
UnityEngine.Logger:Log (UnityEngine.LogType,object)
UnityEngine.Debug:Log (object)
PPS.Solver.Batch.SolverBatch:Progress () (at Assets/_Project/Scripts/Solver/Batch/SolverBatch.cs:193)
PPS.Solver.Batch.SolverBatch:Tick () (at Assets/_Project/Scripts/Solver/Batch/SolverBatch.cs:210)
UnityEditor.EditorApplication:Internal_CallUpdateFunctions ()

(Filename: Assets/_Project/Scripts/Solver/Batch/SolverBatch.cs Line: 193)

[SolverBatch] Stage08 — 46%  962판 굴림
UnityEngine.Debug:ExtractStackTraceNoAlloc (byte*,int,string)
UnityEngine.StackTraceUtility:ExtractStackTrace ()
UnityEngine.DebugLogHandler:Internal_Log (UnityEngine.LogType,UnityEngine.LogOption,string,UnityEngine.Object)
UnityEngine.DebugLogHandler:LogFormat (UnityEngine.LogType,UnityEngine.Object,string,object[])
UnityEngine.Logger:Log (UnityEngine.LogType,object)
UnityEngine.Debug:Log (object)
PPS.Solver.Batch.SolverBatch:Progress () (at Assets/_Project/Scripts/Solver/Batch/SolverBatch.cs:193)
PPS.Solver.Batch.SolverBatch:Tick () (at Assets/_Project/Scripts/Solver/Batch/SolverBatch.cs:210)
UnityEditor.EditorApplication:Internal_CallUpdateFunctions ()

(Filename: Assets/_Project/Scripts/Solver/Batch/SolverBatch.cs Line: 193)

[SolverBatch] Stage08 — 46%  979판 굴림
UnityEngine.Debug:ExtractStackTraceNoAlloc (byte*,int,string)
UnityEngine.StackTraceUtility:ExtractStackTrace ()
UnityEngine.DebugLogHandler:Internal_Log (UnityEngine.LogType,UnityEngine.LogOption,string,UnityEngine.Object)
UnityEngine.DebugLogHandler:LogFormat (UnityEngine.LogType,UnityEngine.Object,string,object[])
UnityEngine.Logger:Log (UnityEngine.LogType,object)
UnityEngine.Debug:Log (object)
PPS.Solver.Batch.SolverBatch:Progress () (at Assets/_Project/Scripts/Solver/Batch/SolverBatch.cs:193)
PPS.Solver.Batch.SolverBatch:Tick () (at Assets/_Project/Scripts/Solver/Batch/SolverBatch.cs:210)
UnityEditor.EditorApplication:Internal_CallUpdateFunctions ()

(Filename: Assets/_Project/Scripts/Solver/Batch/SolverBatch.cs Line: 193)

[SolverBatch] Stage08 — 46%  1004판 굴림
UnityEngine.Debug:ExtractStackTraceNoAlloc (byte*,int,string)
UnityEngine.StackTraceUtility:ExtractStackTrace ()
UnityEngine.DebugLogHandler:Internal_Log (UnityEngine.LogType,UnityEngine.LogOption,string,UnityEngine.Object)
UnityEngine.DebugLogHandler:LogFormat (UnityEngine.LogType,UnityEngine.Object,string,object[])
UnityEngine.Logger:Log (UnityEngine.LogType,object)
UnityEngine.Debug:Log (object)
PPS.Solver.Batch.SolverBatch:Progress () (at Assets/_Project/Scripts/Solver/Batch/SolverBatch.cs:193)
PPS.Solver.Batch.SolverBatch:Tick () (at Assets/_Project/Scripts/Solver/Batch/SolverBatch.cs:210)
UnityEditor.EditorApplication:Internal_CallUpdateFunctions ()

(Filename: Assets/_Project/Scripts/Solver/Batch/SolverBatch.cs Line: 193)

[SolverBatch] Stage08 — 46%  1026판 굴림
UnityEngine.Debug:ExtractStackTraceNoAlloc (byte*,int,string)
UnityEngine.StackTraceUtility:ExtractStackTrace ()
UnityEngine.DebugLogHandler:Internal_Log (UnityEngine.LogType,UnityEngine.LogOption,string,UnityEngine.Object)
UnityEngine.DebugLogHandler:LogFormat (UnityEngine.LogType,UnityEngine.Object,string,object[])
UnityEngine.Logger:Log (UnityEngine.LogType,object)
UnityEngine.Debug:Log (object)
PPS.Solver.Batch.SolverBatch:Progress () (at Assets/_Project/Scripts/Solver/Batch/SolverBatch.cs:193)
PPS.Solver.Batch.SolverBatch:Tick () (at Assets/_Project/Scripts/Solver/Batch/SolverBatch.cs:210)
UnityEditor.EditorApplication:Internal_CallUpdateFunctions ()

(Filename: Assets/_Project/Scripts/Solver/Batch/SolverBatch.cs Line: 193)

[SolverBatch] Stage08 — 47%  1055판 굴림
UnityEngine.Debug:ExtractStackTraceNoAlloc (byte*,int,string)
UnityEngine.StackTraceUtility:ExtractStackTrace ()
UnityEngine.DebugLogHandler:Internal_Log (UnityEngine.LogType,UnityEngine.LogOption,string,UnityEngine.Object)
UnityEngine.DebugLogHandler:LogFormat (UnityEngine.LogType,UnityEngine.Object,string,object[])
UnityEngine.Logger:Log (UnityEngine.LogType,object)
UnityEngine.Debug:Log (object)
PPS.Solver.Batch.SolverBatch:Progress () (at Assets/_Project/Scripts/Solver/Batch/SolverBatch.cs:193)
PPS.Solver.Batch.SolverBatch:Tick () (at Assets/_Project/Scripts/Solver/Batch/SolverBatch.cs:210)
UnityEditor.EditorApplication:Internal_CallUpdateFunctions ()

(Filename: Assets/_Project/Scripts/Solver/Batch/SolverBatch.cs Line: 193)

[SolverBatch] Stage08 — 47%  1075판 굴림
UnityEngine.Debug:ExtractStackTraceNoAlloc (byte*,int,string)
UnityEngine.StackTraceUtility:ExtractStackTrace ()
UnityEngine.DebugLogHandler:Internal_Log (UnityEngine.LogType,UnityEngine.LogOption,string,UnityEngine.Object)
UnityEngine.DebugLogHandler:LogFormat (UnityEngine.LogType,UnityEngine.Object,string,object[])
UnityEngine.Logger:Log (UnityEngine.LogType,object)
UnityEngine.Debug:Log (object)
PPS.Solver.Batch.SolverBatch:Progress () (at Assets/_Project/Scripts/Solver/Batch/SolverBatch.cs:193)
PPS.Solver.Batch.SolverBatch:Tick () (at Assets/_Project/Scripts/Solver/Batch/SolverBatch.cs:210)
UnityEditor.EditorApplication:Internal_CallUpdateFunctions ()

(Filename: Assets/_Project/Scripts/Solver/Batch/SolverBatch.cs Line: 193)

[SolverBatch] Stage08 — 47%  1100판 굴림
UnityEngine.Debug:ExtractStackTraceNoAlloc (byte*,int,string)
UnityEngine.StackTraceUtility:ExtractStackTrace ()
UnityEngine.DebugLogHandler:Internal_Log (UnityEngine.LogType,UnityEngine.LogOption,string,UnityEngine.Object)
UnityEngine.DebugLogHandler:LogFormat (UnityEngine.LogType,UnityEngine.Object,string,object[])
UnityEngine.Logger:Log (UnityEngine.LogType,object)
UnityEngine.Debug:Log (object)
PPS.Solver.Batch.SolverBatch:Progress () (at Assets/_Project/Scripts/Solver/Batch/SolverBatch.cs:193)
PPS.Solver.Batch.SolverBatch:Tick () (at Assets/_Project/Scripts/Solver/Batch/SolverBatch.cs:210)
UnityEditor.EditorApplication:Internal_CallUpdateFunctions ()

(Filename: Assets/_Project/Scripts/Solver/Batch/SolverBatch.cs Line: 193)

[SolverBatch] Stage08 — 48%  1127판 굴림
UnityEngine.Debug:ExtractStackTraceNoAlloc (byte*,int,string)
UnityEngine.StackTraceUtility:ExtractStackTrace ()
UnityEngine.DebugLogHandler:Internal_Log (UnityEngine.LogType,UnityEngine.LogOption,string,UnityEngine.Object)
UnityEngine.DebugLogHandler:LogFormat (UnityEngine.LogType,UnityEngine.Object,string,object[])
UnityEngine.Logger:Log (UnityEngine.LogType,object)
UnityEngine.Debug:Log (object)
PPS.Solver.Batch.SolverBatch:Progress () (at Assets/_Project/Scripts/Solver/Batch/SolverBatch.cs:193)
PPS.Solver.Batch.SolverBatch:Tick () (at Assets/_Project/Scripts/Solver/Batch/SolverBatch.cs:210)
UnityEditor.EditorApplication:Internal_CallUpdateFunctions ()

(Filename: Assets/_Project/Scripts/Solver/Batch/SolverBatch.cs Line: 193)

[SolverBatch] Stage08 — 48%  1153판 굴림
UnityEngine.Debug:ExtractStackTraceNoAlloc (byte*,int,string)
UnityEngine.StackTraceUtility:ExtractStackTrace ()
UnityEngine.DebugLogHandler:Internal_Log (UnityEngine.LogType,UnityEngine.LogOption,string,UnityEngine.Object)
UnityEngine.DebugLogHandler:LogFormat (UnityEngine.LogType,UnityEngine.Object,string,object[])
UnityEngine.Logger:Log (UnityEngine.LogType,object)
UnityEngine.Debug:Log (object)
PPS.Solver.Batch.SolverBatch:Progress () (at Assets/_Project/Scripts/Solver/Batch/SolverBatch.cs:193)
PPS.Solver.Batch.SolverBatch:Tick () (at Assets/_Project/Scripts/Solver/Batch/SolverBatch.cs:210)
UnityEditor.EditorApplication:Internal_CallUpdateFunctions ()

(Filename: Assets/_Project/Scripts/Solver/Batch/SolverBatch.cs Line: 193)

[SolverBatch] Stage08 — 48%  1175판 굴림
UnityEngine.Debug:ExtractStackTraceNoAlloc (byte*,int,string)
UnityEngine.StackTraceUtility:ExtractStackTrace ()
UnityEngine.DebugLogHandler:Internal_Log (UnityEngine.LogType,UnityEngine.LogOption,string,UnityEngine.Object)
UnityEngine.DebugLogHandler:LogFormat (UnityEngine.LogType,UnityEngine.Object,string,object[])
UnityEngine.Logger:Log (UnityEngine.LogType,object)
UnityEngine.Debug:Log (object)
PPS.Solver.Batch.SolverBatch:Progress () (at Assets/_Project/Scripts/Solver/Batch/SolverBatch.cs:193)
PPS.Solver.Batch.SolverBatch:Tick () (at Assets/_Project/Scripts/Solver/Batch/SolverBatch.cs:210)
UnityEditor.EditorApplication:Internal_CallUpdateFunctions ()

(Filename: Assets/_Project/Scripts/Solver/Batch/SolverBatch.cs Line: 193)

[SolverBatch] Stage08 — 49%  1193판 굴림
UnityEngine.Debug:ExtractStackTraceNoAlloc (byte*,int,string)
UnityEngine.StackTraceUtility:ExtractStackTrace ()
UnityEngine.DebugLogHandler:Internal_Log (UnityEngine.LogType,UnityEngine.LogOption,string,UnityEngine.Object)
UnityEngine.DebugLogHandler:LogFormat (UnityEngine.LogType,UnityEngine.Object,string,object[])
UnityEngine.Logger:Log (UnityEngine.LogType,object)
UnityEngine.Debug:Log (object)
PPS.Solver.Batch.SolverBatch:Progress () (at Assets/_Project/Scripts/Solver/Batch/SolverBatch.cs:193)
PPS.Solver.Batch.SolverBatch:Tick () (at Assets/_Project/Scripts/Solver/Batch/SolverBatch.cs:210)
UnityEditor.EditorApplication:Internal_CallUpdateFunctions ()

(Filename: Assets/_Project/Scripts/Solver/Batch/SolverBatch.cs Line: 193)

[SolverBatch] Stage08 — 49%  1216판 굴림
UnityEngine.Debug:ExtractStackTraceNoAlloc (byte*,int,string)
UnityEngine.StackTraceUtility:ExtractStackTrace ()
UnityEngine.DebugLogHandler:Internal_Log (UnityEngine.LogType,UnityEngine.LogOption,string,UnityEngine.Object)
UnityEngine.DebugLogHandler:LogFormat (UnityEngine.LogType,UnityEngine.Object,string,object[])
UnityEngine.Logger:Log (UnityEngine.LogType,object)
UnityEngine.Debug:Log (object)
PPS.Solver.Batch.SolverBatch:Progress () (at Assets/_Project/Scripts/Solver/Batch/SolverBatch.cs:193)
PPS.Solver.Batch.SolverBatch:Tick () (at Assets/_Project/Scripts/Solver/Batch/SolverBatch.cs:210)
UnityEditor.EditorApplication:Internal_CallUpdateFunctions ()

(Filename: Assets/_Project/Scripts/Solver/Batch/SolverBatch.cs Line: 193)

[SolverBatch] Stage08 — 49%  1238판 굴림
UnityEngine.Debug:ExtractStackTraceNoAlloc (byte*,int,string)
UnityEngine.StackTraceUtility:ExtractStackTrace ()
UnityEngine.DebugLogHandler:Internal_Log (UnityEngine.LogType,UnityEngine.LogOption,string,UnityEngine.Object)
UnityEngine.DebugLogHandler:LogFormat (UnityEngine.LogType,UnityEngine.Object,string,object[])
UnityEngine.Logger:Log (UnityEngine.LogType,object)
UnityEngine.Debug:Log (object)
PPS.Solver.Batch.SolverBatch:Progress () (at Assets/_Project/Scripts/Solver/Batch/SolverBatch.cs:193)
PPS.Solver.Batch.SolverBatch:Tick () (at Assets/_Project/Scripts/Solver/Batch/SolverBatch.cs:210)
UnityEditor.EditorApplication:Internal_CallUpdateFunctions ()

(Filename: Assets/_Project/Scripts/Solver/Batch/SolverBatch.cs Line: 193)

[SolverBatch] Stage08 — 49%  1256판 굴림
UnityEngine.Debug:ExtractStackTraceNoAlloc (byte*,int,string)
UnityEngine.StackTraceUtility:ExtractStackTrace ()
UnityEngine.DebugLogHandler:Internal_Log (UnityEngine.LogType,UnityEngine.LogOption,string,UnityEngine.Object)
UnityEngine.DebugLogHandler:LogFormat (UnityEngine.LogType,UnityEngine.Object,string,object[])
UnityEngine.Logger:Log (UnityEngine.LogType,object)
UnityEngine.Debug:Log (object)
PPS.Solver.Batch.SolverBatch:Progress () (at Assets/_Project/Scripts/Solver/Batch/SolverBatch.cs:193)
PPS.Solver.Batch.SolverBatch:Tick () (at Assets/_Project/Scripts/Solver/Batch/SolverBatch.cs:210)
UnityEditor.EditorApplication:Internal_CallUpdateFunctions ()

(Filename: Assets/_Project/Scripts/Solver/Batch/SolverBatch.cs Line: 193)

[SolverBatch] Stage08 — 49%  1279판 굴림
UnityEngine.Debug:ExtractStackTraceNoAlloc (byte*,int,string)
UnityEngine.StackTraceUtility:ExtractStackTrace ()
UnityEngine.DebugLogHandler:Internal_Log (UnityEngine.LogType,UnityEngine.LogOption,string,UnityEngine.Object)
UnityEngine.DebugLogHandler:LogFormat (UnityEngine.LogType,UnityEngine.Object,string,object[])
UnityEngine.Logger:Log (UnityEngine.LogType,object)
UnityEngine.Debug:Log (object)
PPS.Solver.Batch.SolverBatch:Progress () (at Assets/_Project/Scripts/Solver/Batch/SolverBatch.cs:193)
PPS.Solver.Batch.SolverBatch:Tick () (at Assets/_Project/Scripts/Solver/Batch/SolverBatch.cs:210)
UnityEditor.EditorApplication:Internal_CallUpdateFunctions ()

(Filename: Assets/_Project/Scripts/Solver/Batch/SolverBatch.cs Line: 193)

[SolverBatch] Stage08 — 50%  1313판 굴림
UnityEngine.Debug:ExtractStackTraceNoAlloc (byte*,int,string)
UnityEngine.StackTraceUtility:ExtractStackTrace ()
UnityEngine.DebugLogHandler:Internal_Log (UnityEngine.LogType,UnityEngine.LogOption,string,UnityEngine.Object)
UnityEngine.DebugLogHandler:LogFormat (UnityEngine.LogType,UnityEngine.Object,string,object[])
UnityEngine.Logger:Log (UnityEngine.LogType,object)
UnityEngine.Debug:Log (object)
PPS.Solver.Batch.SolverBatch:Progress () (at Assets/_Project/Scripts/Solver/Batch/SolverBatch.cs:193)
PPS.Solver.Batch.SolverBatch:Tick () (at Assets/_Project/Scripts/Solver/Batch/SolverBatch.cs:210)
UnityEditor.EditorApplication:Internal_CallUpdateFunctions ()

(Filename: Assets/_Project/Scripts/Solver/Batch/SolverBatch.cs Line: 193)

[SolverBatch] Stage08 — 50%  1342판 굴림
UnityEngine.Debug:ExtractStackTraceNoAlloc (byte*,int,string)
UnityEngine.StackTraceUtility:ExtractStackTrace ()
UnityEngine.DebugLogHandler:Internal_Log (UnityEngine.LogType,UnityEngine.LogOption,string,UnityEngine.Object)
UnityEngine.DebugLogHandler:LogFormat (UnityEngine.LogType,UnityEngine.Object,string,object[])
UnityEngine.Logger:Log (UnityEngine.LogType,object)
UnityEngine.Debug:Log (object)
PPS.Solver.Batch.SolverBatch:Progress () (at Assets/_Project/Scripts/Solver/Batch/SolverBatch.cs:193)
PPS.Solver.Batch.SolverBatch:Tick () (at Assets/_Project/Scripts/Solver/Batch/SolverBatch.cs:210)
UnityEditor.EditorApplication:Internal_CallUpdateFunctions ()

(Filename: Assets/_Project/Scripts/Solver/Batch/SolverBatch.cs Line: 193)

[SolverBatch] Stage08 — 50%  1370판 굴림
UnityEngine.Debug:ExtractStackTraceNoAlloc (byte*,int,string)
UnityEngine.StackTraceUtility:ExtractStackTrace ()
UnityEngine.DebugLogHandler:Internal_Log (UnityEngine.LogType,UnityEngine.LogOption,string,UnityEngine.Object)
UnityEngine.DebugLogHandler:LogFormat (UnityEngine.LogType,UnityEngine.Object,string,object[])
UnityEngine.Logger:Log (UnityEngine.LogType,object)
UnityEngine.Debug:Log (object)
PPS.Solver.Batch.SolverBatch:Progress () (at Assets/_Project/Scripts/Solver/Batch/SolverBatch.cs:193)
PPS.Solver.Batch.SolverBatch:Tick () (at Assets/_Project/Scripts/Solver/Batch/SolverBatch.cs:210)
UnityEditor.EditorApplication:Internal_CallUpdateFunctions ()

(Filename: Assets/_Project/Scripts/Solver/Batch/SolverBatch.cs Line: 193)

[SolverBatch] Stage08 — 51%  1406판 굴림
UnityEngine.Debug:ExtractStackTraceNoAlloc (byte*,int,string)
UnityEngine.StackTraceUtility:ExtractStackTrace ()
UnityEngine.DebugLogHandler:Internal_Log (UnityEngine.LogType,UnityEngine.LogOption,string,UnityEngine.Object)
UnityEngine.DebugLogHandler:LogFormat (UnityEngine.LogType,UnityEngine.Object,string,object[])
UnityEngine.Logger:Log (UnityEngine.LogType,object)
UnityEngine.Debug:Log (object)
PPS.Solver.Batch.SolverBatch:Progress () (at Assets/_Project/Scripts/Solver/Batch/SolverBatch.cs:193)
PPS.Solver.Batch.SolverBatch:Tick () (at Assets/_Project/Scripts/Solver/Batch/SolverBatch.cs:210)
UnityEditor.EditorApplication:Internal_CallUpdateFunctions ()

(Filename: Assets/_Project/Scripts/Solver/Batch/SolverBatch.cs Line: 193)

[SolverBatch] Stage08 — 51%  1427판 굴림
UnityEngine.Debug:ExtractStackTraceNoAlloc (byte*,int,string)
UnityEngine.StackTraceUtility:ExtractStackTrace ()
UnityEngine.DebugLogHandler:Internal_Log (UnityEngine.LogType,UnityEngine.LogOption,string,UnityEngine.Object)
UnityEngine.DebugLogHandler:LogFormat (UnityEngine.LogType,UnityEngine.Object,string,object[])
UnityEngine.Logger:Log (UnityEngine.LogType,object)
UnityEngine.Debug:Log (object)
PPS.Solver.Batch.SolverBatch:Progress () (at Assets/_Project/Scripts/Solver/Batch/SolverBatch.cs:193)
PPS.Solver.Batch.SolverBatch:Tick () (at Assets/_Project/Scripts/Solver/Batch/SolverBatch.cs:210)
UnityEditor.EditorApplication:Internal_CallUpdateFunctions ()

(Filename: Assets/_Project/Scripts/Solver/Batch/SolverBatch.cs Line: 193)

[SolverBatch] Stage08 — 51%  1434판 굴림
UnityEngine.Debug:ExtractStackTraceNoAlloc (byte*,int,string)
UnityEngine.StackTraceUtility:ExtractStackTrace ()
UnityEngine.DebugLogHandler:Internal_Log (UnityEngine.LogType,UnityEngine.LogOption,string,UnityEngine.Object)
UnityEngine.DebugLogHandler:LogFormat (UnityEngine.LogType,UnityEngine.Object,string,object[])
UnityEngine.Logger:Log (UnityEngine.LogType,object)
UnityEngine.Debug:Log (object)
PPS.Solver.Batch.SolverBatch:Progress () (at Assets/_Project/Scripts/Solver/Batch/SolverBatch.cs:193)
PPS.Solver.Batch.SolverBatch:Tick () (at Assets/_Project/Scripts/Solver/Batch/SolverBatch.cs:210)
UnityEditor.EditorApplication:Internal_CallUpdateFunctions ()

(Filename: Assets/_Project/Scripts/Solver/Batch/SolverBatch.cs Line: 193)

[SolverBatch] Stage08 — 52%  1452판 굴림
UnityEngine.Debug:ExtractStackTraceNoAlloc (byte*,int,string)
UnityEngine.StackTraceUtility:ExtractStackTrace ()
UnityEngine.DebugLogHandler:Internal_Log (UnityEngine.LogType,UnityEngine.LogOption,string,UnityEngine.Object)
UnityEngine.DebugLogHandler:LogFormat (UnityEngine.LogType,UnityEngine.Object,string,object[])
UnityEngine.Logger:Log (UnityEngine.LogType,object)
UnityEngine.Debug:Log (object)
PPS.Solver.Batch.SolverBatch:Progress () (at Assets/_Project/Scripts/Solver/Batch/SolverBatch.cs:193)
PPS.Solver.Batch.SolverBatch:Tick () (at Assets/_Project/Scripts/Solver/Batch/SolverBatch.cs:210)
UnityEditor.EditorApplication:Internal_CallUpdateFunctions ()

(Filename: Assets/_Project/Scripts/Solver/Batch/SolverBatch.cs Line: 193)

[SolverBatch] Stage08 — 52%  1482판 굴림
UnityEngine.Debug:ExtractStackTraceNoAlloc (byte*,int,string)
UnityEngine.StackTraceUtility:ExtractStackTrace ()
UnityEngine.DebugLogHandler:Internal_Log (UnityEngine.LogType,UnityEngine.LogOption,string,UnityEngine.Object)
UnityEngine.DebugLogHandler:LogFormat (UnityEngine.LogType,UnityEngine.Object,string,object[])
UnityEngine.Logger:Log (UnityEngine.LogType,object)
UnityEngine.Debug:Log (object)
PPS.Solver.Batch.SolverBatch:Progress () (at Assets/_Project/Scripts/Solver/Batch/SolverBatch.cs:193)
PPS.Solver.Batch.SolverBatch:Tick () (at Assets/_Project/Scripts/Solver/Batch/SolverBatch.cs:210)
UnityEditor.EditorApplication:Internal_CallUpdateFunctions ()

(Filename: Assets/_Project/Scripts/Solver/Batch/SolverBatch.cs Line: 193)

[SolverBatch] Stage08 — 52%  1503판 굴림
UnityEngine.Debug:ExtractStackTraceNoAlloc (byte*,int,string)
UnityEngine.StackTraceUtility:ExtractStackTrace ()
UnityEngine.DebugLogHandler:Internal_Log (UnityEngine.LogType,UnityEngine.LogOption,string,UnityEngine.Object)
UnityEngine.DebugLogHandler:LogFormat (UnityEngine.LogType,UnityEngine.Object,string,object[])
UnityEngine.Logger:Log (UnityEngine.LogType,object)
UnityEngine.Debug:Log (object)
PPS.Solver.Batch.SolverBatch:Progress () (at Assets/_Project/Scripts/Solver/Batch/SolverBatch.cs:193)
PPS.Solver.Batch.SolverBatch:Tick () (at Assets/_Project/Scripts/Solver/Batch/SolverBatch.cs:210)
UnityEditor.EditorApplication:Internal_CallUpdateFunctions ()

(Filename: Assets/_Project/Scripts/Solver/Batch/SolverBatch.cs Line: 193)

[SolverBatch] Stage08 — 52%  1534판 굴림
UnityEngine.Debug:ExtractStackTraceNoAlloc (byte*,int,string)
UnityEngine.StackTraceUtility:ExtractStackTrace ()
UnityEngine.DebugLogHandler:Internal_Log (UnityEngine.LogType,UnityEngine.LogOption,string,UnityEngine.Object)
UnityEngine.DebugLogHandler:LogFormat (UnityEngine.LogType,UnityEngine.Object,string,object[])
UnityEngine.Logger:Log (UnityEngine.LogType,object)
UnityEngine.Debug:Log (object)
PPS.Solver.Batch.SolverBatch:Progress () (at Assets/_Project/Scripts/Solver/Batch/SolverBatch.cs:193)
PPS.Solver.Batch.SolverBatch:Tick () (at Assets/_Project/Scripts/Solver/Batch/SolverBatch.cs:210)
UnityEditor.EditorApplication:Internal_CallUpdateFunctions ()

(Filename: Assets/_Project/Scripts/Solver/Batch/SolverBatch.cs Line: 193)

[SolverBatch] Stage08 — 52%  1542판 굴림
UnityEngine.Debug:ExtractStackTraceNoAlloc (byte*,int,string)
UnityEngine.StackTraceUtility:ExtractStackTrace ()
UnityEngine.DebugLogHandler:Internal_Log (UnityEngine.LogType,UnityEngine.LogOption,string,UnityEngine.Object)
UnityEngine.DebugLogHandler:LogFormat (UnityEngine.LogType,UnityEngine.Object,string,object[])
UnityEngine.Logger:Log (UnityEngine.LogType,object)
UnityEngine.Debug:Log (object)
PPS.Solver.Batch.SolverBatch:Progress () (at Assets/_Project/Scripts/Solver/Batch/SolverBatch.cs:193)
PPS.Solver.Batch.SolverBatch:Tick () (at Assets/_Project/Scripts/Solver/Batch/SolverBatch.cs:210)
UnityEditor.EditorApplication:Internal_CallUpdateFunctions ()

(Filename: Assets/_Project/Scripts/Solver/Batch/SolverBatch.cs Line: 193)

[SolverBatch] Stage08 — 53%  1557판 굴림
UnityEngine.Debug:ExtractStackTraceNoAlloc (byte*,int,string)
UnityEngine.StackTraceUtility:ExtractStackTrace ()
UnityEngine.DebugLogHandler:Internal_Log (UnityEngine.LogType,UnityEngine.LogOption,string,UnityEngine.Object)
UnityEngine.DebugLogHandler:LogFormat (UnityEngine.LogType,UnityEngine.Object,string,object[])
UnityEngine.Logger:Log (UnityEngine.LogType,object)
UnityEngine.Debug:Log (object)
PPS.Solver.Batch.SolverBatch:Progress () (at Assets/_Project/Scripts/Solver/Batch/SolverBatch.cs:193)
PPS.Solver.Batch.SolverBatch:Tick () (at Assets/_Project/Scripts/Solver/Batch/SolverBatch.cs:210)
UnityEditor.EditorApplication:Internal_CallUpdateFunctions ()

(Filename: Assets/_Project/Scripts/Solver/Batch/SolverBatch.cs Line: 193)

[SolverBatch] Stage08 — 53%  1576판 굴림
UnityEngine.Debug:ExtractStackTraceNoAlloc (byte*,int,string)
UnityEngine.StackTraceUtility:ExtractStackTrace ()
UnityEngine.DebugLogHandler:Internal_Log (UnityEngine.LogType,UnityEngine.LogOption,string,UnityEngine.Object)
UnityEngine.DebugLogHandler:LogFormat (UnityEngine.LogType,UnityEngine.Object,string,object[])
UnityEngine.Logger:Log (UnityEngine.LogType,object)
UnityEngine.Debug:Log (object)
PPS.Solver.Batch.SolverBatch:Progress () (at Assets/_Project/Scripts/Solver/Batch/SolverBatch.cs:193)
PPS.Solver.Batch.SolverBatch:Tick () (at Assets/_Project/Scripts/Solver/Batch/SolverBatch.cs:210)
UnityEditor.EditorApplication:Internal_CallUpdateFunctions ()

(Filename: Assets/_Project/Scripts/Solver/Batch/SolverBatch.cs Line: 193)

[SolverBatch] Stage08 — 53%  1598판 굴림
UnityEngine.Debug:ExtractStackTraceNoAlloc (byte*,int,string)
UnityEngine.StackTraceUtility:ExtractStackTrace ()
UnityEngine.DebugLogHandler:Internal_Log (UnityEngine.LogType,UnityEngine.LogOption,string,UnityEngine.Object)
UnityEngine.DebugLogHandler:LogFormat (UnityEngine.LogType,UnityEngine.Object,string,object[])
UnityEngine.Logger:Log (UnityEngine.LogType,object)
UnityEngine.Debug:Log (object)
PPS.Solver.Batch.SolverBatch:Progress () (at Assets/_Project/Scripts/Solver/Batch/SolverBatch.cs:193)
PPS.Solver.Batch.SolverBatch:Tick () (at Assets/_Project/Scripts/Solver/Batch/SolverBatch.cs:210)
UnityEditor.EditorApplication:Internal_CallUpdateFunctions ()

(Filename: Assets/_Project/Scripts/Solver/Batch/SolverBatch.cs Line: 193)

[SolverBatch] Stage08 — 53%  1624판 굴림
UnityEngine.Debug:ExtractStackTraceNoAlloc (byte*,int,string)
UnityEngine.StackTraceUtility:ExtractStackTrace ()
UnityEngine.DebugLogHandler:Internal_Log (UnityEngine.LogType,UnityEngine.LogOption,string,UnityEngine.Object)
UnityEngine.DebugLogHandler:LogFormat (UnityEngine.LogType,UnityEngine.Object,string,object[])
UnityEngine.Logger:Log (UnityEngine.LogType,object)
UnityEngine.Debug:Log (object)
PPS.Solver.Batch.SolverBatch:Progress () (at Assets/_Project/Scripts/Solver/Batch/SolverBatch.cs:193)
PPS.Solver.Batch.SolverBatch:Tick () (at Assets/_Project/Scripts/Solver/Batch/SolverBatch.cs:210)
UnityEditor.EditorApplication:Internal_CallUpdateFunctions ()

(Filename: Assets/_Project/Scripts/Solver/Batch/SolverBatch.cs Line: 193)

[SolverBatch] Stage08 — 54%  1650판 굴림
UnityEngine.Debug:ExtractStackTraceNoAlloc (byte*,int,string)
UnityEngine.StackTraceUtility:ExtractStackTrace ()
UnityEngine.DebugLogHandler:Internal_Log (UnityEngine.LogType,UnityEngine.LogOption,string,UnityEngine.Object)
UnityEngine.DebugLogHandler:LogFormat (UnityEngine.LogType,UnityEngine.Object,string,object[])
UnityEngine.Logger:Log (UnityEngine.LogType,object)
UnityEngine.Debug:Log (object)
PPS.Solver.Batch.SolverBatch:Progress () (at Assets/_Project/Scripts/Solver/Batch/SolverBatch.cs:193)
PPS.Solver.Batch.SolverBatch:Tick () (at Assets/_Project/Scripts/Solver/Batch/SolverBatch.cs:210)
UnityEditor.EditorApplication:Internal_CallUpdateFunctions ()

(Filename: Assets/_Project/Scripts/Solver/Batch/SolverBatch.cs Line: 193)

[SolverBatch] Stage08 — 54%  1667판 굴림
UnityEngine.Debug:ExtractStackTraceNoAlloc (byte*,int,string)
UnityEngine.StackTraceUtility:ExtractStackTrace ()
UnityEngine.DebugLogHandler:Internal_Log (UnityEngine.LogType,UnityEngine.LogOption,string,UnityEngine.Object)
UnityEngine.DebugLogHandler:LogFormat (UnityEngine.LogType,UnityEngine.Object,string,object[])
UnityEngine.Logger:Log (UnityEngine.LogType,object)
UnityEngine.Debug:Log (object)
PPS.Solver.Batch.SolverBatch:Progress () (at Assets/_Project/Scripts/Solver/Batch/SolverBatch.cs:193)
PPS.Solver.Batch.SolverBatch:Tick () (at Assets/_Project/Scripts/Solver/Batch/SolverBatch.cs:210)
UnityEditor.EditorApplication:Internal_CallUpdateFunctions ()

(Filename: Assets/_Project/Scripts/Solver/Batch/SolverBatch.cs Line: 193)

[SolverBatch] Stage08 — 54%  1695판 굴림
UnityEngine.Debug:ExtractStackTraceNoAlloc (byte*,int,string)
UnityEngine.StackTraceUtility:ExtractStackTrace ()
UnityEngine.DebugLogHandler:Internal_Log (UnityEngine.LogType,UnityEngine.LogOption,string,UnityEngine.Object)
UnityEngine.DebugLogHandler:LogFormat (UnityEngine.LogType,UnityEngine.Object,string,object[])
UnityEngine.Logger:Log (UnityEngine.LogType,object)
UnityEngine.Debug:Log (object)
PPS.Solver.Batch.SolverBatch:Progress () (at Assets/_Project/Scripts/Solver/Batch/SolverBatch.cs:193)
PPS.Solver.Batch.SolverBatch:Tick () (at Assets/_Project/Scripts/Solver/Batch/SolverBatch.cs:210)
UnityEditor.EditorApplication:Internal_CallUpdateFunctions ()

(Filename: Assets/_Project/Scripts/Solver/Batch/SolverBatch.cs Line: 193)

[SolverBatch] Stage08 — 55%  1716판 굴림
UnityEngine.Debug:ExtractStackTraceNoAlloc (byte*,int,string)
UnityEngine.StackTraceUtility:ExtractStackTrace ()
UnityEngine.DebugLogHandler:Internal_Log (UnityEngine.LogType,UnityEngine.LogOption,string,UnityEngine.Object)
UnityEngine.DebugLogHandler:LogFormat (UnityEngine.LogType,UnityEngine.Object,string,object[])
UnityEngine.Logger:Log (UnityEngine.LogType,object)
UnityEngine.Debug:Log (object)
PPS.Solver.Batch.SolverBatch:Progress () (at Assets/_Project/Scripts/Solver/Batch/SolverBatch.cs:193)
PPS.Solver.Batch.SolverBatch:Tick () (at Assets/_Project/Scripts/Solver/Batch/SolverBatch.cs:210)
UnityEditor.EditorApplication:Internal_CallUpdateFunctions ()

(Filename: Assets/_Project/Scripts/Solver/Batch/SolverBatch.cs Line: 193)

[SolverBatch] Stage08 — 55%  1731판 굴림
UnityEngine.Debug:ExtractStackTraceNoAlloc (byte*,int,string)
UnityEngine.StackTraceUtility:ExtractStackTrace ()
UnityEngine.DebugLogHandler:Internal_Log (UnityEngine.LogType,UnityEngine.LogOption,string,UnityEngine.Object)
UnityEngine.DebugLogHandler:LogFormat (UnityEngine.LogType,UnityEngine.Object,string,object[])
UnityEngine.Logger:Log (UnityEngine.LogType,object)
UnityEngine.Debug:Log (object)
PPS.Solver.Batch.SolverBatch:Progress () (at Assets/_Project/Scripts/Solver/Batch/SolverBatch.cs:193)
PPS.Solver.Batch.SolverBatch:Tick () (at Assets/_Project/Scripts/Solver/Batch/SolverBatch.cs:210)
UnityEditor.EditorApplication:Internal_CallUpdateFunctions ()

(Filename: Assets/_Project/Scripts/Solver/Batch/SolverBatch.cs Line: 193)

[SolverBatch] Stage08 — 55%  1741판 굴림
UnityEngine.Debug:ExtractStackTraceNoAlloc (byte*,int,string)
UnityEngine.StackTraceUtility:ExtractStackTrace ()
UnityEngine.DebugLogHandler:Internal_Log (UnityEngine.LogType,UnityEngine.LogOption,string,UnityEngine.Object)
UnityEngine.DebugLogHandler:LogFormat (UnityEngine.LogType,UnityEngine.Object,string,object[])
UnityEngine.Logger:Log (UnityEngine.LogType,object)
UnityEngine.Debug:Log (object)
PPS.Solver.Batch.SolverBatch:Progress () (at Assets/_Project/Scripts/Solver/Batch/SolverBatch.cs:193)
PPS.Solver.Batch.SolverBatch:Tick () (at Assets/_Project/Scripts/Solver/Batch/SolverBatch.cs:210)
UnityEditor.EditorApplication:Internal_CallUpdateFunctions ()

(Filename: Assets/_Project/Scripts/Solver/Batch/SolverBatch.cs Line: 193)

[SolverBatch] Stage08 — 55%  1758판 굴림
UnityEngine.Debug:ExtractStackTraceNoAlloc (byte*,int,string)
UnityEngine.StackTraceUtility:ExtractStackTrace ()
UnityEngine.DebugLogHandler:Internal_Log (UnityEngine.LogType,UnityEngine.LogOption,string,UnityEngine.Object)
UnityEngine.DebugLogHandler:LogFormat (UnityEngine.LogType,UnityEngine.Object,string,object[])
UnityEngine.Logger:Log (UnityEngine.LogType,object)
UnityEngine.Debug:Log (object)
PPS.Solver.Batch.SolverBatch:Progress () (at Assets/_Project/Scripts/Solver/Batch/SolverBatch.cs:193)
PPS.Solver.Batch.SolverBatch:Tick () (at Assets/_Project/Scripts/Solver/Batch/SolverBatch.cs:210)
UnityEditor.EditorApplication:Internal_CallUpdateFunctions ()

(Filename: Assets/_Project/Scripts/Solver/Batch/SolverBatch.cs Line: 193)

[SolverBatch] Stage08 — 55%  1766판 굴림
UnityEngine.Debug:ExtractStackTraceNoAlloc (byte*,int,string)
UnityEngine.StackTraceUtility:ExtractStackTrace ()
UnityEngine.DebugLogHandler:Internal_Log (UnityEngine.LogType,UnityEngine.LogOption,string,UnityEngine.Object)
UnityEngine.DebugLogHandler:LogFormat (UnityEngine.LogType,UnityEngine.Object,string,object[])
UnityEngine.Logger:Log (UnityEngine.LogType,object)
UnityEngine.Debug:Log (object)
PPS.Solver.Batch.SolverBatch:Progress () (at Assets/_Project/Scripts/Solver/Batch/SolverBatch.cs:193)
PPS.Solver.Batch.SolverBatch:Tick () (at Assets/_Project/Scripts/Solver/Batch/SolverBatch.cs:210)
UnityEditor.EditorApplication:Internal_CallUpdateFunctions ()

(Filename: Assets/_Project/Scripts/Solver/Batch/SolverBatch.cs Line: 193)

[SolverBatch] Stage08 — 55%  1787판 굴림
UnityEngine.Debug:ExtractStackTraceNoAlloc (byte*,int,string)
UnityEngine.StackTraceUtility:ExtractStackTrace ()
UnityEngine.DebugLogHandler:Internal_Log (UnityEngine.LogType,UnityEngine.LogOption,string,UnityEngine.Object)
UnityEngine.DebugLogHandler:LogFormat (UnityEngine.LogType,UnityEngine.Object,string,object[])
UnityEngine.Logger:Log (UnityEngine.LogType,object)
UnityEngine.Debug:Log (object)
PPS.Solver.Batch.SolverBatch:Progress () (at Assets/_Project/Scripts/Solver/Batch/SolverBatch.cs:193)
PPS.Solver.Batch.SolverBatch:Tick () (at Assets/_Project/Scripts/Solver/Batch/SolverBatch.cs:210)
UnityEditor.EditorApplication:Internal_CallUpdateFunctions ()

(Filename: Assets/_Project/Scripts/Solver/Batch/SolverBatch.cs Line: 193)

[SolverBatch] Stage08 — 56%  1814판 굴림
UnityEngine.Debug:ExtractStackTraceNoAlloc (byte*,int,string)
UnityEngine.StackTraceUtility:ExtractStackTrace ()
UnityEngine.DebugLogHandler:Internal_Log (UnityEngine.LogType,UnityEngine.LogOption,string,UnityEngine.Object)
UnityEngine.DebugLogHandler:LogFormat (UnityEngine.LogType,UnityEngine.Object,string,object[])
UnityEngine.Logger:Log (UnityEngine.LogType,object)
UnityEngine.Debug:Log (object)
PPS.Solver.Batch.SolverBatch:Progress () (at Assets/_Project/Scripts/Solver/Batch/SolverBatch.cs:193)
PPS.Solver.Batch.SolverBatch:Tick () (at Assets/_Project/Scripts/Solver/Batch/SolverBatch.cs:210)
UnityEditor.EditorApplication:Internal_CallUpdateFunctions ()

(Filename: Assets/_Project/Scripts/Solver/Batch/SolverBatch.cs Line: 193)

[SolverBatch] Stage08 — 56%  1844판 굴림
UnityEngine.Debug:ExtractStackTraceNoAlloc (byte*,int,string)
UnityEngine.StackTraceUtility:ExtractStackTrace ()
UnityEngine.DebugLogHandler:Internal_Log (UnityEngine.LogType,UnityEngine.LogOption,string,UnityEngine.Object)
UnityEngine.DebugLogHandler:LogFormat (UnityEngine.LogType,UnityEngine.Object,string,object[])
UnityEngine.Logger:Log (UnityEngine.LogType,object)
UnityEngine.Debug:Log (object)
PPS.Solver.Batch.SolverBatch:Progress () (at Assets/_Project/Scripts/Solver/Batch/SolverBatch.cs:193)
PPS.Solver.Batch.SolverBatch:Tick () (at Assets/_Project/Scripts/Solver/Batch/SolverBatch.cs:210)
UnityEditor.EditorApplication:Internal_CallUpdateFunctions ()

(Filename: Assets/_Project/Scripts/Solver/Batch/SolverBatch.cs Line: 193)

[SolverBatch] Stage08 — 56%  1858판 굴림
UnityEngine.Debug:ExtractStackTraceNoAlloc (byte*,int,string)
UnityEngine.StackTraceUtility:ExtractStackTrace ()
UnityEngine.DebugLogHandler:Internal_Log (UnityEngine.LogType,UnityEngine.LogOption,string,UnityEngine.Object)
UnityEngine.DebugLogHandler:LogFormat (UnityEngine.LogType,UnityEngine.Object,string,object[])
UnityEngine.Logger:Log (UnityEngine.LogType,object)
UnityEngine.Debug:Log (object)
PPS.Solver.Batch.SolverBatch:Progress () (at Assets/_Project/Scripts/Solver/Batch/SolverBatch.cs:193)
PPS.Solver.Batch.SolverBatch:Tick () (at Assets/_Project/Scripts/Solver/Batch/SolverBatch.cs:210)
UnityEditor.EditorApplication:Internal_CallUpdateFunctions ()

(Filename: Assets/_Project/Scripts/Solver/Batch/SolverBatch.cs Line: 193)

[SolverBatch] Stage08 — 56%  1883판 굴림
UnityEngine.Debug:ExtractStackTraceNoAlloc (byte*,int,string)
UnityEngine.StackTraceUtility:ExtractStackTrace ()
UnityEngine.DebugLogHandler:Internal_Log (UnityEngine.LogType,UnityEngine.LogOption,string,UnityEngine.Object)
UnityEngine.DebugLogHandler:LogFormat (UnityEngine.LogType,UnityEngine.Object,string,object[])
UnityEngine.Logger:Log (UnityEngine.LogType,object)
UnityEngine.Debug:Log (object)
PPS.Solver.Batch.SolverBatch:Progress () (at Assets/_Project/Scripts/Solver/Batch/SolverBatch.cs:193)
PPS.Solver.Batch.SolverBatch:Tick () (at Assets/_Project/Scripts/Solver/Batch/SolverBatch.cs:210)
UnityEditor.EditorApplication:Internal_CallUpdateFunctions ()

(Filename: Assets/_Project/Scripts/Solver/Batch/SolverBatch.cs Line: 193)

[SolverBatch] Stage08 — 57%  1898판 굴림
UnityEngine.Debug:ExtractStackTraceNoAlloc (byte*,int,string)
UnityEngine.StackTraceUtility:ExtractStackTrace ()
UnityEngine.DebugLogHandler:Internal_Log (UnityEngine.LogType,UnityEngine.LogOption,string,UnityEngine.Object)
UnityEngine.DebugLogHandler:LogFormat (UnityEngine.LogType,UnityEngine.Object,string,object[])
UnityEngine.Logger:Log (UnityEngine.LogType,object)
UnityEngine.Debug:Log (object)
PPS.Solver.Batch.SolverBatch:Progress () (at Assets/_Project/Scripts/Solver/Batch/SolverBatch.cs:193)
PPS.Solver.Batch.SolverBatch:Tick () (at Assets/_Project/Scripts/Solver/Batch/SolverBatch.cs:210)
UnityEditor.EditorApplication:Internal_CallUpdateFunctions ()

(Filename: Assets/_Project/Scripts/Solver/Batch/SolverBatch.cs Line: 193)

[SolverBatch] Stage08 — 57%  1918판 굴림
UnityEngine.Debug:ExtractStackTraceNoAlloc (byte*,int,string)
UnityEngine.StackTraceUtility:ExtractStackTrace ()
UnityEngine.DebugLogHandler:Internal_Log (UnityEngine.LogType,UnityEngine.LogOption,string,UnityEngine.Object)
UnityEngine.DebugLogHandler:LogFormat (UnityEngine.LogType,UnityEngine.Object,string,object[])
UnityEngine.Logger:Log (UnityEngine.LogType,object)
UnityEngine.Debug:Log (object)
PPS.Solver.Batch.SolverBatch:Progress () (at Assets/_Project/Scripts/Solver/Batch/SolverBatch.cs:193)
PPS.Solver.Batch.SolverBatch:Tick () (at Assets/_Project/Scripts/Solver/Batch/SolverBatch.cs:210)
UnityEditor.EditorApplication:Internal_CallUpdateFunctions ()

(Filename: Assets/_Project/Scripts/Solver/Batch/SolverBatch.cs Line: 193)

[SolverBatch] Stage08 — 57%  1938판 굴림
UnityEngine.Debug:ExtractStackTraceNoAlloc (byte*,int,string)
UnityEngine.StackTraceUtility:ExtractStackTrace ()
UnityEngine.DebugLogHandler:Internal_Log (UnityEngine.LogType,UnityEngine.LogOption,string,UnityEngine.Object)
UnityEngine.DebugLogHandler:LogFormat (UnityEngine.LogType,UnityEngine.Object,string,object[])
UnityEngine.Logger:Log (UnityEngine.LogType,object)
UnityEngine.Debug:Log (object)
PPS.Solver.Batch.SolverBatch:Progress () (at Assets/_Project/Scripts/Solver/Batch/SolverBatch.cs:193)
PPS.Solver.Batch.SolverBatch:Tick () (at Assets/_Project/Scripts/Solver/Batch/SolverBatch.cs:210)
UnityEditor.EditorApplication:Internal_CallUpdateFunctions ()

(Filename: Assets/_Project/Scripts/Solver/Batch/SolverBatch.cs Line: 193)

[SolverBatch] Stage08 — 57%  1970판 굴림
UnityEngine.Debug:ExtractStackTraceNoAlloc (byte*,int,string)
UnityEngine.StackTraceUtility:ExtractStackTrace ()
UnityEngine.DebugLogHandler:Internal_Log (UnityEngine.LogType,UnityEngine.LogOption,string,UnityEngine.Object)
UnityEngine.DebugLogHandler:LogFormat (UnityEngine.LogType,UnityEngine.Object,string,object[])
UnityEngine.Logger:Log (UnityEngine.LogType,object)
UnityEngine.Debug:Log (object)
PPS.Solver.Batch.SolverBatch:Progress () (at Assets/_Project/Scripts/Solver/Batch/SolverBatch.cs:193)
PPS.Solver.Batch.SolverBatch:Tick () (at Assets/_Project/Scripts/Solver/Batch/SolverBatch.cs:210)
UnityEditor.EditorApplication:Internal_CallUpdateFunctions ()

(Filename: Assets/_Project/Scripts/Solver/Batch/SolverBatch.cs Line: 193)

[SolverBatch] Stage08 — 58%  1999판 굴림
UnityEngine.Debug:ExtractStackTraceNoAlloc (byte*,int,string)
UnityEngine.StackTraceUtility:ExtractStackTrace ()
UnityEngine.DebugLogHandler:Internal_Log (UnityEngine.LogType,UnityEngine.LogOption,string,UnityEngine.Object)
UnityEngine.DebugLogHandler:LogFormat (UnityEngine.LogType,UnityEngine.Object,string,object[])
UnityEngine.Logger:Log (UnityEngine.LogType,object)
UnityEngine.Debug:Log (object)
PPS.Solver.Batch.SolverBatch:Progress () (at Assets/_Project/Scripts/Solver/Batch/SolverBatch.cs:193)
PPS.Solver.Batch.SolverBatch:Tick () (at Assets/_Project/Scripts/Solver/Batch/SolverBatch.cs:210)
UnityEditor.EditorApplication:Internal_CallUpdateFunctions ()

(Filename: Assets/_Project/Scripts/Solver/Batch/SolverBatch.cs Line: 193)

[SolverBatch] Stage08 — 58%  2013판 굴림
UnityEngine.Debug:ExtractStackTraceNoAlloc (byte*,int,string)
UnityEngine.StackTraceUtility:ExtractStackTrace ()
UnityEngine.DebugLogHandler:Internal_Log (UnityEngine.LogType,UnityEngine.LogOption,string,UnityEngine.Object)
UnityEngine.DebugLogHandler:LogFormat (UnityEngine.LogType,UnityEngine.Object,string,object[])
UnityEngine.Logger:Log (UnityEngine.LogType,object)
UnityEngine.Debug:Log (object)
PPS.Solver.Batch.SolverBatch:Progress () (at Assets/_Project/Scripts/Solver/Batch/SolverBatch.cs:193)
PPS.Solver.Batch.SolverBatch:Tick () (at Assets/_Project/Scripts/Solver/Batch/SolverBatch.cs:210)
UnityEditor.EditorApplication:Internal_CallUpdateFunctions ()

(Filename: Assets/_Project/Scripts/Solver/Batch/SolverBatch.cs Line: 193)

[SolverBatch] Stage08 — 68%  2020판 굴림
UnityEngine.Debug:ExtractStackTraceNoAlloc (byte*,int,string)
UnityEngine.StackTraceUtility:ExtractStackTrace ()
UnityEngine.DebugLogHandler:Internal_Log (UnityEngine.LogType,UnityEngine.LogOption,string,UnityEngine.Object)
UnityEngine.DebugLogHandler:LogFormat (UnityEngine.LogType,UnityEngine.Object,string,object[])
UnityEngine.Logger:Log (UnityEngine.LogType,object)
UnityEngine.Debug:Log (object)
PPS.Solver.Batch.SolverBatch:Progress () (at Assets/_Project/Scripts/Solver/Batch/SolverBatch.cs:193)
PPS.Solver.Batch.SolverBatch:Tick () (at Assets/_Project/Scripts/Solver/Batch/SolverBatch.cs:210)
UnityEditor.EditorApplication:Internal_CallUpdateFunctions ()

(Filename: Assets/_Project/Scripts/Solver/Batch/SolverBatch.cs Line: 193)

[SolverBatch] Stage08 — 71%  2027판 굴림
UnityEngine.Debug:ExtractStackTraceNoAlloc (byte*,int,string)
UnityEngine.StackTraceUtility:ExtractStackTrace ()
UnityEngine.DebugLogHandler:Internal_Log (UnityEngine.LogType,UnityEngine.LogOption,string,UnityEngine.Object)
UnityEngine.DebugLogHandler:LogFormat (UnityEngine.LogType,UnityEngine.Object,string,object[])
UnityEngine.Logger:Log (UnityEngine.LogType,object)
UnityEngine.Debug:Log (object)
PPS.Solver.Batch.SolverBatch:Progress () (at Assets/_Project/Scripts/Solver/Batch/SolverBatch.cs:193)
PPS.Solver.Batch.SolverBatch:Tick () (at Assets/_Project/Scripts/Solver/Batch/SolverBatch.cs:210)
UnityEditor.EditorApplication:Internal_CallUpdateFunctions ()

(Filename: Assets/_Project/Scripts/Solver/Batch/SolverBatch.cs Line: 193)

[SolverBatch] Stage08 — 72%  2033판 굴림
UnityEngine.Debug:ExtractStackTraceNoAlloc (byte*,int,string)
UnityEngine.StackTraceUtility:ExtractStackTrace ()
UnityEngine.DebugLogHandler:Internal_Log (UnityEngine.LogType,UnityEngine.LogOption,string,UnityEngine.Object)
UnityEngine.DebugLogHandler:LogFormat (UnityEngine.LogType,UnityEngine.Object,string,object[])
UnityEngine.Logger:Log (UnityEngine.LogType,object)
UnityEngine.Debug:Log (object)
PPS.Solver.Batch.SolverBatch:Progress () (at Assets/_Project/Scripts/Solver/Batch/SolverBatch.cs:193)
PPS.Solver.Batch.SolverBatch:Tick () (at Assets/_Project/Scripts/Solver/Batch/SolverBatch.cs:210)
UnityEditor.EditorApplication:Internal_CallUpdateFunctions ()

(Filename: Assets/_Project/Scripts/Solver/Batch/SolverBatch.cs Line: 193)

[SolverBatch] Stage08 — 75%  2038판 굴림
UnityEngine.Debug:ExtractStackTraceNoAlloc (byte*,int,string)
UnityEngine.StackTraceUtility:ExtractStackTrace ()
UnityEngine.DebugLogHandler:Internal_Log (UnityEngine.LogType,UnityEngine.LogOption,string,UnityEngine.Object)
UnityEngine.DebugLogHandler:LogFormat (UnityEngine.LogType,UnityEngine.Object,string,object[])
UnityEngine.Logger:Log (UnityEngine.LogType,object)
UnityEngine.Debug:Log (object)
PPS.Solver.Batch.SolverBatch:Progress () (at Assets/_Project/Scripts/Solver/Batch/SolverBatch.cs:193)
PPS.Solver.Batch.SolverBatch:Tick () (at Assets/_Project/Scripts/Solver/Batch/SolverBatch.cs:210)
UnityEditor.EditorApplication:Internal_CallUpdateFunctions ()

(Filename: Assets/_Project/Scripts/Solver/Batch/SolverBatch.cs Line: 193)

[SolverBatch] Stage08 — 78%  2050판 굴림
UnityEngine.Debug:ExtractStackTraceNoAlloc (byte*,int,string)
UnityEngine.StackTraceUtility:ExtractStackTrace ()
UnityEngine.DebugLogHandler:Internal_Log (UnityEngine.LogType,UnityEngine.LogOption,string,UnityEngine.Object)
UnityEngine.DebugLogHandler:LogFormat (UnityEngine.LogType,UnityEngine.Object,string,object[])
UnityEngine.Logger:Log (UnityEngine.LogType,object)
UnityEngine.Debug:Log (object)
PPS.Solver.Batch.SolverBatch:Progress () (at Assets/_Project/Scripts/Solver/Batch/SolverBatch.cs:193)
PPS.Solver.Batch.SolverBatch:Tick () (at Assets/_Project/Scripts/Solver/Batch/SolverBatch.cs:210)
UnityEditor.EditorApplication:Internal_CallUpdateFunctions ()

(Filename: Assets/_Project/Scripts/Solver/Batch/SolverBatch.cs Line: 193)

[SolverBatch] Stage08 — 79%  2060판 굴림
UnityEngine.Debug:ExtractStackTraceNoAlloc (byte*,int,string)
UnityEngine.StackTraceUtility:ExtractStackTrace ()
UnityEngine.DebugLogHandler:Internal_Log (UnityEngine.LogType,UnityEngine.LogOption,string,UnityEngine.Object)
UnityEngine.DebugLogHandler:LogFormat (UnityEngine.LogType,UnityEngine.Object,string,object[])
UnityEngine.Logger:Log (UnityEngine.LogType,object)
UnityEngine.Debug:Log (object)
PPS.Solver.Batch.SolverBatch:Progress () (at Assets/_Project/Scripts/Solver/Batch/SolverBatch.cs:193)
PPS.Solver.Batch.SolverBatch:Tick () (at Assets/_Project/Scripts/Solver/Batch/SolverBatch.cs:210)
UnityEditor.EditorApplication:Internal_CallUpdateFunctions ()

(Filename: Assets/_Project/Scripts/Solver/Batch/SolverBatch.cs Line: 193)

[SolverBatch] Stage08 — 81%  2067판 굴림
UnityEngine.Debug:ExtractStackTraceNoAlloc (byte*,int,string)
UnityEngine.StackTraceUtility:ExtractStackTrace ()
UnityEngine.DebugLogHandler:Internal_Log (UnityEngine.LogType,UnityEngine.LogOption,string,UnityEngine.Object)
UnityEngine.DebugLogHandler:LogFormat (UnityEngine.LogType,UnityEngine.Object,string,object[])
UnityEngine.Logger:Log (UnityEngine.LogType,object)
UnityEngine.Debug:Log (object)
PPS.Solver.Batch.SolverBatch:Progress () (at Assets/_Project/Scripts/Solver/Batch/SolverBatch.cs:193)
PPS.Solver.Batch.SolverBatch:Tick () (at Assets/_Project/Scripts/Solver/Batch/SolverBatch.cs:210)
UnityEditor.EditorApplication:Internal_CallUpdateFunctions ()

(Filename: Assets/_Project/Scripts/Solver/Batch/SolverBatch.cs Line: 193)

[SolverBatch] Stage08 — 83%  2072판 굴림
UnityEngine.Debug:ExtractStackTraceNoAlloc (byte*,int,string)
UnityEngine.StackTraceUtility:ExtractStackTrace ()
UnityEngine.DebugLogHandler:Internal_Log (UnityEngine.LogType,UnityEngine.LogOption,string,UnityEngine.Object)
UnityEngine.DebugLogHandler:LogFormat (UnityEngine.LogType,UnityEngine.Object,string,object[])
UnityEngine.Logger:Log (UnityEngine.LogType,object)
UnityEngine.Debug:Log (object)
PPS.Solver.Batch.SolverBatch:Progress () (at Assets/_Project/Scripts/Solver/Batch/SolverBatch.cs:193)
PPS.Solver.Batch.SolverBatch:Tick () (at Assets/_Project/Scripts/Solver/Batch/SolverBatch.cs:210)
UnityEditor.EditorApplication:Internal_CallUpdateFunctions ()

(Filename: Assets/_Project/Scripts/Solver/Batch/SolverBatch.cs Line: 193)

[SolverBatch] Stage08 — 85%  2081판 굴림
UnityEngine.Debug:ExtractStackTraceNoAlloc (byte*,int,string)
UnityEngine.StackTraceUtility:ExtractStackTrace ()
UnityEngine.DebugLogHandler:Internal_Log (UnityEngine.LogType,UnityEngine.LogOption,string,UnityEngine.Object)
UnityEngine.DebugLogHandler:LogFormat (UnityEngine.LogType,UnityEngine.Object,string,object[])
UnityEngine.Logger:Log (UnityEngine.LogType,object)
UnityEngine.Debug:Log (object)
PPS.Solver.Batch.SolverBatch:Progress () (at Assets/_Project/Scripts/Solver/Batch/SolverBatch.cs:193)
PPS.Solver.Batch.SolverBatch:Tick () (at Assets/_Project/Scripts/Solver/Batch/SolverBatch.cs:210)
UnityEditor.EditorApplication:Internal_CallUpdateFunctions ()

(Filename: Assets/_Project/Scripts/Solver/Batch/SolverBatch.cs Line: 193)

[SolverBatch] Stage08 — 89%  2088판 굴림
UnityEngine.Debug:ExtractStackTraceNoAlloc (byte*,int,string)
UnityEngine.StackTraceUtility:ExtractStackTrace ()
UnityEngine.DebugLogHandler:Internal_Log (UnityEngine.LogType,UnityEngine.LogOption,string,UnityEngine.Object)
UnityEngine.DebugLogHandler:LogFormat (UnityEngine.LogType,UnityEngine.Object,string,object[])
UnityEngine.Logger:Log (UnityEngine.LogType,object)
UnityEngine.Debug:Log (object)
PPS.Solver.Batch.SolverBatch:Progress () (at Assets/_Project/Scripts/Solver/Batch/SolverBatch.cs:193)
PPS.Solver.Batch.SolverBatch:Tick () (at Assets/_Project/Scripts/Solver/Batch/SolverBatch.cs:210)
UnityEditor.EditorApplication:Internal_CallUpdateFunctions ()

(Filename: Assets/_Project/Scripts/Solver/Batch/SolverBatch.cs Line: 193)

[SolverBatch] Stage08 — 90%  2097판 굴림
UnityEngine.Debug:ExtractStackTraceNoAlloc (byte*,int,string)
UnityEngine.StackTraceUtility:ExtractStackTrace ()
UnityEngine.DebugLogHandler:Internal_Log (UnityEngine.LogType,UnityEngine.LogOption,string,UnityEngine.Object)
UnityEngine.DebugLogHandler:LogFormat (UnityEngine.LogType,UnityEngine.Object,string,object[])
UnityEngine.Logger:Log (UnityEngine.LogType,object)
UnityEngine.Debug:Log (object)
PPS.Solver.Batch.SolverBatch:Progress () (at Assets/_Project/Scripts/Solver/Batch/SolverBatch.cs:193)
PPS.Solver.Batch.SolverBatch:Tick () (at Assets/_Project/Scripts/Solver/Batch/SolverBatch.cs:210)
UnityEditor.EditorApplication:Internal_CallUpdateFunctions ()

(Filename: Assets/_Project/Scripts/Solver/Batch/SolverBatch.cs Line: 193)

[SolverBatch] Stage08 — 93%  2107판 굴림
UnityEngine.Debug:ExtractStackTraceNoAlloc (byte*,int,string)
UnityEngine.StackTraceUtility:ExtractStackTrace ()
UnityEngine.DebugLogHandler:Internal_Log (UnityEngine.LogType,UnityEngine.LogOption,string,UnityEngine.Object)
UnityEngine.DebugLogHandler:LogFormat (UnityEngine.LogType,UnityEngine.Object,string,object[])
UnityEngine.Logger:Log (UnityEngine.LogType,object)
UnityEngine.Debug:Log (object)
PPS.Solver.Batch.SolverBatch:Progress () (at Assets/_Project/Scripts/Solver/Batch/SolverBatch.cs:193)
PPS.Solver.Batch.SolverBatch:Tick () (at Assets/_Project/Scripts/Solver/Batch/SolverBatch.cs:210)
UnityEditor.EditorApplication:Internal_CallUpdateFunctions ()

(Filename: Assets/_Project/Scripts/Solver/Batch/SolverBatch.cs Line: 193)

[SolverBatch] Stage08 — 94%  2119판 굴림
UnityEngine.Debug:ExtractStackTraceNoAlloc (byte*,int,string)
UnityEngine.StackTraceUtility:ExtractStackTrace ()
UnityEngine.DebugLogHandler:Internal_Log (UnityEngine.LogType,UnityEngine.LogOption,string,UnityEngine.Object)
UnityEngine.DebugLogHandler:LogFormat (UnityEngine.LogType,UnityEngine.Object,string,object[])
UnityEngine.Logger:Log (UnityEngine.LogType,object)
UnityEngine.Debug:Log (object)
PPS.Solver.Batch.SolverBatch:Progress () (at Assets/_Project/Scripts/Solver/Batch/SolverBatch.cs:193)
PPS.Solver.Batch.SolverBatch:Tick () (at Assets/_Project/Scripts/Solver/Batch/SolverBatch.cs:210)
UnityEditor.EditorApplication:Internal_CallUpdateFunctions ()

(Filename: Assets/_Project/Scripts/Solver/Batch/SolverBatch.cs Line: 193)

[SolverBatch] Stage08 — 99%  2126판 굴림
UnityEngine.Debug:ExtractStackTraceNoAlloc (byte*,int,string)
UnityEngine.StackTraceUtility:ExtractStackTrace ()
UnityEngine.DebugLogHandler:Internal_Log (UnityEngine.LogType,UnityEngine.LogOption,string,UnityEngine.Object)
UnityEngine.DebugLogHandler:LogFormat (UnityEngine.LogType,UnityEngine.Object,string,object[])
UnityEngine.Logger:Log (UnityEngine.LogType,object)
UnityEngine.Debug:Log (object)
PPS.Solver.Batch.SolverBatch:Progress () (at Assets/_Project/Scripts/Solver/Batch/SolverBatch.cs:193)
PPS.Solver.Batch.SolverBatch:Tick () (at Assets/_Project/Scripts/Solver/Batch/SolverBatch.cs:210)
UnityEditor.EditorApplication:Internal_CallUpdateFunctions ()

(Filename: Assets/_Project/Scripts/Solver/Batch/SolverBatch.cs Line: 193)

[SolverBatch] [10/22] Stage08 — Corridor 로 풀림 (2137회 시도) (241.2초)
UnityEngine.Debug:ExtractStackTraceNoAlloc (byte*,int,string)
UnityEngine.StackTraceUtility:ExtractStackTrace ()
UnityEngine.DebugLogHandler:Internal_Log (UnityEngine.LogType,UnityEngine.LogOption,string,UnityEngine.Object)
UnityEngine.DebugLogHandler:LogFormat (UnityEngine.LogType,UnityEngine.Object,string,object[])
UnityEngine.Logger:Log (UnityEngine.LogType,object)
UnityEngine.Debug:Log (object)
PPS.Solver.Batch.SolverBatch:FinishStage () (at Assets/_Project/Scripts/Solver/Batch/SolverBatch.cs:273)
PPS.Solver.Batch.SolverBatch:Tick () (at Assets/_Project/Scripts/Solver/Batch/SolverBatch.cs:214)
UnityEditor.EditorApplication:Internal_CallUpdateFunctions ()

(Filename: Assets/_Project/Scripts/Solver/Batch/SolverBatch.cs Line: 273)

[SolverBatch] Stage09 — 33%  10판 굴림
UnityEngine.Debug:ExtractStackTraceNoAlloc (byte*,int,string)
UnityEngine.StackTraceUtility:ExtractStackTrace ()
UnityEngine.DebugLogHandler:Internal_Log (UnityEngine.LogType,UnityEngine.LogOption,string,UnityEngine.Object)
UnityEngine.DebugLogHandler:LogFormat (UnityEngine.LogType,UnityEngine.Object,string,object[])
UnityEngine.Logger:Log (UnityEngine.LogType,object)
UnityEngine.Debug:Log (object)
PPS.Solver.Batch.SolverBatch:Progress () (at Assets/_Project/Scripts/Solver/Batch/SolverBatch.cs:193)
PPS.Solver.Batch.SolverBatch:Tick () (at Assets/_Project/Scripts/Solver/Batch/SolverBatch.cs:210)
UnityEditor.EditorApplication:Internal_CallUpdateFunctions ()

(Filename: Assets/_Project/Scripts/Solver/Batch/SolverBatch.cs Line: 193)

[SolverBatch] Stage09 — 33%  26판 굴림
UnityEngine.Debug:ExtractStackTraceNoAlloc (byte*,int,string)
UnityEngine.StackTraceUtility:ExtractStackTrace ()
UnityEngine.DebugLogHandler:Internal_Log (UnityEngine.LogType,UnityEngine.LogOption,string,UnityEngine.Object)
UnityEngine.DebugLogHandler:LogFormat (UnityEngine.LogType,UnityEngine.Object,string,object[])
UnityEngine.Logger:Log (UnityEngine.LogType,object)
UnityEngine.Debug:Log (object)
PPS.Solver.Batch.SolverBatch:Progress () (at Assets/_Project/Scripts/Solver/Batch/SolverBatch.cs:193)
PPS.Solver.Batch.SolverBatch:Tick () (at Assets/_Project/Scripts/Solver/Batch/SolverBatch.cs:210)
UnityEditor.EditorApplication:Internal_CallUpdateFunctions ()

(Filename: Assets/_Project/Scripts/Solver/Batch/SolverBatch.cs Line: 193)

[SolverBatch] Stage09 — 34%  34판 굴림
UnityEngine.Debug:ExtractStackTraceNoAlloc (byte*,int,string)
UnityEngine.StackTraceUtility:ExtractStackTrace ()
UnityEngine.DebugLogHandler:Internal_Log (UnityEngine.LogType,UnityEngine.LogOption,string,UnityEngine.Object)
UnityEngine.DebugLogHandler:LogFormat (UnityEngine.LogType,UnityEngine.Object,string,object[])
UnityEngine.Logger:Log (UnityEngine.LogType,object)
UnityEngine.Debug:Log (object)
PPS.Solver.Batch.SolverBatch:Progress () (at Assets/_Project/Scripts/Solver/Batch/SolverBatch.cs:193)
PPS.Solver.Batch.SolverBatch:Tick () (at Assets/_Project/Scripts/Solver/Batch/SolverBatch.cs:210)
UnityEditor.EditorApplication:Internal_CallUpdateFunctions ()

(Filename: Assets/_Project/Scripts/Solver/Batch/SolverBatch.cs Line: 193)

[SolverBatch] Stage09 — 34%  45판 굴림
UnityEngine.Debug:ExtractStackTraceNoAlloc (byte*,int,string)
UnityEngine.StackTraceUtility:ExtractStackTrace ()
UnityEngine.DebugLogHandler:Internal_Log (UnityEngine.LogType,UnityEngine.LogOption,string,UnityEngine.Object)
UnityEngine.DebugLogHandler:LogFormat (UnityEngine.LogType,UnityEngine.Object,string,object[])
UnityEngine.Logger:Log (UnityEngine.LogType,object)
UnityEngine.Debug:Log (object)
PPS.Solver.Batch.SolverBatch:Progress () (at Assets/_Project/Scripts/Solver/Batch/SolverBatch.cs:193)
PPS.Solver.Batch.SolverBatch:Tick () (at Assets/_Project/Scripts/Solver/Batch/SolverBatch.cs:210)
UnityEditor.EditorApplication:Internal_CallUpdateFunctions ()

(Filename: Assets/_Project/Scripts/Solver/Batch/SolverBatch.cs Line: 193)

[SolverBatch] Stage09 — 34%  57판 굴림
UnityEngine.Debug:ExtractStackTraceNoAlloc (byte*,int,string)
UnityEngine.StackTraceUtility:ExtractStackTrace ()
UnityEngine.DebugLogHandler:Internal_Log (UnityEngine.LogType,UnityEngine.LogOption,string,UnityEngine.Object)
UnityEngine.DebugLogHandler:LogFormat (UnityEngine.LogType,UnityEngine.Object,string,object[])
UnityEngine.Logger:Log (UnityEngine.LogType,object)
UnityEngine.Debug:Log (object)
PPS.Solver.Batch.SolverBatch:Progress () (at Assets/_Project/Scripts/Solver/Batch/SolverBatch.cs:193)
PPS.Solver.Batch.SolverBatch:Tick () (at Assets/_Project/Scripts/Solver/Batch/SolverBatch.cs:210)
UnityEditor.EditorApplication:Internal_CallUpdateFunctions ()

(Filename: Assets/_Project/Scripts/Solver/Batch/SolverBatch.cs Line: 193)

[SolverBatch] Stage09 — 34%  66판 굴림
UnityEngine.Debug:ExtractStackTraceNoAlloc (byte*,int,string)
UnityEngine.StackTraceUtility:ExtractStackTrace ()
UnityEngine.DebugLogHandler:Internal_Log (UnityEngine.LogType,UnityEngine.LogOption,string,UnityEngine.Object)
UnityEngine.DebugLogHandler:LogFormat (UnityEngine.LogType,UnityEngine.Object,string,object[])
UnityEngine.Logger:Log (UnityEngine.LogType,object)
UnityEngine.Debug:Log (object)
PPS.Solver.Batch.SolverBatch:Progress () (at Assets/_Project/Scripts/Solver/Batch/SolverBatch.cs:193)
PPS.Solver.Batch.SolverBatch:Tick () (at Assets/_Project/Scripts/Solver/Batch/SolverBatch.cs:210)
UnityEditor.EditorApplication:Internal_CallUpdateFunctions ()

(Filename: Assets/_Project/Scripts/Solver/Batch/SolverBatch.cs Line: 193)

[SolverBatch] Stage09 — 34%  78판 굴림
UnityEngine.Debug:ExtractStackTraceNoAlloc (byte*,int,string)
UnityEngine.StackTraceUtility:ExtractStackTrace ()
UnityEngine.DebugLogHandler:Internal_Log (UnityEngine.LogType,UnityEngine.LogOption,string,UnityEngine.Object)
UnityEngine.DebugLogHandler:LogFormat (UnityEngine.LogType,UnityEngine.Object,string,object[])
UnityEngine.Logger:Log (UnityEngine.LogType,object)
UnityEngine.Debug:Log (object)
PPS.Solver.Batch.SolverBatch:Progress () (at Assets/_Project/Scripts/Solver/Batch/SolverBatch.cs:193)
PPS.Solver.Batch.SolverBatch:Tick () (at Assets/_Project/Scripts/Solver/Batch/SolverBatch.cs:210)
UnityEditor.EditorApplication:Internal_CallUpdateFunctions ()

(Filename: Assets/_Project/Scripts/Solver/Batch/SolverBatch.cs Line: 193)

[SolverBatch] Stage09 — 34%  87판 굴림
UnityEngine.Debug:ExtractStackTraceNoAlloc (byte*,int,string)
UnityEngine.StackTraceUtility:ExtractStackTrace ()
UnityEngine.DebugLogHandler:Internal_Log (UnityEngine.LogType,UnityEngine.LogOption,string,UnityEngine.Object)
UnityEngine.DebugLogHandler:LogFormat (UnityEngine.LogType,UnityEngine.Object,string,object[])
UnityEngine.Logger:Log (UnityEngine.LogType,object)
UnityEngine.Debug:Log (object)
PPS.Solver.Batch.SolverBatch:Progress () (at Assets/_Project/Scripts/Solver/Batch/SolverBatch.cs:193)
PPS.Solver.Batch.SolverBatch:Tick () (at Assets/_Project/Scripts/Solver/Batch/SolverBatch.cs:210)
UnityEditor.EditorApplication:Internal_CallUpdateFunctions ()

(Filename: Assets/_Project/Scripts/Solver/Batch/SolverBatch.cs Line: 193)

[SolverBatch] Stage09 — 35%  103판 굴림
UnityEngine.Debug:ExtractStackTraceNoAlloc (byte*,int,string)
UnityEngine.StackTraceUtility:ExtractStackTrace ()
UnityEngine.DebugLogHandler:Internal_Log (UnityEngine.LogType,UnityEngine.LogOption,string,UnityEngine.Object)
UnityEngine.DebugLogHandler:LogFormat (UnityEngine.LogType,UnityEngine.Object,string,object[])
UnityEngine.Logger:Log (UnityEngine.LogType,object)
UnityEngine.Debug:Log (object)
PPS.Solver.Batch.SolverBatch:Progress () (at Assets/_Project/Scripts/Solver/Batch/SolverBatch.cs:193)
PPS.Solver.Batch.SolverBatch:Tick () (at Assets/_Project/Scripts/Solver/Batch/SolverBatch.cs:210)
UnityEditor.EditorApplication:Internal_CallUpdateFunctions ()

(Filename: Assets/_Project/Scripts/Solver/Batch/SolverBatch.cs Line: 193)

[SolverBatch] Stage09 — 35%  109판 굴림
UnityEngine.Debug:ExtractStackTraceNoAlloc (byte*,int,string)
UnityEngine.StackTraceUtility:ExtractStackTrace ()
UnityEngine.DebugLogHandler:Internal_Log (UnityEngine.LogType,UnityEngine.LogOption,string,UnityEngine.Object)
UnityEngine.DebugLogHandler:LogFormat (UnityEngine.LogType,UnityEngine.Object,string,object[])
UnityEngine.Logger:Log (UnityEngine.LogType,object)
UnityEngine.Debug:Log (object)
PPS.Solver.Batch.SolverBatch:Progress () (at Assets/_Project/Scripts/Solver/Batch/SolverBatch.cs:193)
PPS.Solver.Batch.SolverBatch:Tick () (at Assets/_Project/Scripts/Solver/Batch/SolverBatch.cs:210)
UnityEditor.EditorApplication:Internal_CallUpdateFunctions ()

(Filename: Assets/_Project/Scripts/Solver/Batch/SolverBatch.cs Line: 193)

[SolverBatch] Stage09 — 35%  125판 굴림
UnityEngine.Debug:ExtractStackTraceNoAlloc (byte*,int,string)
UnityEngine.StackTraceUtility:ExtractStackTrace ()
UnityEngine.DebugLogHandler:Internal_Log (UnityEngine.LogType,UnityEngine.LogOption,string,UnityEngine.Object)
UnityEngine.DebugLogHandler:LogFormat (UnityEngine.LogType,UnityEngine.Object,string,object[])
UnityEngine.Logger:Log (UnityEngine.LogType,object)
UnityEngine.Debug:Log (object)
PPS.Solver.Batch.SolverBatch:Progress () (at Assets/_Project/Scripts/Solver/Batch/SolverBatch.cs:193)
PPS.Solver.Batch.SolverBatch:Tick () (at Assets/_Project/Scripts/Solver/Batch/SolverBatch.cs:210)
UnityEditor.EditorApplication:Internal_CallUpdateFunctions ()

(Filename: Assets/_Project/Scripts/Solver/Batch/SolverBatch.cs Line: 193)

[SolverBatch] Stage09 — 35%  134판 굴림
UnityEngine.Debug:ExtractStackTraceNoAlloc (byte*,int,string)
UnityEngine.StackTraceUtility:ExtractStackTrace ()
UnityEngine.DebugLogHandler:Internal_Log (UnityEngine.LogType,UnityEngine.LogOption,string,UnityEngine.Object)
UnityEngine.DebugLogHandler:LogFormat (UnityEngine.LogType,UnityEngine.Object,string,object[])
UnityEngine.Logger:Log (UnityEngine.LogType,object)
UnityEngine.Debug:Log (object)
PPS.Solver.Batch.SolverBatch:Progress () (at Assets/_Project/Scripts/Solver/Batch/SolverBatch.cs:193)
PPS.Solver.Batch.SolverBatch:Tick () (at Assets/_Project/Scripts/Solver/Batch/SolverBatch.cs:210)
UnityEditor.EditorApplication:Internal_CallUpdateFunctions ()

(Filename: Assets/_Project/Scripts/Solver/Batch/SolverBatch.cs Line: 193)

[SolverBatch] Stage09 — 35%  144판 굴림
UnityEngine.Debug:ExtractStackTraceNoAlloc (byte*,int,string)
UnityEngine.StackTraceUtility:ExtractStackTrace ()
UnityEngine.DebugLogHandler:Internal_Log (UnityEngine.LogType,UnityEngine.LogOption,string,UnityEngine.Object)
UnityEngine.DebugLogHandler:LogFormat (UnityEngine.LogType,UnityEngine.Object,string,object[])
UnityEngine.Logger:Log (UnityEngine.LogType,object)
UnityEngine.Debug:Log (object)
PPS.Solver.Batch.SolverBatch:Progress () (at Assets/_Project/Scripts/Solver/Batch/SolverBatch.cs:193)
PPS.Solver.Batch.SolverBatch:Tick () (at Assets/_Project/Scripts/Solver/Batch/SolverBatch.cs:210)
UnityEditor.EditorApplication:Internal_CallUpdateFunctions ()

(Filename: Assets/_Project/Scripts/Solver/Batch/SolverBatch.cs Line: 193)

[SolverBatch] Stage09 — 36%  158판 굴림
UnityEngine.Debug:ExtractStackTraceNoAlloc (byte*,int,string)
UnityEngine.StackTraceUtility:ExtractStackTrace ()
UnityEngine.DebugLogHandler:Internal_Log (UnityEngine.LogType,UnityEngine.LogOption,string,UnityEngine.Object)
UnityEngine.DebugLogHandler:LogFormat (UnityEngine.LogType,UnityEngine.Object,string,object[])
UnityEngine.Logger:Log (UnityEngine.LogType,object)
UnityEngine.Debug:Log (object)
PPS.Solver.Batch.SolverBatch:Progress () (at Assets/_Project/Scripts/Solver/Batch/SolverBatch.cs:193)
PPS.Solver.Batch.SolverBatch:Tick () (at Assets/_Project/Scripts/Solver/Batch/SolverBatch.cs:210)
UnityEditor.EditorApplication:Internal_CallUpdateFunctions ()

(Filename: Assets/_Project/Scripts/Solver/Batch/SolverBatch.cs Line: 193)

[SolverBatch] Stage09 — 36%  174판 굴림
UnityEngine.Debug:ExtractStackTraceNoAlloc (byte*,int,string)
UnityEngine.StackTraceUtility:ExtractStackTrace ()
UnityEngine.DebugLogHandler:Internal_Log (UnityEngine.LogType,UnityEngine.LogOption,string,UnityEngine.Object)
UnityEngine.DebugLogHandler:LogFormat (UnityEngine.LogType,UnityEngine.Object,string,object[])
UnityEngine.Logger:Log (UnityEngine.LogType,object)
UnityEngine.Debug:Log (object)
PPS.Solver.Batch.SolverBatch:Progress () (at Assets/_Project/Scripts/Solver/Batch/SolverBatch.cs:193)
PPS.Solver.Batch.SolverBatch:Tick () (at Assets/_Project/Scripts/Solver/Batch/SolverBatch.cs:210)
UnityEditor.EditorApplication:Internal_CallUpdateFunctions ()

(Filename: Assets/_Project/Scripts/Solver/Batch/SolverBatch.cs Line: 193)

[SolverBatch] Stage09 — 36%  187판 굴림
UnityEngine.Debug:ExtractStackTraceNoAlloc (byte*,int,string)
UnityEngine.StackTraceUtility:ExtractStackTrace ()
UnityEngine.DebugLogHandler:Internal_Log (UnityEngine.LogType,UnityEngine.LogOption,string,UnityEngine.Object)
UnityEngine.DebugLogHandler:LogFormat (UnityEngine.LogType,UnityEngine.Object,string,object[])
UnityEngine.Logger:Log (UnityEngine.LogType,object)
UnityEngine.Debug:Log (object)
PPS.Solver.Batch.SolverBatch:Progress () (at Assets/_Project/Scripts/Solver/Batch/SolverBatch.cs:193)
PPS.Solver.Batch.SolverBatch:Tick () (at Assets/_Project/Scripts/Solver/Batch/SolverBatch.cs:210)
UnityEditor.EditorApplication:Internal_CallUpdateFunctions ()

(Filename: Assets/_Project/Scripts/Solver/Batch/SolverBatch.cs Line: 193)

[SolverBatch] Stage09 — 38%  216판 굴림
UnityEngine.Debug:ExtractStackTraceNoAlloc (byte*,int,string)
UnityEngine.StackTraceUtility:ExtractStackTrace ()
UnityEngine.DebugLogHandler:Internal_Log (UnityEngine.LogType,UnityEngine.LogOption,string,UnityEngine.Object)
UnityEngine.DebugLogHandler:LogFormat (UnityEngine.LogType,UnityEngine.Object,string,object[])
UnityEngine.Logger:Log (UnityEngine.LogType,object)
UnityEngine.Debug:Log (object)
PPS.Solver.Batch.SolverBatch:Progress () (at Assets/_Project/Scripts/Solver/Batch/SolverBatch.cs:193)
PPS.Solver.Batch.SolverBatch:Tick () (at Assets/_Project/Scripts/Solver/Batch/SolverBatch.cs:210)
UnityEditor.EditorApplication:Internal_CallUpdateFunctions ()

(Filename: Assets/_Project/Scripts/Solver/Batch/SolverBatch.cs Line: 193)

[SolverBatch] Stage09 — 38%  230판 굴림
UnityEngine.Debug:ExtractStackTraceNoAlloc (byte*,int,string)
UnityEngine.StackTraceUtility:ExtractStackTrace ()
UnityEngine.DebugLogHandler:Internal_Log (UnityEngine.LogType,UnityEngine.LogOption,string,UnityEngine.Object)
UnityEngine.DebugLogHandler:LogFormat (UnityEngine.LogType,UnityEngine.Object,string,object[])
UnityEngine.Logger:Log (UnityEngine.LogType,object)
UnityEngine.Debug:Log (object)
PPS.Solver.Batch.SolverBatch:Progress () (at Assets/_Project/Scripts/Solver/Batch/SolverBatch.cs:193)
PPS.Solver.Batch.SolverBatch:Tick () (at Assets/_Project/Scripts/Solver/Batch/SolverBatch.cs:210)
UnityEditor.EditorApplication:Internal_CallUpdateFunctions ()

(Filename: Assets/_Project/Scripts/Solver/Batch/SolverBatch.cs Line: 193)

[SolverBatch] Stage09 — 38%  246판 굴림
UnityEngine.Debug:ExtractStackTraceNoAlloc (byte*,int,string)
UnityEngine.StackTraceUtility:ExtractStackTrace ()
UnityEngine.DebugLogHandler:Internal_Log (UnityEngine.LogType,UnityEngine.LogOption,string,UnityEngine.Object)
UnityEngine.DebugLogHandler:LogFormat (UnityEngine.LogType,UnityEngine.Object,string,object[])
UnityEngine.Logger:Log (UnityEngine.LogType,object)
UnityEngine.Debug:Log (object)
PPS.Solver.Batch.SolverBatch:Progress () (at Assets/_Project/Scripts/Solver/Batch/SolverBatch.cs:193)
PPS.Solver.Batch.SolverBatch:Tick () (at Assets/_Project/Scripts/Solver/Batch/SolverBatch.cs:210)
UnityEditor.EditorApplication:Internal_CallUpdateFunctions ()

(Filename: Assets/_Project/Scripts/Solver/Batch/SolverBatch.cs Line: 193)

[SolverBatch] Stage09 — 38%  258판 굴림
UnityEngine.Debug:ExtractStackTraceNoAlloc (byte*,int,string)
UnityEngine.StackTraceUtility:ExtractStackTrace ()
UnityEngine.DebugLogHandler:Internal_Log (UnityEngine.LogType,UnityEngine.LogOption,string,UnityEngine.Object)
UnityEngine.DebugLogHandler:LogFormat (UnityEngine.LogType,UnityEngine.Object,string,object[])
UnityEngine.Logger:Log (UnityEngine.LogType,object)
UnityEngine.Debug:Log (object)
PPS.Solver.Batch.SolverBatch:Progress () (at Assets/_Project/Scripts/Solver/Batch/SolverBatch.cs:193)
PPS.Solver.Batch.SolverBatch:Tick () (at Assets/_Project/Scripts/Solver/Batch/SolverBatch.cs:210)
UnityEditor.EditorApplication:Internal_CallUpdateFunctions ()

(Filename: Assets/_Project/Scripts/Solver/Batch/SolverBatch.cs Line: 193)

[SolverBatch] Stage09 — 39%  267판 굴림
UnityEngine.Debug:ExtractStackTraceNoAlloc (byte*,int,string)
UnityEngine.StackTraceUtility:ExtractStackTrace ()
UnityEngine.DebugLogHandler:Internal_Log (UnityEngine.LogType,UnityEngine.LogOption,string,UnityEngine.Object)
UnityEngine.DebugLogHandler:LogFormat (UnityEngine.LogType,UnityEngine.Object,string,object[])
UnityEngine.Logger:Log (UnityEngine.LogType,object)
UnityEngine.Debug:Log (object)
PPS.Solver.Batch.SolverBatch:Progress () (at Assets/_Project/Scripts/Solver/Batch/SolverBatch.cs:193)
PPS.Solver.Batch.SolverBatch:Tick () (at Assets/_Project/Scripts/Solver/Batch/SolverBatch.cs:210)
UnityEditor.EditorApplication:Internal_CallUpdateFunctions ()

(Filename: Assets/_Project/Scripts/Solver/Batch/SolverBatch.cs Line: 193)

[SolverBatch] Stage09 — 39%  278판 굴림
UnityEngine.Debug:ExtractStackTraceNoAlloc (byte*,int,string)
UnityEngine.StackTraceUtility:ExtractStackTrace ()
UnityEngine.DebugLogHandler:Internal_Log (UnityEngine.LogType,UnityEngine.LogOption,string,UnityEngine.Object)
UnityEngine.DebugLogHandler:LogFormat (UnityEngine.LogType,UnityEngine.Object,string,object[])
UnityEngine.Logger:Log (UnityEngine.LogType,object)
UnityEngine.Debug:Log (object)
PPS.Solver.Batch.SolverBatch:Progress () (at Assets/_Project/Scripts/Solver/Batch/SolverBatch.cs:193)
PPS.Solver.Batch.SolverBatch:Tick () (at Assets/_Project/Scripts/Solver/Batch/SolverBatch.cs:210)
UnityEditor.EditorApplication:Internal_CallUpdateFunctions ()

(Filename: Assets/_Project/Scripts/Solver/Batch/SolverBatch.cs Line: 193)

[SolverBatch] Stage09 — 39%  299판 굴림
UnityEngine.Debug:ExtractStackTraceNoAlloc (byte*,int,string)
UnityEngine.StackTraceUtility:ExtractStackTrace ()
UnityEngine.DebugLogHandler:Internal_Log (UnityEngine.LogType,UnityEngine.LogOption,string,UnityEngine.Object)
UnityEngine.DebugLogHandler:LogFormat (UnityEngine.LogType,UnityEngine.Object,string,object[])
UnityEngine.Logger:Log (UnityEngine.LogType,object)
UnityEngine.Debug:Log (object)
PPS.Solver.Batch.SolverBatch:Progress () (at Assets/_Project/Scripts/Solver/Batch/SolverBatch.cs:193)
PPS.Solver.Batch.SolverBatch:Tick () (at Assets/_Project/Scripts/Solver/Batch/SolverBatch.cs:210)
UnityEditor.EditorApplication:Internal_CallUpdateFunctions ()

(Filename: Assets/_Project/Scripts/Solver/Batch/SolverBatch.cs Line: 193)

[SolverBatch] Stage09 — 40%  311판 굴림
UnityEngine.Debug:ExtractStackTraceNoAlloc (byte*,int,string)
UnityEngine.StackTraceUtility:ExtractStackTrace ()
UnityEngine.DebugLogHandler:Internal_Log (UnityEngine.LogType,UnityEngine.LogOption,string,UnityEngine.Object)
UnityEngine.DebugLogHandler:LogFormat (UnityEngine.LogType,UnityEngine.Object,string,object[])
UnityEngine.Logger:Log (UnityEngine.LogType,object)
UnityEngine.Debug:Log (object)
PPS.Solver.Batch.SolverBatch:Progress () (at Assets/_Project/Scripts/Solver/Batch/SolverBatch.cs:193)
PPS.Solver.Batch.SolverBatch:Tick () (at Assets/_Project/Scripts/Solver/Batch/SolverBatch.cs:210)
UnityEditor.EditorApplication:Internal_CallUpdateFunctions ()

(Filename: Assets/_Project/Scripts/Solver/Batch/SolverBatch.cs Line: 193)

[SolverBatch] Stage09 — 40%  325판 굴림
UnityEngine.Debug:ExtractStackTraceNoAlloc (byte*,int,string)
UnityEngine.StackTraceUtility:ExtractStackTrace ()
UnityEngine.DebugLogHandler:Internal_Log (UnityEngine.LogType,UnityEngine.LogOption,string,UnityEngine.Object)
UnityEngine.DebugLogHandler:LogFormat (UnityEngine.LogType,UnityEngine.Object,string,object[])
UnityEngine.Logger:Log (UnityEngine.LogType,object)
UnityEngine.Debug:Log (object)
PPS.Solver.Batch.SolverBatch:Progress () (at Assets/_Project/Scripts/Solver/Batch/SolverBatch.cs:193)
PPS.Solver.Batch.SolverBatch:Tick () (at Assets/_Project/Scripts/Solver/Batch/SolverBatch.cs:210)
UnityEditor.EditorApplication:Internal_CallUpdateFunctions ()

(Filename: Assets/_Project/Scripts/Solver/Batch/SolverBatch.cs Line: 193)

[SolverBatch] Stage09 — 40%  339판 굴림
UnityEngine.Debug:ExtractStackTraceNoAlloc (byte*,int,string)
UnityEngine.StackTraceUtility:ExtractStackTrace ()
UnityEngine.DebugLogHandler:Internal_Log (UnityEngine.LogType,UnityEngine.LogOption,string,UnityEngine.Object)
UnityEngine.DebugLogHandler:LogFormat (UnityEngine.LogType,UnityEngine.Object,string,object[])
UnityEngine.Logger:Log (UnityEngine.LogType,object)
UnityEngine.Debug:Log (object)
PPS.Solver.Batch.SolverBatch:Progress () (at Assets/_Project/Scripts/Solver/Batch/SolverBatch.cs:193)
PPS.Solver.Batch.SolverBatch:Tick () (at Assets/_Project/Scripts/Solver/Batch/SolverBatch.cs:210)
UnityEditor.EditorApplication:Internal_CallUpdateFunctions ()

(Filename: Assets/_Project/Scripts/Solver/Batch/SolverBatch.cs Line: 193)

[SolverBatch] Stage09 — 41%  354판 굴림
UnityEngine.Debug:ExtractStackTraceNoAlloc (byte*,int,string)
UnityEngine.StackTraceUtility:ExtractStackTrace ()
UnityEngine.DebugLogHandler:Internal_Log (UnityEngine.LogType,UnityEngine.LogOption,string,UnityEngine.Object)
UnityEngine.DebugLogHandler:LogFormat (UnityEngine.LogType,UnityEngine.Object,string,object[])
UnityEngine.Logger:Log (UnityEngine.LogType,object)
UnityEngine.Debug:Log (object)
PPS.Solver.Batch.SolverBatch:Progress () (at Assets/_Project/Scripts/Solver/Batch/SolverBatch.cs:193)
PPS.Solver.Batch.SolverBatch:Tick () (at Assets/_Project/Scripts/Solver/Batch/SolverBatch.cs:210)
UnityEditor.EditorApplication:Internal_CallUpdateFunctions ()

(Filename: Assets/_Project/Scripts/Solver/Batch/SolverBatch.cs Line: 193)

[SolverBatch] Stage09 — 42%  390판 굴림
UnityEngine.Debug:ExtractStackTraceNoAlloc (byte*,int,string)
UnityEngine.StackTraceUtility:ExtractStackTrace ()
UnityEngine.DebugLogHandler:Internal_Log (UnityEngine.LogType,UnityEngine.LogOption,string,UnityEngine.Object)
UnityEngine.DebugLogHandler:LogFormat (UnityEngine.LogType,UnityEngine.Object,string,object[])
UnityEngine.Logger:Log (UnityEngine.LogType,object)
UnityEngine.Debug:Log (object)
PPS.Solver.Batch.SolverBatch:Progress () (at Assets/_Project/Scripts/Solver/Batch/SolverBatch.cs:193)
PPS.Solver.Batch.SolverBatch:Tick () (at Assets/_Project/Scripts/Solver/Batch/SolverBatch.cs:210)
UnityEditor.EditorApplication:Internal_CallUpdateFunctions ()

(Filename: Assets/_Project/Scripts/Solver/Batch/SolverBatch.cs Line: 193)

[SolverBatch] Stage09 — 42%  405판 굴림
UnityEngine.Debug:ExtractStackTraceNoAlloc (byte*,int,string)
UnityEngine.StackTraceUtility:ExtractStackTrace ()
UnityEngine.DebugLogHandler:Internal_Log (UnityEngine.LogType,UnityEngine.LogOption,string,UnityEngine.Object)
UnityEngine.DebugLogHandler:LogFormat (UnityEngine.LogType,UnityEngine.Object,string,object[])
UnityEngine.Logger:Log (UnityEngine.LogType,object)
UnityEngine.Debug:Log (object)
PPS.Solver.Batch.SolverBatch:Progress () (at Assets/_Project/Scripts/Solver/Batch/SolverBatch.cs:193)
PPS.Solver.Batch.SolverBatch:Tick () (at Assets/_Project/Scripts/Solver/Batch/SolverBatch.cs:210)
UnityEditor.EditorApplication:Internal_CallUpdateFunctions ()

(Filename: Assets/_Project/Scripts/Solver/Batch/SolverBatch.cs Line: 193)

[SolverBatch] Stage09 — 43%  417판 굴림
UnityEngine.Debug:ExtractStackTraceNoAlloc (byte*,int,string)
UnityEngine.StackTraceUtility:ExtractStackTrace ()
UnityEngine.DebugLogHandler:Internal_Log (UnityEngine.LogType,UnityEngine.LogOption,string,UnityEngine.Object)
UnityEngine.DebugLogHandler:LogFormat (UnityEngine.LogType,UnityEngine.Object,string,object[])
UnityEngine.Logger:Log (UnityEngine.LogType,object)
UnityEngine.Debug:Log (object)
PPS.Solver.Batch.SolverBatch:Progress () (at Assets/_Project/Scripts/Solver/Batch/SolverBatch.cs:193)
PPS.Solver.Batch.SolverBatch:Tick () (at Assets/_Project/Scripts/Solver/Batch/SolverBatch.cs:210)
UnityEditor.EditorApplication:Internal_CallUpdateFunctions ()

(Filename: Assets/_Project/Scripts/Solver/Batch/SolverBatch.cs Line: 193)

[SolverBatch] Stage09 — 43%  434판 굴림
UnityEngine.Debug:ExtractStackTraceNoAlloc (byte*,int,string)
UnityEngine.StackTraceUtility:ExtractStackTrace ()
UnityEngine.DebugLogHandler:Internal_Log (UnityEngine.LogType,UnityEngine.LogOption,string,UnityEngine.Object)
UnityEngine.DebugLogHandler:LogFormat (UnityEngine.LogType,UnityEngine.Object,string,object[])
UnityEngine.Logger:Log (UnityEngine.LogType,object)
UnityEngine.Debug:Log (object)
PPS.Solver.Batch.SolverBatch:Progress () (at Assets/_Project/Scripts/Solver/Batch/SolverBatch.cs:193)
PPS.Solver.Batch.SolverBatch:Tick () (at Assets/_Project/Scripts/Solver/Batch/SolverBatch.cs:210)
UnityEditor.EditorApplication:Internal_CallUpdateFunctions ()

(Filename: Assets/_Project/Scripts/Solver/Batch/SolverBatch.cs Line: 193)

[SolverBatch] Stage09 — 44%  455판 굴림
UnityEngine.Debug:ExtractStackTraceNoAlloc (byte*,int,string)
UnityEngine.StackTraceUtility:ExtractStackTrace ()
UnityEngine.DebugLogHandler:Internal_Log (UnityEngine.LogType,UnityEngine.LogOption,string,UnityEngine.Object)
UnityEngine.DebugLogHandler:LogFormat (UnityEngine.LogType,UnityEngine.Object,string,object[])
UnityEngine.Logger:Log (UnityEngine.LogType,object)
UnityEngine.Debug:Log (object)
PPS.Solver.Batch.SolverBatch:Progress () (at Assets/_Project/Scripts/Solver/Batch/SolverBatch.cs:193)
PPS.Solver.Batch.SolverBatch:Tick () (at Assets/_Project/Scripts/Solver/Batch/SolverBatch.cs:210)
UnityEditor.EditorApplication:Internal_CallUpdateFunctions ()

(Filename: Assets/_Project/Scripts/Solver/Batch/SolverBatch.cs Line: 193)

[SolverBatch] Stage09 — 44%  469판 굴림
UnityEngine.Debug:ExtractStackTraceNoAlloc (byte*,int,string)
UnityEngine.StackTraceUtility:ExtractStackTrace ()
UnityEngine.DebugLogHandler:Internal_Log (UnityEngine.LogType,UnityEngine.LogOption,string,UnityEngine.Object)
UnityEngine.DebugLogHandler:LogFormat (UnityEngine.LogType,UnityEngine.Object,string,object[])
UnityEngine.Logger:Log (UnityEngine.LogType,object)
UnityEngine.Debug:Log (object)
PPS.Solver.Batch.SolverBatch:Progress () (at Assets/_Project/Scripts/Solver/Batch/SolverBatch.cs:193)
PPS.Solver.Batch.SolverBatch:Tick () (at Assets/_Project/Scripts/Solver/Batch/SolverBatch.cs:210)
UnityEditor.EditorApplication:Internal_CallUpdateFunctions ()

(Filename: Assets/_Project/Scripts/Solver/Batch/SolverBatch.cs Line: 193)

[SolverBatch] Stage09 — 44%  481판 굴림
UnityEngine.Debug:ExtractStackTraceNoAlloc (byte*,int,string)
UnityEngine.StackTraceUtility:ExtractStackTrace ()
UnityEngine.DebugLogHandler:Internal_Log (UnityEngine.LogType,UnityEngine.LogOption,string,UnityEngine.Object)
UnityEngine.DebugLogHandler:LogFormat (UnityEngine.LogType,UnityEngine.Object,string,object[])
UnityEngine.Logger:Log (UnityEngine.LogType,object)
UnityEngine.Debug:Log (object)
PPS.Solver.Batch.SolverBatch:Progress () (at Assets/_Project/Scripts/Solver/Batch/SolverBatch.cs:193)
PPS.Solver.Batch.SolverBatch:Tick () (at Assets/_Project/Scripts/Solver/Batch/SolverBatch.cs:210)
UnityEditor.EditorApplication:Internal_CallUpdateFunctions ()

(Filename: Assets/_Project/Scripts/Solver/Batch/SolverBatch.cs Line: 193)

[SolverBatch] Stage09 — 44%  500판 굴림
UnityEngine.Debug:ExtractStackTraceNoAlloc (byte*,int,string)
UnityEngine.StackTraceUtility:ExtractStackTrace ()
UnityEngine.DebugLogHandler:Internal_Log (UnityEngine.LogType,UnityEngine.LogOption,string,UnityEngine.Object)
UnityEngine.DebugLogHandler:LogFormat (UnityEngine.LogType,UnityEngine.Object,string,object[])
UnityEngine.Logger:Log (UnityEngine.LogType,object)
UnityEngine.Debug:Log (object)
PPS.Solver.Batch.SolverBatch:Progress () (at Assets/_Project/Scripts/Solver/Batch/SolverBatch.cs:193)
PPS.Solver.Batch.SolverBatch:Tick () (at Assets/_Project/Scripts/Solver/Batch/SolverBatch.cs:210)
UnityEditor.EditorApplication:Internal_CallUpdateFunctions ()

(Filename: Assets/_Project/Scripts/Solver/Batch/SolverBatch.cs Line: 193)

[SolverBatch] Stage09 — 44%  513판 굴림
UnityEngine.Debug:ExtractStackTraceNoAlloc (byte*,int,string)
UnityEngine.StackTraceUtility:ExtractStackTrace ()
UnityEngine.DebugLogHandler:Internal_Log (UnityEngine.LogType,UnityEngine.LogOption,string,UnityEngine.Object)
UnityEngine.DebugLogHandler:LogFormat (UnityEngine.LogType,UnityEngine.Object,string,object[])
UnityEngine.Logger:Log (UnityEngine.LogType,object)
UnityEngine.Debug:Log (object)
PPS.Solver.Batch.SolverBatch:Progress () (at Assets/_Project/Scripts/Solver/Batch/SolverBatch.cs:193)
PPS.Solver.Batch.SolverBatch:Tick () (at Assets/_Project/Scripts/Solver/Batch/SolverBatch.cs:210)
UnityEditor.EditorApplication:Internal_CallUpdateFunctions ()

(Filename: Assets/_Project/Scripts/Solver/Batch/SolverBatch.cs Line: 193)

[SolverBatch] Stage09 — 44%  525판 굴림
UnityEngine.Debug:ExtractStackTraceNoAlloc (byte*,int,string)
UnityEngine.StackTraceUtility:ExtractStackTrace ()
UnityEngine.DebugLogHandler:Internal_Log (UnityEngine.LogType,UnityEngine.LogOption,string,UnityEngine.Object)
UnityEngine.DebugLogHandler:LogFormat (UnityEngine.LogType,UnityEngine.Object,string,object[])
UnityEngine.Logger:Log (UnityEngine.LogType,object)
UnityEngine.Debug:Log (object)
PPS.Solver.Batch.SolverBatch:Progress () (at Assets/_Project/Scripts/Solver/Batch/SolverBatch.cs:193)
PPS.Solver.Batch.SolverBatch:Tick () (at Assets/_Project/Scripts/Solver/Batch/SolverBatch.cs:210)
UnityEditor.EditorApplication:Internal_CallUpdateFunctions ()

(Filename: Assets/_Project/Scripts/Solver/Batch/SolverBatch.cs Line: 193)

[SolverBatch] Stage09 — 46%  559판 굴림
UnityEngine.Debug:ExtractStackTraceNoAlloc (byte*,int,string)
UnityEngine.StackTraceUtility:ExtractStackTrace ()
UnityEngine.DebugLogHandler:Internal_Log (UnityEngine.LogType,UnityEngine.LogOption,string,UnityEngine.Object)
UnityEngine.DebugLogHandler:LogFormat (UnityEngine.LogType,UnityEngine.Object,string,object[])
UnityEngine.Logger:Log (UnityEngine.LogType,object)
UnityEngine.Debug:Log (object)
PPS.Solver.Batch.SolverBatch:Progress () (at Assets/_Project/Scripts/Solver/Batch/SolverBatch.cs:193)
PPS.Solver.Batch.SolverBatch:Tick () (at Assets/_Project/Scripts/Solver/Batch/SolverBatch.cs:210)
UnityEditor.EditorApplication:Internal_CallUpdateFunctions ()

(Filename: Assets/_Project/Scripts/Solver/Batch/SolverBatch.cs Line: 193)

[SolverBatch] Stage09 — 46%  570판 굴림
UnityEngine.Debug:ExtractStackTraceNoAlloc (byte*,int,string)
UnityEngine.StackTraceUtility:ExtractStackTrace ()
UnityEngine.DebugLogHandler:Internal_Log (UnityEngine.LogType,UnityEngine.LogOption,string,UnityEngine.Object)
UnityEngine.DebugLogHandler:LogFormat (UnityEngine.LogType,UnityEngine.Object,string,object[])
UnityEngine.Logger:Log (UnityEngine.LogType,object)
UnityEngine.Debug:Log (object)
PPS.Solver.Batch.SolverBatch:Progress () (at Assets/_Project/Scripts/Solver/Batch/SolverBatch.cs:193)
PPS.Solver.Batch.SolverBatch:Tick () (at Assets/_Project/Scripts/Solver/Batch/SolverBatch.cs:210)
UnityEditor.EditorApplication:Internal_CallUpdateFunctions ()

(Filename: Assets/_Project/Scripts/Solver/Batch/SolverBatch.cs Line: 193)

[SolverBatch] Stage09 — 46%  582판 굴림
UnityEngine.Debug:ExtractStackTraceNoAlloc (byte*,int,string)
UnityEngine.StackTraceUtility:ExtractStackTrace ()
UnityEngine.DebugLogHandler:Internal_Log (UnityEngine.LogType,UnityEngine.LogOption,string,UnityEngine.Object)
UnityEngine.DebugLogHandler:LogFormat (UnityEngine.LogType,UnityEngine.Object,string,object[])
UnityEngine.Logger:Log (UnityEngine.LogType,object)
UnityEngine.Debug:Log (object)
PPS.Solver.Batch.SolverBatch:Progress () (at Assets/_Project/Scripts/Solver/Batch/SolverBatch.cs:193)
PPS.Solver.Batch.SolverBatch:Tick () (at Assets/_Project/Scripts/Solver/Batch/SolverBatch.cs:210)
UnityEditor.EditorApplication:Internal_CallUpdateFunctions ()

(Filename: Assets/_Project/Scripts/Solver/Batch/SolverBatch.cs Line: 193)

[SolverBatch] Stage09 — 46%  592판 굴림
UnityEngine.Debug:ExtractStackTraceNoAlloc (byte*,int,string)
UnityEngine.StackTraceUtility:ExtractStackTrace ()
UnityEngine.DebugLogHandler:Internal_Log (UnityEngine.LogType,UnityEngine.LogOption,string,UnityEngine.Object)
UnityEngine.DebugLogHandler:LogFormat (UnityEngine.LogType,UnityEngine.Object,string,object[])
UnityEngine.Logger:Log (UnityEngine.LogType,object)
UnityEngine.Debug:Log (object)
PPS.Solver.Batch.SolverBatch:Progress () (at Assets/_Project/Scripts/Solver/Batch/SolverBatch.cs:193)
PPS.Solver.Batch.SolverBatch:Tick () (at Assets/_Project/Scripts/Solver/Batch/SolverBatch.cs:210)
UnityEditor.EditorApplication:Internal_CallUpdateFunctions ()

(Filename: Assets/_Project/Scripts/Solver/Batch/SolverBatch.cs Line: 193)

[SolverBatch] Stage09 — 47%  612판 굴림
UnityEngine.Debug:ExtractStackTraceNoAlloc (byte*,int,string)
UnityEngine.StackTraceUtility:ExtractStackTrace ()
UnityEngine.DebugLogHandler:Internal_Log (UnityEngine.LogType,UnityEngine.LogOption,string,UnityEngine.Object)
UnityEngine.DebugLogHandler:LogFormat (UnityEngine.LogType,UnityEngine.Object,string,object[])
UnityEngine.Logger:Log (UnityEngine.LogType,object)
UnityEngine.Debug:Log (object)
PPS.Solver.Batch.SolverBatch:Progress () (at Assets/_Project/Scripts/Solver/Batch/SolverBatch.cs:193)
PPS.Solver.Batch.SolverBatch:Tick () (at Assets/_Project/Scripts/Solver/Batch/SolverBatch.cs:210)
UnityEditor.EditorApplication:Internal_CallUpdateFunctions ()

(Filename: Assets/_Project/Scripts/Solver/Batch/SolverBatch.cs Line: 193)

[SolverBatch] Stage09 — 47%  625판 굴림
UnityEngine.Debug:ExtractStackTraceNoAlloc (byte*,int,string)
UnityEngine.StackTraceUtility:ExtractStackTrace ()
UnityEngine.DebugLogHandler:Internal_Log (UnityEngine.LogType,UnityEngine.LogOption,string,UnityEngine.Object)
UnityEngine.DebugLogHandler:LogFormat (UnityEngine.LogType,UnityEngine.Object,string,object[])
UnityEngine.Logger:Log (UnityEngine.LogType,object)
UnityEngine.Debug:Log (object)
PPS.Solver.Batch.SolverBatch:Progress () (at Assets/_Project/Scripts/Solver/Batch/SolverBatch.cs:193)
PPS.Solver.Batch.SolverBatch:Tick () (at Assets/_Project/Scripts/Solver/Batch/SolverBatch.cs:210)
UnityEditor.EditorApplication:Internal_CallUpdateFunctions ()

(Filename: Assets/_Project/Scripts/Solver/Batch/SolverBatch.cs Line: 193)

[SolverBatch] Stage09 — 47%  640판 굴림
UnityEngine.Debug:ExtractStackTraceNoAlloc (byte*,int,string)
UnityEngine.StackTraceUtility:ExtractStackTrace ()
UnityEngine.DebugLogHandler:Internal_Log (UnityEngine.LogType,UnityEngine.LogOption,string,UnityEngine.Object)
UnityEngine.DebugLogHandler:LogFormat (UnityEngine.LogType,UnityEngine.Object,string,object[])
UnityEngine.Logger:Log (UnityEngine.LogType,object)
UnityEngine.Debug:Log (object)
PPS.Solver.Batch.SolverBatch:Progress () (at Assets/_Project/Scripts/Solver/Batch/SolverBatch.cs:193)
PPS.Solver.Batch.SolverBatch:Tick () (at Assets/_Project/Scripts/Solver/Batch/SolverBatch.cs:210)
UnityEditor.EditorApplication:Internal_CallUpdateFunctions ()

(Filename: Assets/_Project/Scripts/Solver/Batch/SolverBatch.cs Line: 193)

[SolverBatch] Stage09 — 48%  658판 굴림
UnityEngine.Debug:ExtractStackTraceNoAlloc (byte*,int,string)
UnityEngine.StackTraceUtility:ExtractStackTrace ()
UnityEngine.DebugLogHandler:Internal_Log (UnityEngine.LogType,UnityEngine.LogOption,string,UnityEngine.Object)
UnityEngine.DebugLogHandler:LogFormat (UnityEngine.LogType,UnityEngine.Object,string,object[])
UnityEngine.Logger:Log (UnityEngine.LogType,object)
UnityEngine.Debug:Log (object)
PPS.Solver.Batch.SolverBatch:Progress () (at Assets/_Project/Scripts/Solver/Batch/SolverBatch.cs:193)
PPS.Solver.Batch.SolverBatch:Tick () (at Assets/_Project/Scripts/Solver/Batch/SolverBatch.cs:210)
UnityEditor.EditorApplication:Internal_CallUpdateFunctions ()

(Filename: Assets/_Project/Scripts/Solver/Batch/SolverBatch.cs Line: 193)

[SolverBatch] Stage09 — 48%  671판 굴림
UnityEngine.Debug:ExtractStackTraceNoAlloc (byte*,int,string)
UnityEngine.StackTraceUtility:ExtractStackTrace ()
UnityEngine.DebugLogHandler:Internal_Log (UnityEngine.LogType,UnityEngine.LogOption,string,UnityEngine.Object)
UnityEngine.DebugLogHandler:LogFormat (UnityEngine.LogType,UnityEngine.Object,string,object[])
UnityEngine.Logger:Log (UnityEngine.LogType,object)
UnityEngine.Debug:Log (object)
PPS.Solver.Batch.SolverBatch:Progress () (at Assets/_Project/Scripts/Solver/Batch/SolverBatch.cs:193)
PPS.Solver.Batch.SolverBatch:Tick () (at Assets/_Project/Scripts/Solver/Batch/SolverBatch.cs:210)
UnityEditor.EditorApplication:Internal_CallUpdateFunctions ()

(Filename: Assets/_Project/Scripts/Solver/Batch/SolverBatch.cs Line: 193)

[SolverBatch] Stage09 — 48%  687판 굴림
UnityEngine.Debug:ExtractStackTraceNoAlloc (byte*,int,string)
UnityEngine.StackTraceUtility:ExtractStackTrace ()
UnityEngine.DebugLogHandler:Internal_Log (UnityEngine.LogType,UnityEngine.LogOption,string,UnityEngine.Object)
UnityEngine.DebugLogHandler:LogFormat (UnityEngine.LogType,UnityEngine.Object,string,object[])
UnityEngine.Logger:Log (UnityEngine.LogType,object)
UnityEngine.Debug:Log (object)
PPS.Solver.Batch.SolverBatch:Progress () (at Assets/_Project/Scripts/Solver/Batch/SolverBatch.cs:193)
PPS.Solver.Batch.SolverBatch:Tick () (at Assets/_Project/Scripts/Solver/Batch/SolverBatch.cs:210)
UnityEditor.EditorApplication:Internal_CallUpdateFunctions ()

(Filename: Assets/_Project/Scripts/Solver/Batch/SolverBatch.cs Line: 193)

[SolverBatch] Stage09 — 49%  703판 굴림
UnityEngine.Debug:ExtractStackTraceNoAlloc (byte*,int,string)
UnityEngine.StackTraceUtility:ExtractStackTrace ()
UnityEngine.DebugLogHandler:Internal_Log (UnityEngine.LogType,UnityEngine.LogOption,string,UnityEngine.Object)
UnityEngine.DebugLogHandler:LogFormat (UnityEngine.LogType,UnityEngine.Object,string,object[])
UnityEngine.Logger:Log (UnityEngine.LogType,object)
UnityEngine.Debug:Log (object)
PPS.Solver.Batch.SolverBatch:Progress () (at Assets/_Project/Scripts/Solver/Batch/SolverBatch.cs:193)
PPS.Solver.Batch.SolverBatch:Tick () (at Assets/_Project/Scripts/Solver/Batch/SolverBatch.cs:210)
UnityEditor.EditorApplication:Internal_CallUpdateFunctions ()

(Filename: Assets/_Project/Scripts/Solver/Batch/SolverBatch.cs Line: 193)

[SolverBatch] Stage09 — 49%  718판 굴림
UnityEngine.Debug:ExtractStackTraceNoAlloc (byte*,int,string)
UnityEngine.StackTraceUtility:ExtractStackTrace ()
UnityEngine.DebugLogHandler:Internal_Log (UnityEngine.LogType,UnityEngine.LogOption,string,UnityEngine.Object)
UnityEngine.DebugLogHandler:LogFormat (UnityEngine.LogType,UnityEngine.Object,string,object[])
UnityEngine.Logger:Log (UnityEngine.LogType,object)
UnityEngine.Debug:Log (object)
PPS.Solver.Batch.SolverBatch:Progress () (at Assets/_Project/Scripts/Solver/Batch/SolverBatch.cs:193)
PPS.Solver.Batch.SolverBatch:Tick () (at Assets/_Project/Scripts/Solver/Batch/SolverBatch.cs:210)
UnityEditor.EditorApplication:Internal_CallUpdateFunctions ()

(Filename: Assets/_Project/Scripts/Solver/Batch/SolverBatch.cs Line: 193)

[SolverBatch] Stage09 — 49%  724판 굴림
UnityEngine.Debug:ExtractStackTraceNoAlloc (byte*,int,string)
UnityEngine.StackTraceUtility:ExtractStackTrace ()
UnityEngine.DebugLogHandler:Internal_Log (UnityEngine.LogType,UnityEngine.LogOption,string,UnityEngine.Object)
UnityEngine.DebugLogHandler:LogFormat (UnityEngine.LogType,UnityEngine.Object,string,object[])
UnityEngine.Logger:Log (UnityEngine.LogType,object)
UnityEngine.Debug:Log (object)
PPS.Solver.Batch.SolverBatch:Progress () (at Assets/_Project/Scripts/Solver/Batch/SolverBatch.cs:193)
PPS.Solver.Batch.SolverBatch:Tick () (at Assets/_Project/Scripts/Solver/Batch/SolverBatch.cs:210)
UnityEditor.EditorApplication:Internal_CallUpdateFunctions ()

(Filename: Assets/_Project/Scripts/Solver/Batch/SolverBatch.cs Line: 193)

[SolverBatch] Stage09 — 49%  739판 굴림
UnityEngine.Debug:ExtractStackTraceNoAlloc (byte*,int,string)
UnityEngine.StackTraceUtility:ExtractStackTrace ()
UnityEngine.DebugLogHandler:Internal_Log (UnityEngine.LogType,UnityEngine.LogOption,string,UnityEngine.Object)
UnityEngine.DebugLogHandler:LogFormat (UnityEngine.LogType,UnityEngine.Object,string,object[])
UnityEngine.Logger:Log (UnityEngine.LogType,object)
UnityEngine.Debug:Log (object)
PPS.Solver.Batch.SolverBatch:Progress () (at Assets/_Project/Scripts/Solver/Batch/SolverBatch.cs:193)
PPS.Solver.Batch.SolverBatch:Tick () (at Assets/_Project/Scripts/Solver/Batch/SolverBatch.cs:210)
UnityEditor.EditorApplication:Internal_CallUpdateFunctions ()

(Filename: Assets/_Project/Scripts/Solver/Batch/SolverBatch.cs Line: 193)

[SolverBatch] Stage09 — 49%  748판 굴림
UnityEngine.Debug:ExtractStackTraceNoAlloc (byte*,int,string)
UnityEngine.StackTraceUtility:ExtractStackTrace ()
UnityEngine.DebugLogHandler:Internal_Log (UnityEngine.LogType,UnityEngine.LogOption,string,UnityEngine.Object)
UnityEngine.DebugLogHandler:LogFormat (UnityEngine.LogType,UnityEngine.Object,string,object[])
UnityEngine.Logger:Log (UnityEngine.LogType,object)
UnityEngine.Debug:Log (object)
PPS.Solver.Batch.SolverBatch:Progress () (at Assets/_Project/Scripts/Solver/Batch/SolverBatch.cs:193)
PPS.Solver.Batch.SolverBatch:Tick () (at Assets/_Project/Scripts/Solver/Batch/SolverBatch.cs:210)
UnityEditor.EditorApplication:Internal_CallUpdateFunctions ()

(Filename: Assets/_Project/Scripts/Solver/Batch/SolverBatch.cs Line: 193)

[SolverBatch] Stage09 — 49%  761판 굴림
UnityEngine.Debug:ExtractStackTraceNoAlloc (byte*,int,string)
UnityEngine.StackTraceUtility:ExtractStackTrace ()
UnityEngine.DebugLogHandler:Internal_Log (UnityEngine.LogType,UnityEngine.LogOption,string,UnityEngine.Object)
UnityEngine.DebugLogHandler:LogFormat (UnityEngine.LogType,UnityEngine.Object,string,object[])
UnityEngine.Logger:Log (UnityEngine.LogType,object)
UnityEngine.Debug:Log (object)
PPS.Solver.Batch.SolverBatch:Progress () (at Assets/_Project/Scripts/Solver/Batch/SolverBatch.cs:193)
PPS.Solver.Batch.SolverBatch:Tick () (at Assets/_Project/Scripts/Solver/Batch/SolverBatch.cs:210)
UnityEditor.EditorApplication:Internal_CallUpdateFunctions ()

(Filename: Assets/_Project/Scripts/Solver/Batch/SolverBatch.cs Line: 193)

[SolverBatch] Stage09 — 50%  786판 굴림
UnityEngine.Debug:ExtractStackTraceNoAlloc (byte*,int,string)
UnityEngine.StackTraceUtility:ExtractStackTrace ()
UnityEngine.DebugLogHandler:Internal_Log (UnityEngine.LogType,UnityEngine.LogOption,string,UnityEngine.Object)
UnityEngine.DebugLogHandler:LogFormat (UnityEngine.LogType,UnityEngine.Object,string,object[])
UnityEngine.Logger:Log (UnityEngine.LogType,object)
UnityEngine.Debug:Log (object)
PPS.Solver.Batch.SolverBatch:Progress () (at Assets/_Project/Scripts/Solver/Batch/SolverBatch.cs:193)
PPS.Solver.Batch.SolverBatch:Tick () (at Assets/_Project/Scripts/Solver/Batch/SolverBatch.cs:210)
UnityEditor.EditorApplication:Internal_CallUpdateFunctions ()

(Filename: Assets/_Project/Scripts/Solver/Batch/SolverBatch.cs Line: 193)

[SolverBatch] Stage09 — 50%  799판 굴림
UnityEngine.Debug:ExtractStackTraceNoAlloc (byte*,int,string)
UnityEngine.StackTraceUtility:ExtractStackTrace ()
UnityEngine.DebugLogHandler:Internal_Log (UnityEngine.LogType,UnityEngine.LogOption,string,UnityEngine.Object)
UnityEngine.DebugLogHandler:LogFormat (UnityEngine.LogType,UnityEngine.Object,string,object[])
UnityEngine.Logger:Log (UnityEngine.LogType,object)
UnityEngine.Debug:Log (object)
PPS.Solver.Batch.SolverBatch:Progress () (at Assets/_Project/Scripts/Solver/Batch/SolverBatch.cs:193)
PPS.Solver.Batch.SolverBatch:Tick () (at Assets/_Project/Scripts/Solver/Batch/SolverBatch.cs:210)
UnityEditor.EditorApplication:Internal_CallUpdateFunctions ()

(Filename: Assets/_Project/Scripts/Solver/Batch/SolverBatch.cs Line: 193)

[SolverBatch] Stage09 — 50%  817판 굴림
UnityEngine.Debug:ExtractStackTraceNoAlloc (byte*,int,string)
UnityEngine.StackTraceUtility:ExtractStackTrace ()
UnityEngine.DebugLogHandler:Internal_Log (UnityEngine.LogType,UnityEngine.LogOption,string,UnityEngine.Object)
UnityEngine.DebugLogHandler:LogFormat (UnityEngine.LogType,UnityEngine.Object,string,object[])
UnityEngine.Logger:Log (UnityEngine.LogType,object)
UnityEngine.Debug:Log (object)
PPS.Solver.Batch.SolverBatch:Progress () (at Assets/_Project/Scripts/Solver/Batch/SolverBatch.cs:193)
PPS.Solver.Batch.SolverBatch:Tick () (at Assets/_Project/Scripts/Solver/Batch/SolverBatch.cs:210)
UnityEditor.EditorApplication:Internal_CallUpdateFunctions ()

(Filename: Assets/_Project/Scripts/Solver/Batch/SolverBatch.cs Line: 193)

[SolverBatch] Stage09 — 51%  838판 굴림
UnityEngine.Debug:ExtractStackTraceNoAlloc (byte*,int,string)
UnityEngine.StackTraceUtility:ExtractStackTrace ()
UnityEngine.DebugLogHandler:Internal_Log (UnityEngine.LogType,UnityEngine.LogOption,string,UnityEngine.Object)
UnityEngine.DebugLogHandler:LogFormat (UnityEngine.LogType,UnityEngine.Object,string,object[])
UnityEngine.Logger:Log (UnityEngine.LogType,object)
UnityEngine.Debug:Log (object)
PPS.Solver.Batch.SolverBatch:Progress () (at Assets/_Project/Scripts/Solver/Batch/SolverBatch.cs:193)
PPS.Solver.Batch.SolverBatch:Tick () (at Assets/_Project/Scripts/Solver/Batch/SolverBatch.cs:210)
UnityEditor.EditorApplication:Internal_CallUpdateFunctions ()

(Filename: Assets/_Project/Scripts/Solver/Batch/SolverBatch.cs Line: 193)

[SolverBatch] Stage09 — 51%  853판 굴림
UnityEngine.Debug:ExtractStackTraceNoAlloc (byte*,int,string)
UnityEngine.StackTraceUtility:ExtractStackTrace ()
UnityEngine.DebugLogHandler:Internal_Log (UnityEngine.LogType,UnityEngine.LogOption,string,UnityEngine.Object)
UnityEngine.DebugLogHandler:LogFormat (UnityEngine.LogType,UnityEngine.Object,string,object[])
UnityEngine.Logger:Log (UnityEngine.LogType,object)
UnityEngine.Debug:Log (object)
PPS.Solver.Batch.SolverBatch:Progress () (at Assets/_Project/Scripts/Solver/Batch/SolverBatch.cs:193)
PPS.Solver.Batch.SolverBatch:Tick () (at Assets/_Project/Scripts/Solver/Batch/SolverBatch.cs:210)
UnityEditor.EditorApplication:Internal_CallUpdateFunctions ()

(Filename: Assets/_Project/Scripts/Solver/Batch/SolverBatch.cs Line: 193)

[SolverBatch] Stage09 — 51%  862판 굴림
UnityEngine.Debug:ExtractStackTraceNoAlloc (byte*,int,string)
UnityEngine.StackTraceUtility:ExtractStackTrace ()
UnityEngine.DebugLogHandler:Internal_Log (UnityEngine.LogType,UnityEngine.LogOption,string,UnityEngine.Object)
UnityEngine.DebugLogHandler:LogFormat (UnityEngine.LogType,UnityEngine.Object,string,object[])
UnityEngine.Logger:Log (UnityEngine.LogType,object)
UnityEngine.Debug:Log (object)
PPS.Solver.Batch.SolverBatch:Progress () (at Assets/_Project/Scripts/Solver/Batch/SolverBatch.cs:193)
PPS.Solver.Batch.SolverBatch:Tick () (at Assets/_Project/Scripts/Solver/Batch/SolverBatch.cs:210)
UnityEditor.EditorApplication:Internal_CallUpdateFunctions ()

(Filename: Assets/_Project/Scripts/Solver/Batch/SolverBatch.cs Line: 193)

[SolverBatch] Stage09 — 52%  878판 굴림
UnityEngine.Debug:ExtractStackTraceNoAlloc (byte*,int,string)
UnityEngine.StackTraceUtility:ExtractStackTrace ()
UnityEngine.DebugLogHandler:Internal_Log (UnityEngine.LogType,UnityEngine.LogOption,string,UnityEngine.Object)
UnityEngine.DebugLogHandler:LogFormat (UnityEngine.LogType,UnityEngine.Object,string,object[])
UnityEngine.Logger:Log (UnityEngine.LogType,object)
UnityEngine.Debug:Log (object)
PPS.Solver.Batch.SolverBatch:Progress () (at Assets/_Project/Scripts/Solver/Batch/SolverBatch.cs:193)
PPS.Solver.Batch.SolverBatch:Tick () (at Assets/_Project/Scripts/Solver/Batch/SolverBatch.cs:210)
UnityEditor.EditorApplication:Internal_CallUpdateFunctions ()

(Filename: Assets/_Project/Scripts/Solver/Batch/SolverBatch.cs Line: 193)

[SolverBatch] Stage09 — 52%  902판 굴림
UnityEngine.Debug:ExtractStackTraceNoAlloc (byte*,int,string)
UnityEngine.StackTraceUtility:ExtractStackTrace ()
UnityEngine.DebugLogHandler:Internal_Log (UnityEngine.LogType,UnityEngine.LogOption,string,UnityEngine.Object)
UnityEngine.DebugLogHandler:LogFormat (UnityEngine.LogType,UnityEngine.Object,string,object[])
UnityEngine.Logger:Log (UnityEngine.LogType,object)
UnityEngine.Debug:Log (object)
PPS.Solver.Batch.SolverBatch:Progress () (at Assets/_Project/Scripts/Solver/Batch/SolverBatch.cs:193)
PPS.Solver.Batch.SolverBatch:Tick () (at Assets/_Project/Scripts/Solver/Batch/SolverBatch.cs:210)
UnityEditor.EditorApplication:Internal_CallUpdateFunctions ()

(Filename: Assets/_Project/Scripts/Solver/Batch/SolverBatch.cs Line: 193)

[SolverBatch] Stage09 — 52%  910판 굴림
UnityEngine.Debug:ExtractStackTraceNoAlloc (byte*,int,string)
UnityEngine.StackTraceUtility:ExtractStackTrace ()
UnityEngine.DebugLogHandler:Internal_Log (UnityEngine.LogType,UnityEngine.LogOption,string,UnityEngine.Object)
UnityEngine.DebugLogHandler:LogFormat (UnityEngine.LogType,UnityEngine.Object,string,object[])
UnityEngine.Logger:Log (UnityEngine.LogType,object)
UnityEngine.Debug:Log (object)
PPS.Solver.Batch.SolverBatch:Progress () (at Assets/_Project/Scripts/Solver/Batch/SolverBatch.cs:193)
PPS.Solver.Batch.SolverBatch:Tick () (at Assets/_Project/Scripts/Solver/Batch/SolverBatch.cs:210)
UnityEditor.EditorApplication:Internal_CallUpdateFunctions ()

(Filename: Assets/_Project/Scripts/Solver/Batch/SolverBatch.cs Line: 193)

[SolverBatch] Stage09 — 52%  921판 굴림
UnityEngine.Debug:ExtractStackTraceNoAlloc (byte*,int,string)
UnityEngine.StackTraceUtility:ExtractStackTrace ()
UnityEngine.DebugLogHandler:Internal_Log (UnityEngine.LogType,UnityEngine.LogOption,string,UnityEngine.Object)
UnityEngine.DebugLogHandler:LogFormat (UnityEngine.LogType,UnityEngine.Object,string,object[])
UnityEngine.Logger:Log (UnityEngine.LogType,object)
UnityEngine.Debug:Log (object)
PPS.Solver.Batch.SolverBatch:Progress () (at Assets/_Project/Scripts/Solver/Batch/SolverBatch.cs:193)
PPS.Solver.Batch.SolverBatch:Tick () (at Assets/_Project/Scripts/Solver/Batch/SolverBatch.cs:210)
UnityEditor.EditorApplication:Internal_CallUpdateFunctions ()

(Filename: Assets/_Project/Scripts/Solver/Batch/SolverBatch.cs Line: 193)

[SolverBatch] Stage09 — 52%  936판 굴림
UnityEngine.Debug:ExtractStackTraceNoAlloc (byte*,int,string)
UnityEngine.StackTraceUtility:ExtractStackTrace ()
UnityEngine.DebugLogHandler:Internal_Log (UnityEngine.LogType,UnityEngine.LogOption,string,UnityEngine.Object)
UnityEngine.DebugLogHandler:LogFormat (UnityEngine.LogType,UnityEngine.Object,string,object[])
UnityEngine.Logger:Log (UnityEngine.LogType,object)
UnityEngine.Debug:Log (object)
PPS.Solver.Batch.SolverBatch:Progress () (at Assets/_Project/Scripts/Solver/Batch/SolverBatch.cs:193)
PPS.Solver.Batch.SolverBatch:Tick () (at Assets/_Project/Scripts/Solver/Batch/SolverBatch.cs:210)
UnityEditor.EditorApplication:Internal_CallUpdateFunctions ()

(Filename: Assets/_Project/Scripts/Solver/Batch/SolverBatch.cs Line: 193)

[SolverBatch] Stage09 — 53%  952판 굴림
UnityEngine.Debug:ExtractStackTraceNoAlloc (byte*,int,string)
UnityEngine.StackTraceUtility:ExtractStackTrace ()
UnityEngine.DebugLogHandler:Internal_Log (UnityEngine.LogType,UnityEngine.LogOption,string,UnityEngine.Object)
UnityEngine.DebugLogHandler:LogFormat (UnityEngine.LogType,UnityEngine.Object,string,object[])
UnityEngine.Logger:Log (UnityEngine.LogType,object)
UnityEngine.Debug:Log (object)
PPS.Solver.Batch.SolverBatch:Progress () (at Assets/_Project/Scripts/Solver/Batch/SolverBatch.cs:193)
PPS.Solver.Batch.SolverBatch:Tick () (at Assets/_Project/Scripts/Solver/Batch/SolverBatch.cs:210)
UnityEditor.EditorApplication:Internal_CallUpdateFunctions ()

(Filename: Assets/_Project/Scripts/Solver/Batch/SolverBatch.cs Line: 193)

[SolverBatch] Stage09 — 53%  967판 굴림
UnityEngine.Debug:ExtractStackTraceNoAlloc (byte*,int,string)
UnityEngine.StackTraceUtility:ExtractStackTrace ()
UnityEngine.DebugLogHandler:Internal_Log (UnityEngine.LogType,UnityEngine.LogOption,string,UnityEngine.Object)
UnityEngine.DebugLogHandler:LogFormat (UnityEngine.LogType,UnityEngine.Object,string,object[])
UnityEngine.Logger:Log (UnityEngine.LogType,object)
UnityEngine.Debug:Log (object)
PPS.Solver.Batch.SolverBatch:Progress () (at Assets/_Project/Scripts/Solver/Batch/SolverBatch.cs:193)
PPS.Solver.Batch.SolverBatch:Tick () (at Assets/_Project/Scripts/Solver/Batch/SolverBatch.cs:210)
UnityEditor.EditorApplication:Internal_CallUpdateFunctions ()

(Filename: Assets/_Project/Scripts/Solver/Batch/SolverBatch.cs Line: 193)

[SolverBatch] Stage09 — 53%  986판 굴림
UnityEngine.Debug:ExtractStackTraceNoAlloc (byte*,int,string)
UnityEngine.StackTraceUtility:ExtractStackTrace ()
UnityEngine.DebugLogHandler:Internal_Log (UnityEngine.LogType,UnityEngine.LogOption,string,UnityEngine.Object)
UnityEngine.DebugLogHandler:LogFormat (UnityEngine.LogType,UnityEngine.Object,string,object[])
UnityEngine.Logger:Log (UnityEngine.LogType,object)
UnityEngine.Debug:Log (object)
PPS.Solver.Batch.SolverBatch:Progress () (at Assets/_Project/Scripts/Solver/Batch/SolverBatch.cs:193)
PPS.Solver.Batch.SolverBatch:Tick () (at Assets/_Project/Scripts/Solver/Batch/SolverBatch.cs:210)
UnityEditor.EditorApplication:Internal_CallUpdateFunctions ()

(Filename: Assets/_Project/Scripts/Solver/Batch/SolverBatch.cs Line: 193)

[SolverBatch] Stage09 — 53%  999판 굴림
UnityEngine.Debug:ExtractStackTraceNoAlloc (byte*,int,string)
UnityEngine.StackTraceUtility:ExtractStackTrace ()
UnityEngine.DebugLogHandler:Internal_Log (UnityEngine.LogType,UnityEngine.LogOption,string,UnityEngine.Object)
UnityEngine.DebugLogHandler:LogFormat (UnityEngine.LogType,UnityEngine.Object,string,object[])
UnityEngine.Logger:Log (UnityEngine.LogType,object)
UnityEngine.Debug:Log (object)
PPS.Solver.Batch.SolverBatch:Progress () (at Assets/_Project/Scripts/Solver/Batch/SolverBatch.cs:193)
PPS.Solver.Batch.SolverBatch:Tick () (at Assets/_Project/Scripts/Solver/Batch/SolverBatch.cs:210)
UnityEditor.EditorApplication:Internal_CallUpdateFunctions ()

(Filename: Assets/_Project/Scripts/Solver/Batch/SolverBatch.cs Line: 193)

[SolverBatch] Stage09 — 54%  1017판 굴림
UnityEngine.Debug:ExtractStackTraceNoAlloc (byte*,int,string)
UnityEngine.StackTraceUtility:ExtractStackTrace ()
UnityEngine.DebugLogHandler:Internal_Log (UnityEngine.LogType,UnityEngine.LogOption,string,UnityEngine.Object)
UnityEngine.DebugLogHandler:LogFormat (UnityEngine.LogType,UnityEngine.Object,string,object[])
UnityEngine.Logger:Log (UnityEngine.LogType,object)
UnityEngine.Debug:Log (object)
PPS.Solver.Batch.SolverBatch:Progress () (at Assets/_Project/Scripts/Solver/Batch/SolverBatch.cs:193)
PPS.Solver.Batch.SolverBatch:Tick () (at Assets/_Project/Scripts/Solver/Batch/SolverBatch.cs:210)
UnityEditor.EditorApplication:Internal_CallUpdateFunctions ()

(Filename: Assets/_Project/Scripts/Solver/Batch/SolverBatch.cs Line: 193)

[SolverBatch] Stage09 — 54%  1029판 굴림
UnityEngine.Debug:ExtractStackTraceNoAlloc (byte*,int,string)
UnityEngine.StackTraceUtility:ExtractStackTrace ()
UnityEngine.DebugLogHandler:Internal_Log (UnityEngine.LogType,UnityEngine.LogOption,string,UnityEngine.Object)
UnityEngine.DebugLogHandler:LogFormat (UnityEngine.LogType,UnityEngine.Object,string,object[])
UnityEngine.Logger:Log (UnityEngine.LogType,object)
UnityEngine.Debug:Log (object)
PPS.Solver.Batch.SolverBatch:Progress () (at Assets/_Project/Scripts/Solver/Batch/SolverBatch.cs:193)
PPS.Solver.Batch.SolverBatch:Tick () (at Assets/_Project/Scripts/Solver/Batch/SolverBatch.cs:210)
UnityEditor.EditorApplication:Internal_CallUpdateFunctions ()

(Filename: Assets/_Project/Scripts/Solver/Batch/SolverBatch.cs Line: 193)

[SolverBatch] Stage09 — 54%  1049판 굴림
UnityEngine.Debug:ExtractStackTraceNoAlloc (byte*,int,string)
UnityEngine.StackTraceUtility:ExtractStackTrace ()
UnityEngine.DebugLogHandler:Internal_Log (UnityEngine.LogType,UnityEngine.LogOption,string,UnityEngine.Object)
UnityEngine.DebugLogHandler:LogFormat (UnityEngine.LogType,UnityEngine.Object,string,object[])
UnityEngine.Logger:Log (UnityEngine.LogType,object)
UnityEngine.Debug:Log (object)
PPS.Solver.Batch.SolverBatch:Progress () (at Assets/_Project/Scripts/Solver/Batch/SolverBatch.cs:193)
PPS.Solver.Batch.SolverBatch:Tick () (at Assets/_Project/Scripts/Solver/Batch/SolverBatch.cs:210)
UnityEditor.EditorApplication:Internal_CallUpdateFunctions ()

(Filename: Assets/_Project/Scripts/Solver/Batch/SolverBatch.cs Line: 193)

[SolverBatch] Stage09 — 55%  1065판 굴림
UnityEngine.Debug:ExtractStackTraceNoAlloc (byte*,int,string)
UnityEngine.StackTraceUtility:ExtractStackTrace ()
UnityEngine.DebugLogHandler:Internal_Log (UnityEngine.LogType,UnityEngine.LogOption,string,UnityEngine.Object)
UnityEngine.DebugLogHandler:LogFormat (UnityEngine.LogType,UnityEngine.Object,string,object[])
UnityEngine.Logger:Log (UnityEngine.LogType,object)
UnityEngine.Debug:Log (object)
PPS.Solver.Batch.SolverBatch:Progress () (at Assets/_Project/Scripts/Solver/Batch/SolverBatch.cs:193)
PPS.Solver.Batch.SolverBatch:Tick () (at Assets/_Project/Scripts/Solver/Batch/SolverBatch.cs:210)
UnityEditor.EditorApplication:Internal_CallUpdateFunctions ()

(Filename: Assets/_Project/Scripts/Solver/Batch/SolverBatch.cs Line: 193)

[SolverBatch] Stage09 — 55%  1083판 굴림
UnityEngine.Debug:ExtractStackTraceNoAlloc (byte*,int,string)
UnityEngine.StackTraceUtility:ExtractStackTrace ()
UnityEngine.DebugLogHandler:Internal_Log (UnityEngine.LogType,UnityEngine.LogOption,string,UnityEngine.Object)
UnityEngine.DebugLogHandler:LogFormat (UnityEngine.LogType,UnityEngine.Object,string,object[])
UnityEngine.Logger:Log (UnityEngine.LogType,object)
UnityEngine.Debug:Log (object)
PPS.Solver.Batch.SolverBatch:Progress () (at Assets/_Project/Scripts/Solver/Batch/SolverBatch.cs:193)
PPS.Solver.Batch.SolverBatch:Tick () (at Assets/_Project/Scripts/Solver/Batch/SolverBatch.cs:210)
UnityEditor.EditorApplication:Internal_CallUpdateFunctions ()

(Filename: Assets/_Project/Scripts/Solver/Batch/SolverBatch.cs Line: 193)

[SolverBatch] Stage09 — 55%  1098판 굴림
UnityEngine.Debug:ExtractStackTraceNoAlloc (byte*,int,string)
UnityEngine.StackTraceUtility:ExtractStackTrace ()
UnityEngine.DebugLogHandler:Internal_Log (UnityEngine.LogType,UnityEngine.LogOption,string,UnityEngine.Object)
UnityEngine.DebugLogHandler:LogFormat (UnityEngine.LogType,UnityEngine.Object,string,object[])
UnityEngine.Logger:Log (UnityEngine.LogType,object)
UnityEngine.Debug:Log (object)
PPS.Solver.Batch.SolverBatch:Progress () (at Assets/_Project/Scripts/Solver/Batch/SolverBatch.cs:193)
PPS.Solver.Batch.SolverBatch:Tick () (at Assets/_Project/Scripts/Solver/Batch/SolverBatch.cs:210)
UnityEditor.EditorApplication:Internal_CallUpdateFunctions ()

(Filename: Assets/_Project/Scripts/Solver/Batch/SolverBatch.cs Line: 193)

[SolverBatch] Stage09 — 55%  1113판 굴림
UnityEngine.Debug:ExtractStackTraceNoAlloc (byte*,int,string)
UnityEngine.StackTraceUtility:ExtractStackTrace ()
UnityEngine.DebugLogHandler:Internal_Log (UnityEngine.LogType,UnityEngine.LogOption,string,UnityEngine.Object)
UnityEngine.DebugLogHandler:LogFormat (UnityEngine.LogType,UnityEngine.Object,string,object[])
UnityEngine.Logger:Log (UnityEngine.LogType,object)
UnityEngine.Debug:Log (object)
PPS.Solver.Batch.SolverBatch:Progress () (at Assets/_Project/Scripts/Solver/Batch/SolverBatch.cs:193)
PPS.Solver.Batch.SolverBatch:Tick () (at Assets/_Project/Scripts/Solver/Batch/SolverBatch.cs:210)
UnityEditor.EditorApplication:Internal_CallUpdateFunctions ()

(Filename: Assets/_Project/Scripts/Solver/Batch/SolverBatch.cs Line: 193)

[SolverBatch] Stage09 — 56%  1134판 굴림
UnityEngine.Debug:ExtractStackTraceNoAlloc (byte*,int,string)
UnityEngine.StackTraceUtility:ExtractStackTrace ()
UnityEngine.DebugLogHandler:Internal_Log (UnityEngine.LogType,UnityEngine.LogOption,string,UnityEngine.Object)
UnityEngine.DebugLogHandler:LogFormat (UnityEngine.LogType,UnityEngine.Object,string,object[])
UnityEngine.Logger:Log (UnityEngine.LogType,object)
UnityEngine.Debug:Log (object)
PPS.Solver.Batch.SolverBatch:Progress () (at Assets/_Project/Scripts/Solver/Batch/SolverBatch.cs:193)
PPS.Solver.Batch.SolverBatch:Tick () (at Assets/_Project/Scripts/Solver/Batch/SolverBatch.cs:210)
UnityEditor.EditorApplication:Internal_CallUpdateFunctions ()

(Filename: Assets/_Project/Scripts/Solver/Batch/SolverBatch.cs Line: 193)

[SolverBatch] Stage09 — 56%  1147판 굴림
UnityEngine.Debug:ExtractStackTraceNoAlloc (byte*,int,string)
UnityEngine.StackTraceUtility:ExtractStackTrace ()
UnityEngine.DebugLogHandler:Internal_Log (UnityEngine.LogType,UnityEngine.LogOption,string,UnityEngine.Object)
UnityEngine.DebugLogHandler:LogFormat (UnityEngine.LogType,UnityEngine.Object,string,object[])
UnityEngine.Logger:Log (UnityEngine.LogType,object)
UnityEngine.Debug:Log (object)
PPS.Solver.Batch.SolverBatch:Progress () (at Assets/_Project/Scripts/Solver/Batch/SolverBatch.cs:193)
PPS.Solver.Batch.SolverBatch:Tick () (at Assets/_Project/Scripts/Solver/Batch/SolverBatch.cs:210)
UnityEditor.EditorApplication:Internal_CallUpdateFunctions ()

(Filename: Assets/_Project/Scripts/Solver/Batch/SolverBatch.cs Line: 193)

[SolverBatch] Stage09 — 56%  1155판 굴림
UnityEngine.Debug:ExtractStackTraceNoAlloc (byte*,int,string)
UnityEngine.StackTraceUtility:ExtractStackTrace ()
UnityEngine.DebugLogHandler:Internal_Log (UnityEngine.LogType,UnityEngine.LogOption,string,UnityEngine.Object)
UnityEngine.DebugLogHandler:LogFormat (UnityEngine.LogType,UnityEngine.Object,string,object[])
UnityEngine.Logger:Log (UnityEngine.LogType,object)
UnityEngine.Debug:Log (object)
PPS.Solver.Batch.SolverBatch:Progress () (at Assets/_Project/Scripts/Solver/Batch/SolverBatch.cs:193)
PPS.Solver.Batch.SolverBatch:Tick () (at Assets/_Project/Scripts/Solver/Batch/SolverBatch.cs:210)
UnityEditor.EditorApplication:Internal_CallUpdateFunctions ()

(Filename: Assets/_Project/Scripts/Solver/Batch/SolverBatch.cs Line: 193)

[SolverBatch] Stage09 — 56%  1164판 굴림
UnityEngine.Debug:ExtractStackTraceNoAlloc (byte*,int,string)
UnityEngine.StackTraceUtility:ExtractStackTrace ()
UnityEngine.DebugLogHandler:Internal_Log (UnityEngine.LogType,UnityEngine.LogOption,string,UnityEngine.Object)
UnityEngine.DebugLogHandler:LogFormat (UnityEngine.LogType,UnityEngine.Object,string,object[])
UnityEngine.Logger:Log (UnityEngine.LogType,object)
UnityEngine.Debug:Log (object)
PPS.Solver.Batch.SolverBatch:Progress () (at Assets/_Project/Scripts/Solver/Batch/SolverBatch.cs:193)
PPS.Solver.Batch.SolverBatch:Tick () (at Assets/_Project/Scripts/Solver/Batch/SolverBatch.cs:210)
UnityEditor.EditorApplication:Internal_CallUpdateFunctions ()

(Filename: Assets/_Project/Scripts/Solver/Batch/SolverBatch.cs Line: 193)

[SolverBatch] Stage09 — 57%  1177판 굴림
UnityEngine.Debug:ExtractStackTraceNoAlloc (byte*,int,string)
UnityEngine.StackTraceUtility:ExtractStackTrace ()
UnityEngine.DebugLogHandler:Internal_Log (UnityEngine.LogType,UnityEngine.LogOption,string,UnityEngine.Object)
UnityEngine.DebugLogHandler:LogFormat (UnityEngine.LogType,UnityEngine.Object,string,object[])
UnityEngine.Logger:Log (UnityEngine.LogType,object)
UnityEngine.Debug:Log (object)
PPS.Solver.Batch.SolverBatch:Progress () (at Assets/_Project/Scripts/Solver/Batch/SolverBatch.cs:193)
PPS.Solver.Batch.SolverBatch:Tick () (at Assets/_Project/Scripts/Solver/Batch/SolverBatch.cs:210)
UnityEditor.EditorApplication:Internal_CallUpdateFunctions ()

(Filename: Assets/_Project/Scripts/Solver/Batch/SolverBatch.cs Line: 193)

[SolverBatch] Stage09 — 57%  1185판 굴림
UnityEngine.Debug:ExtractStackTraceNoAlloc (byte*,int,string)
UnityEngine.StackTraceUtility:ExtractStackTrace ()
UnityEngine.DebugLogHandler:Internal_Log (UnityEngine.LogType,UnityEngine.LogOption,string,UnityEngine.Object)
UnityEngine.DebugLogHandler:LogFormat (UnityEngine.LogType,UnityEngine.Object,string,object[])
UnityEngine.Logger:Log (UnityEngine.LogType,object)
UnityEngine.Debug:Log (object)
PPS.Solver.Batch.SolverBatch:Progress () (at Assets/_Project/Scripts/Solver/Batch/SolverBatch.cs:193)
PPS.Solver.Batch.SolverBatch:Tick () (at Assets/_Project/Scripts/Solver/Batch/SolverBatch.cs:210)
UnityEditor.EditorApplication:Internal_CallUpdateFunctions ()

(Filename: Assets/_Project/Scripts/Solver/Batch/SolverBatch.cs Line: 193)

[SolverBatch] Stage09 — 57%  1203판 굴림
UnityEngine.Debug:ExtractStackTraceNoAlloc (byte*,int,string)
UnityEngine.StackTraceUtility:ExtractStackTrace ()
UnityEngine.DebugLogHandler:Internal_Log (UnityEngine.LogType,UnityEngine.LogOption,string,UnityEngine.Object)
UnityEngine.DebugLogHandler:LogFormat (UnityEngine.LogType,UnityEngine.Object,string,object[])
UnityEngine.Logger:Log (UnityEngine.LogType,object)
UnityEngine.Debug:Log (object)
PPS.Solver.Batch.SolverBatch:Progress () (at Assets/_Project/Scripts/Solver/Batch/SolverBatch.cs:193)
PPS.Solver.Batch.SolverBatch:Tick () (at Assets/_Project/Scripts/Solver/Batch/SolverBatch.cs:210)
UnityEditor.EditorApplication:Internal_CallUpdateFunctions ()

(Filename: Assets/_Project/Scripts/Solver/Batch/SolverBatch.cs Line: 193)

[SolverBatch] Stage09 — 57%  1227판 굴림
UnityEngine.Debug:ExtractStackTraceNoAlloc (byte*,int,string)
UnityEngine.StackTraceUtility:ExtractStackTrace ()
UnityEngine.DebugLogHandler:Internal_Log (UnityEngine.LogType,UnityEngine.LogOption,string,UnityEngine.Object)
UnityEngine.DebugLogHandler:LogFormat (UnityEngine.LogType,UnityEngine.Object,string,object[])
UnityEngine.Logger:Log (UnityEngine.LogType,object)
UnityEngine.Debug:Log (object)
PPS.Solver.Batch.SolverBatch:Progress () (at Assets/_Project/Scripts/Solver/Batch/SolverBatch.cs:193)
PPS.Solver.Batch.SolverBatch:Tick () (at Assets/_Project/Scripts/Solver/Batch/SolverBatch.cs:210)
UnityEditor.EditorApplication:Internal_CallUpdateFunctions ()

(Filename: Assets/_Project/Scripts/Solver/Batch/SolverBatch.cs Line: 193)

[SolverBatch] Stage09 — 58%  1241판 굴림
UnityEngine.Debug:ExtractStackTraceNoAlloc (byte*,int,string)
UnityEngine.StackTraceUtility:ExtractStackTrace ()
UnityEngine.DebugLogHandler:Internal_Log (UnityEngine.LogType,UnityEngine.LogOption,string,UnityEngine.Object)
UnityEngine.DebugLogHandler:LogFormat (UnityEngine.LogType,UnityEngine.Object,string,object[])
UnityEngine.Logger:Log (UnityEngine.LogType,object)
UnityEngine.Debug:Log (object)
PPS.Solver.Batch.SolverBatch:Progress () (at Assets/_Project/Scripts/Solver/Batch/SolverBatch.cs:193)
PPS.Solver.Batch.SolverBatch:Tick () (at Assets/_Project/Scripts/Solver/Batch/SolverBatch.cs:210)
UnityEditor.EditorApplication:Internal_CallUpdateFunctions ()

(Filename: Assets/_Project/Scripts/Solver/Batch/SolverBatch.cs Line: 193)

[SolverBatch] Stage09 — 58%  1254판 굴림
UnityEngine.Debug:ExtractStackTraceNoAlloc (byte*,int,string)
UnityEngine.StackTraceUtility:ExtractStackTrace ()
UnityEngine.DebugLogHandler:Internal_Log (UnityEngine.LogType,UnityEngine.LogOption,string,UnityEngine.Object)
UnityEngine.DebugLogHandler:LogFormat (UnityEngine.LogType,UnityEngine.Object,string,object[])
UnityEngine.Logger:Log (UnityEngine.LogType,object)
UnityEngine.Debug:Log (object)
PPS.Solver.Batch.SolverBatch:Progress () (at Assets/_Project/Scripts/Solver/Batch/SolverBatch.cs:193)
PPS.Solver.Batch.SolverBatch:Tick () (at Assets/_Project/Scripts/Solver/Batch/SolverBatch.cs:210)
UnityEditor.EditorApplication:Internal_CallUpdateFunctions ()

(Filename: Assets/_Project/Scripts/Solver/Batch/SolverBatch.cs Line: 193)

[SolverBatch] Stage09 — 58%  1263판 굴림
UnityEngine.Debug:ExtractStackTraceNoAlloc (byte*,int,string)
UnityEngine.StackTraceUtility:ExtractStackTrace ()
UnityEngine.DebugLogHandler:Internal_Log (UnityEngine.LogType,UnityEngine.LogOption,string,UnityEngine.Object)
UnityEngine.DebugLogHandler:LogFormat (UnityEngine.LogType,UnityEngine.Object,string,object[])
UnityEngine.Logger:Log (UnityEngine.LogType,object)
UnityEngine.Debug:Log (object)
PPS.Solver.Batch.SolverBatch:Progress () (at Assets/_Project/Scripts/Solver/Batch/SolverBatch.cs:193)
PPS.Solver.Batch.SolverBatch:Tick () (at Assets/_Project/Scripts/Solver/Batch/SolverBatch.cs:210)
UnityEditor.EditorApplication:Internal_CallUpdateFunctions ()

(Filename: Assets/_Project/Scripts/Solver/Batch/SolverBatch.cs Line: 193)

[SolverBatch] Stage09 — 58%  1275판 굴림
UnityEngine.Debug:ExtractStackTraceNoAlloc (byte*,int,string)
UnityEngine.StackTraceUtility:ExtractStackTrace ()
UnityEngine.DebugLogHandler:Internal_Log (UnityEngine.LogType,UnityEngine.LogOption,string,UnityEngine.Object)
UnityEngine.DebugLogHandler:LogFormat (UnityEngine.LogType,UnityEngine.Object,string,object[])
UnityEngine.Logger:Log (UnityEngine.LogType,object)
UnityEngine.Debug:Log (object)
PPS.Solver.Batch.SolverBatch:Progress () (at Assets/_Project/Scripts/Solver/Batch/SolverBatch.cs:193)
PPS.Solver.Batch.SolverBatch:Tick () (at Assets/_Project/Scripts/Solver/Batch/SolverBatch.cs:210)
UnityEditor.EditorApplication:Internal_CallUpdateFunctions ()

(Filename: Assets/_Project/Scripts/Solver/Batch/SolverBatch.cs Line: 193)

[SolverBatch] Stage09 — 58%  1285판 굴림
UnityEngine.Debug:ExtractStackTraceNoAlloc (byte*,int,string)
UnityEngine.StackTraceUtility:ExtractStackTrace ()
UnityEngine.DebugLogHandler:Internal_Log (UnityEngine.LogType,UnityEngine.LogOption,string,UnityEngine.Object)
UnityEngine.DebugLogHandler:LogFormat (UnityEngine.LogType,UnityEngine.Object,string,object[])
UnityEngine.Logger:Log (UnityEngine.LogType,object)
UnityEngine.Debug:Log (object)
PPS.Solver.Batch.SolverBatch:Progress () (at Assets/_Project/Scripts/Solver/Batch/SolverBatch.cs:193)
PPS.Solver.Batch.SolverBatch:Tick () (at Assets/_Project/Scripts/Solver/Batch/SolverBatch.cs:210)
UnityEditor.EditorApplication:Internal_CallUpdateFunctions ()

(Filename: Assets/_Project/Scripts/Solver/Batch/SolverBatch.cs Line: 193)

[SolverBatch] Stage09 — 58%  1302판 굴림
UnityEngine.Debug:ExtractStackTraceNoAlloc (byte*,int,string)
UnityEngine.StackTraceUtility:ExtractStackTrace ()
UnityEngine.DebugLogHandler:Internal_Log (UnityEngine.LogType,UnityEngine.LogOption,string,UnityEngine.Object)
UnityEngine.DebugLogHandler:LogFormat (UnityEngine.LogType,UnityEngine.Object,string,object[])
UnityEngine.Logger:Log (UnityEngine.LogType,object)
UnityEngine.Debug:Log (object)
PPS.Solver.Batch.SolverBatch:Progress () (at Assets/_Project/Scripts/Solver/Batch/SolverBatch.cs:193)
PPS.Solver.Batch.SolverBatch:Tick () (at Assets/_Project/Scripts/Solver/Batch/SolverBatch.cs:210)
UnityEditor.EditorApplication:Internal_CallUpdateFunctions ()

(Filename: Assets/_Project/Scripts/Solver/Batch/SolverBatch.cs Line: 193)

[SolverBatch] Stage09 — 59%  1321판 굴림
UnityEngine.Debug:ExtractStackTraceNoAlloc (byte*,int,string)
UnityEngine.StackTraceUtility:ExtractStackTrace ()
UnityEngine.DebugLogHandler:Internal_Log (UnityEngine.LogType,UnityEngine.LogOption,string,UnityEngine.Object)
UnityEngine.DebugLogHandler:LogFormat (UnityEngine.LogType,UnityEngine.Object,string,object[])
UnityEngine.Logger:Log (UnityEngine.LogType,object)
UnityEngine.Debug:Log (object)
PPS.Solver.Batch.SolverBatch:Progress () (at Assets/_Project/Scripts/Solver/Batch/SolverBatch.cs:193)
PPS.Solver.Batch.SolverBatch:Tick () (at Assets/_Project/Scripts/Solver/Batch/SolverBatch.cs:210)
UnityEditor.EditorApplication:Internal_CallUpdateFunctions ()

(Filename: Assets/_Project/Scripts/Solver/Batch/SolverBatch.cs Line: 193)

[SolverBatch] Stage09 — 59%  1335판 굴림
UnityEngine.Debug:ExtractStackTraceNoAlloc (byte*,int,string)
UnityEngine.StackTraceUtility:ExtractStackTrace ()
UnityEngine.DebugLogHandler:Internal_Log (UnityEngine.LogType,UnityEngine.LogOption,string,UnityEngine.Object)
UnityEngine.DebugLogHandler:LogFormat (UnityEngine.LogType,UnityEngine.Object,string,object[])
UnityEngine.Logger:Log (UnityEngine.LogType,object)
UnityEngine.Debug:Log (object)
PPS.Solver.Batch.SolverBatch:Progress () (at Assets/_Project/Scripts/Solver/Batch/SolverBatch.cs:193)
PPS.Solver.Batch.SolverBatch:Tick () (at Assets/_Project/Scripts/Solver/Batch/SolverBatch.cs:210)
UnityEditor.EditorApplication:Internal_CallUpdateFunctions ()

(Filename: Assets/_Project/Scripts/Solver/Batch/SolverBatch.cs Line: 193)

[SolverBatch] Stage09 — 59%  1353판 굴림
UnityEngine.Debug:ExtractStackTraceNoAlloc (byte*,int,string)
UnityEngine.StackTraceUtility:ExtractStackTrace ()
UnityEngine.DebugLogHandler:Internal_Log (UnityEngine.LogType,UnityEngine.LogOption,string,UnityEngine.Object)
UnityEngine.DebugLogHandler:LogFormat (UnityEngine.LogType,UnityEngine.Object,string,object[])
UnityEngine.Logger:Log (UnityEngine.LogType,object)
UnityEngine.Debug:Log (object)
PPS.Solver.Batch.SolverBatch:Progress () (at Assets/_Project/Scripts/Solver/Batch/SolverBatch.cs:193)
PPS.Solver.Batch.SolverBatch:Tick () (at Assets/_Project/Scripts/Solver/Batch/SolverBatch.cs:210)
UnityEditor.EditorApplication:Internal_CallUpdateFunctions ()

(Filename: Assets/_Project/Scripts/Solver/Batch/SolverBatch.cs Line: 193)

[SolverBatch] Stage09 — 59%  1366판 굴림
UnityEngine.Debug:ExtractStackTraceNoAlloc (byte*,int,string)
UnityEngine.StackTraceUtility:ExtractStackTrace ()
UnityEngine.DebugLogHandler:Internal_Log (UnityEngine.LogType,UnityEngine.LogOption,string,UnityEngine.Object)
UnityEngine.DebugLogHandler:LogFormat (UnityEngine.LogType,UnityEngine.Object,string,object[])
UnityEngine.Logger:Log (UnityEngine.LogType,object)
UnityEngine.Debug:Log (object)
PPS.Solver.Batch.SolverBatch:Progress () (at Assets/_Project/Scripts/Solver/Batch/SolverBatch.cs:193)
PPS.Solver.Batch.SolverBatch:Tick () (at Assets/_Project/Scripts/Solver/Batch/SolverBatch.cs:210)
UnityEditor.EditorApplication:Internal_CallUpdateFunctions ()

(Filename: Assets/_Project/Scripts/Solver/Batch/SolverBatch.cs Line: 193)

[SolverBatch] Stage09 — 59%  1374판 굴림
UnityEngine.Debug:ExtractStackTraceNoAlloc (byte*,int,string)
UnityEngine.StackTraceUtility:ExtractStackTrace ()
UnityEngine.DebugLogHandler:Internal_Log (UnityEngine.LogType,UnityEngine.LogOption,string,UnityEngine.Object)
UnityEngine.DebugLogHandler:LogFormat (UnityEngine.LogType,UnityEngine.Object,string,object[])
UnityEngine.Logger:Log (UnityEngine.LogType,object)
UnityEngine.Debug:Log (object)
PPS.Solver.Batch.SolverBatch:Progress () (at Assets/_Project/Scripts/Solver/Batch/SolverBatch.cs:193)
PPS.Solver.Batch.SolverBatch:Tick () (at Assets/_Project/Scripts/Solver/Batch/SolverBatch.cs:210)
UnityEditor.EditorApplication:Internal_CallUpdateFunctions ()

(Filename: Assets/_Project/Scripts/Solver/Batch/SolverBatch.cs Line: 193)

[SolverBatch] Stage09 — 59%  1383판 굴림
UnityEngine.Debug:ExtractStackTraceNoAlloc (byte*,int,string)
UnityEngine.StackTraceUtility:ExtractStackTrace ()
UnityEngine.DebugLogHandler:Internal_Log (UnityEngine.LogType,UnityEngine.LogOption,string,UnityEngine.Object)
UnityEngine.DebugLogHandler:LogFormat (UnityEngine.LogType,UnityEngine.Object,string,object[])
UnityEngine.Logger:Log (UnityEngine.LogType,object)
UnityEngine.Debug:Log (object)
PPS.Solver.Batch.SolverBatch:Progress () (at Assets/_Project/Scripts/Solver/Batch/SolverBatch.cs:193)
PPS.Solver.Batch.SolverBatch:Tick () (at Assets/_Project/Scripts/Solver/Batch/SolverBatch.cs:210)
UnityEditor.EditorApplication:Internal_CallUpdateFunctions ()

(Filename: Assets/_Project/Scripts/Solver/Batch/SolverBatch.cs Line: 193)

[SolverBatch] Stage09 — 59%  1395판 굴림
UnityEngine.Debug:ExtractStackTraceNoAlloc (byte*,int,string)
UnityEngine.StackTraceUtility:ExtractStackTrace ()
UnityEngine.DebugLogHandler:Internal_Log (UnityEngine.LogType,UnityEngine.LogOption,string,UnityEngine.Object)
UnityEngine.DebugLogHandler:LogFormat (UnityEngine.LogType,UnityEngine.Object,string,object[])
UnityEngine.Logger:Log (UnityEngine.LogType,object)
UnityEngine.Debug:Log (object)
PPS.Solver.Batch.SolverBatch:Progress () (at Assets/_Project/Scripts/Solver/Batch/SolverBatch.cs:193)
PPS.Solver.Batch.SolverBatch:Tick () (at Assets/_Project/Scripts/Solver/Batch/SolverBatch.cs:210)
UnityEditor.EditorApplication:Internal_CallUpdateFunctions ()

(Filename: Assets/_Project/Scripts/Solver/Batch/SolverBatch.cs Line: 193)

[SolverBatch] Stage09 — 60%  1419판 굴림
UnityEngine.Debug:ExtractStackTraceNoAlloc (byte*,int,string)
UnityEngine.StackTraceUtility:ExtractStackTrace ()
UnityEngine.DebugLogHandler:Internal_Log (UnityEngine.LogType,UnityEngine.LogOption,string,UnityEngine.Object)
UnityEngine.DebugLogHandler:LogFormat (UnityEngine.LogType,UnityEngine.Object,string,object[])
UnityEngine.Logger:Log (UnityEngine.LogType,object)
UnityEngine.Debug:Log (object)
PPS.Solver.Batch.SolverBatch:Progress () (at Assets/_Project/Scripts/Solver/Batch/SolverBatch.cs:193)
PPS.Solver.Batch.SolverBatch:Tick () (at Assets/_Project/Scripts/Solver/Batch/SolverBatch.cs:210)
UnityEditor.EditorApplication:Internal_CallUpdateFunctions ()

(Filename: Assets/_Project/Scripts/Solver/Batch/SolverBatch.cs Line: 193)

[SolverBatch] Stage09 — 60%  1427판 굴림
UnityEngine.Debug:ExtractStackTraceNoAlloc (byte*,int,string)
UnityEngine.StackTraceUtility:ExtractStackTrace ()
UnityEngine.DebugLogHandler:Internal_Log (UnityEngine.LogType,UnityEngine.LogOption,string,UnityEngine.Object)
UnityEngine.DebugLogHandler:LogFormat (UnityEngine.LogType,UnityEngine.Object,string,object[])
UnityEngine.Logger:Log (UnityEngine.LogType,object)
UnityEngine.Debug:Log (object)
PPS.Solver.Batch.SolverBatch:Progress () (at Assets/_Project/Scripts/Solver/Batch/SolverBatch.cs:193)
PPS.Solver.Batch.SolverBatch:Tick () (at Assets/_Project/Scripts/Solver/Batch/SolverBatch.cs:210)
UnityEditor.EditorApplication:Internal_CallUpdateFunctions ()

(Filename: Assets/_Project/Scripts/Solver/Batch/SolverBatch.cs Line: 193)

[SolverBatch] Stage09 — 60%  1437판 굴림
UnityEngine.Debug:ExtractStackTraceNoAlloc (byte*,int,string)
UnityEngine.StackTraceUtility:ExtractStackTrace ()
UnityEngine.DebugLogHandler:Internal_Log (UnityEngine.LogType,UnityEngine.LogOption,string,UnityEngine.Object)
UnityEngine.DebugLogHandler:LogFormat (UnityEngine.LogType,UnityEngine.Object,string,object[])
UnityEngine.Logger:Log (UnityEngine.LogType,object)
UnityEngine.Debug:Log (object)
PPS.Solver.Batch.SolverBatch:Progress () (at Assets/_Project/Scripts/Solver/Batch/SolverBatch.cs:193)
PPS.Solver.Batch.SolverBatch:Tick () (at Assets/_Project/Scripts/Solver/Batch/SolverBatch.cs:210)
UnityEditor.EditorApplication:Internal_CallUpdateFunctions ()

(Filename: Assets/_Project/Scripts/Solver/Batch/SolverBatch.cs Line: 193)

[SolverBatch] Stage09 — 60%  1446판 굴림
UnityEngine.Debug:ExtractStackTraceNoAlloc (byte*,int,string)
UnityEngine.StackTraceUtility:ExtractStackTrace ()
UnityEngine.DebugLogHandler:Internal_Log (UnityEngine.LogType,UnityEngine.LogOption,string,UnityEngine.Object)
UnityEngine.DebugLogHandler:LogFormat (UnityEngine.LogType,UnityEngine.Object,string,object[])
UnityEngine.Logger:Log (UnityEngine.LogType,object)
UnityEngine.Debug:Log (object)
PPS.Solver.Batch.SolverBatch:Progress () (at Assets/_Project/Scripts/Solver/Batch/SolverBatch.cs:193)
PPS.Solver.Batch.SolverBatch:Tick () (at Assets/_Project/Scripts/Solver/Batch/SolverBatch.cs:210)
UnityEditor.EditorApplication:Internal_CallUpdateFunctions ()

(Filename: Assets/_Project/Scripts/Solver/Batch/SolverBatch.cs Line: 193)

[SolverBatch] Stage09 — 60%  1464판 굴림
UnityEngine.Debug:ExtractStackTraceNoAlloc (byte*,int,string)
UnityEngine.StackTraceUtility:ExtractStackTrace ()
UnityEngine.DebugLogHandler:Internal_Log (UnityEngine.LogType,UnityEngine.LogOption,string,UnityEngine.Object)
UnityEngine.DebugLogHandler:LogFormat (UnityEngine.LogType,UnityEngine.Object,string,object[])
UnityEngine.Logger:Log (UnityEngine.LogType,object)
UnityEngine.Debug:Log (object)
PPS.Solver.Batch.SolverBatch:Progress () (at Assets/_Project/Scripts/Solver/Batch/SolverBatch.cs:193)
PPS.Solver.Batch.SolverBatch:Tick () (at Assets/_Project/Scripts/Solver/Batch/SolverBatch.cs:210)
UnityEditor.EditorApplication:Internal_CallUpdateFunctions ()

(Filename: Assets/_Project/Scripts/Solver/Batch/SolverBatch.cs Line: 193)

[SolverBatch] Stage09 — 60%  1479판 굴림
UnityEngine.Debug:ExtractStackTraceNoAlloc (byte*,int,string)
UnityEngine.StackTraceUtility:ExtractStackTrace ()
UnityEngine.DebugLogHandler:Internal_Log (UnityEngine.LogType,UnityEngine.LogOption,string,UnityEngine.Object)
UnityEngine.DebugLogHandler:LogFormat (UnityEngine.LogType,UnityEngine.Object,string,object[])
UnityEngine.Logger:Log (UnityEngine.LogType,object)
UnityEngine.Debug:Log (object)
PPS.Solver.Batch.SolverBatch:Progress () (at Assets/_Project/Scripts/Solver/Batch/SolverBatch.cs:193)
PPS.Solver.Batch.SolverBatch:Tick () (at Assets/_Project/Scripts/Solver/Batch/SolverBatch.cs:210)
UnityEditor.EditorApplication:Internal_CallUpdateFunctions ()

(Filename: Assets/_Project/Scripts/Solver/Batch/SolverBatch.cs Line: 193)

[SolverBatch] Stage09 — 60%  1493판 굴림
UnityEngine.Debug:ExtractStackTraceNoAlloc (byte*,int,string)
UnityEngine.StackTraceUtility:ExtractStackTrace ()
UnityEngine.DebugLogHandler:Internal_Log (UnityEngine.LogType,UnityEngine.LogOption,string,UnityEngine.Object)
UnityEngine.DebugLogHandler:LogFormat (UnityEngine.LogType,UnityEngine.Object,string,object[])
UnityEngine.Logger:Log (UnityEngine.LogType,object)
UnityEngine.Debug:Log (object)
PPS.Solver.Batch.SolverBatch:Progress () (at Assets/_Project/Scripts/Solver/Batch/SolverBatch.cs:193)
PPS.Solver.Batch.SolverBatch:Tick () (at Assets/_Project/Scripts/Solver/Batch/SolverBatch.cs:210)
UnityEditor.EditorApplication:Internal_CallUpdateFunctions ()

(Filename: Assets/_Project/Scripts/Solver/Batch/SolverBatch.cs Line: 193)

[SolverBatch] Stage09 — 61%  1501판 굴림
UnityEngine.Debug:ExtractStackTraceNoAlloc (byte*,int,string)
UnityEngine.StackTraceUtility:ExtractStackTrace ()
UnityEngine.DebugLogHandler:Internal_Log (UnityEngine.LogType,UnityEngine.LogOption,string,UnityEngine.Object)
UnityEngine.DebugLogHandler:LogFormat (UnityEngine.LogType,UnityEngine.Object,string,object[])
UnityEngine.Logger:Log (UnityEngine.LogType,object)
UnityEngine.Debug:Log (object)
PPS.Solver.Batch.SolverBatch:Progress () (at Assets/_Project/Scripts/Solver/Batch/SolverBatch.cs:193)
PPS.Solver.Batch.SolverBatch:Tick () (at Assets/_Project/Scripts/Solver/Batch/SolverBatch.cs:210)
UnityEditor.EditorApplication:Internal_CallUpdateFunctions ()

(Filename: Assets/_Project/Scripts/Solver/Batch/SolverBatch.cs Line: 193)

[SolverBatch] Stage09 — 61%  1518판 굴림
UnityEngine.Debug:ExtractStackTraceNoAlloc (byte*,int,string)
UnityEngine.StackTraceUtility:ExtractStackTrace ()
UnityEngine.DebugLogHandler:Internal_Log (UnityEngine.LogType,UnityEngine.LogOption,string,UnityEngine.Object)
UnityEngine.DebugLogHandler:LogFormat (UnityEngine.LogType,UnityEngine.Object,string,object[])
UnityEngine.Logger:Log (UnityEngine.LogType,object)
UnityEngine.Debug:Log (object)
PPS.Solver.Batch.SolverBatch:Progress () (at Assets/_Project/Scripts/Solver/Batch/SolverBatch.cs:193)
PPS.Solver.Batch.SolverBatch:Tick () (at Assets/_Project/Scripts/Solver/Batch/SolverBatch.cs:210)
UnityEditor.EditorApplication:Internal_CallUpdateFunctions ()

(Filename: Assets/_Project/Scripts/Solver/Batch/SolverBatch.cs Line: 193)

[SolverBatch] Stage09 — 61%  1534판 굴림
UnityEngine.Debug:ExtractStackTraceNoAlloc (byte*,int,string)
UnityEngine.StackTraceUtility:ExtractStackTrace ()
UnityEngine.DebugLogHandler:Internal_Log (UnityEngine.LogType,UnityEngine.LogOption,string,UnityEngine.Object)
UnityEngine.DebugLogHandler:LogFormat (UnityEngine.LogType,UnityEngine.Object,string,object[])
UnityEngine.Logger:Log (UnityEngine.LogType,object)
UnityEngine.Debug:Log (object)
PPS.Solver.Batch.SolverBatch:Progress () (at Assets/_Project/Scripts/Solver/Batch/SolverBatch.cs:193)
PPS.Solver.Batch.SolverBatch:Tick () (at Assets/_Project/Scripts/Solver/Batch/SolverBatch.cs:210)
UnityEditor.EditorApplication:Internal_CallUpdateFunctions ()

(Filename: Assets/_Project/Scripts/Solver/Batch/SolverBatch.cs Line: 193)

[SolverBatch] Stage09 — 61%  1549판 굴림
UnityEngine.Debug:ExtractStackTraceNoAlloc (byte*,int,string)
UnityEngine.StackTraceUtility:ExtractStackTrace ()
UnityEngine.DebugLogHandler:Internal_Log (UnityEngine.LogType,UnityEngine.LogOption,string,UnityEngine.Object)
UnityEngine.DebugLogHandler:LogFormat (UnityEngine.LogType,UnityEngine.Object,string,object[])
UnityEngine.Logger:Log (UnityEngine.LogType,object)
UnityEngine.Debug:Log (object)
PPS.Solver.Batch.SolverBatch:Progress () (at Assets/_Project/Scripts/Solver/Batch/SolverBatch.cs:193)
PPS.Solver.Batch.SolverBatch:Tick () (at Assets/_Project/Scripts/Solver/Batch/SolverBatch.cs:210)
UnityEditor.EditorApplication:Internal_CallUpdateFunctions ()

(Filename: Assets/_Project/Scripts/Solver/Batch/SolverBatch.cs Line: 193)

[SolverBatch] Stage09 — 61%  1559판 굴림
UnityEngine.Debug:ExtractStackTraceNoAlloc (byte*,int,string)
UnityEngine.StackTraceUtility:ExtractStackTrace ()
UnityEngine.DebugLogHandler:Internal_Log (UnityEngine.LogType,UnityEngine.LogOption,string,UnityEngine.Object)
UnityEngine.DebugLogHandler:LogFormat (UnityEngine.LogType,UnityEngine.Object,string,object[])
UnityEngine.Logger:Log (UnityEngine.LogType,object)
UnityEngine.Debug:Log (object)
PPS.Solver.Batch.SolverBatch:Progress () (at Assets/_Project/Scripts/Solver/Batch/SolverBatch.cs:193)
PPS.Solver.Batch.SolverBatch:Tick () (at Assets/_Project/Scripts/Solver/Batch/SolverBatch.cs:210)
UnityEditor.EditorApplication:Internal_CallUpdateFunctions ()

(Filename: Assets/_Project/Scripts/Solver/Batch/SolverBatch.cs Line: 193)

[SolverBatch] Stage09 — 61%  1571판 굴림
UnityEngine.Debug:ExtractStackTraceNoAlloc (byte*,int,string)
UnityEngine.StackTraceUtility:ExtractStackTrace ()
UnityEngine.DebugLogHandler:Internal_Log (UnityEngine.LogType,UnityEngine.LogOption,string,UnityEngine.Object)
UnityEngine.DebugLogHandler:LogFormat (UnityEngine.LogType,UnityEngine.Object,string,object[])
UnityEngine.Logger:Log (UnityEngine.LogType,object)
UnityEngine.Debug:Log (object)
PPS.Solver.Batch.SolverBatch:Progress () (at Assets/_Project/Scripts/Solver/Batch/SolverBatch.cs:193)
PPS.Solver.Batch.SolverBatch:Tick () (at Assets/_Project/Scripts/Solver/Batch/SolverBatch.cs:210)
UnityEditor.EditorApplication:Internal_CallUpdateFunctions ()

(Filename: Assets/_Project/Scripts/Solver/Batch/SolverBatch.cs Line: 193)

[SolverBatch] Stage09 — 61%  1588판 굴림
UnityEngine.Debug:ExtractStackTraceNoAlloc (byte*,int,string)
UnityEngine.StackTraceUtility:ExtractStackTrace ()
UnityEngine.DebugLogHandler:Internal_Log (UnityEngine.LogType,UnityEngine.LogOption,string,UnityEngine.Object)
UnityEngine.DebugLogHandler:LogFormat (UnityEngine.LogType,UnityEngine.Object,string,object[])
UnityEngine.Logger:Log (UnityEngine.LogType,object)
UnityEngine.Debug:Log (object)
PPS.Solver.Batch.SolverBatch:Progress () (at Assets/_Project/Scripts/Solver/Batch/SolverBatch.cs:193)
PPS.Solver.Batch.SolverBatch:Tick () (at Assets/_Project/Scripts/Solver/Batch/SolverBatch.cs:210)
UnityEditor.EditorApplication:Internal_CallUpdateFunctions ()

(Filename: Assets/_Project/Scripts/Solver/Batch/SolverBatch.cs Line: 193)

[SolverBatch] Stage09 — 62%  1602판 굴림
UnityEngine.Debug:ExtractStackTraceNoAlloc (byte*,int,string)
UnityEngine.StackTraceUtility:ExtractStackTrace ()
UnityEngine.DebugLogHandler:Internal_Log (UnityEngine.LogType,UnityEngine.LogOption,string,UnityEngine.Object)
UnityEngine.DebugLogHandler:LogFormat (UnityEngine.LogType,UnityEngine.Object,string,object[])
UnityEngine.Logger:Log (UnityEngine.LogType,object)
UnityEngine.Debug:Log (object)
PPS.Solver.Batch.SolverBatch:Progress () (at Assets/_Project/Scripts/Solver/Batch/SolverBatch.cs:193)
PPS.Solver.Batch.SolverBatch:Tick () (at Assets/_Project/Scripts/Solver/Batch/SolverBatch.cs:210)
UnityEditor.EditorApplication:Internal_CallUpdateFunctions ()

(Filename: Assets/_Project/Scripts/Solver/Batch/SolverBatch.cs Line: 193)

[SolverBatch] Stage09 — 62%  1619판 굴림
UnityEngine.Debug:ExtractStackTraceNoAlloc (byte*,int,string)
UnityEngine.StackTraceUtility:ExtractStackTrace ()
UnityEngine.DebugLogHandler:Internal_Log (UnityEngine.LogType,UnityEngine.LogOption,string,UnityEngine.Object)
UnityEngine.DebugLogHandler:LogFormat (UnityEngine.LogType,UnityEngine.Object,string,object[])
UnityEngine.Logger:Log (UnityEngine.LogType,object)
UnityEngine.Debug:Log (object)
PPS.Solver.Batch.SolverBatch:Progress () (at Assets/_Project/Scripts/Solver/Batch/SolverBatch.cs:193)
PPS.Solver.Batch.SolverBatch:Tick () (at Assets/_Project/Scripts/Solver/Batch/SolverBatch.cs:210)
UnityEditor.EditorApplication:Internal_CallUpdateFunctions ()

(Filename: Assets/_Project/Scripts/Solver/Batch/SolverBatch.cs Line: 193)

[SolverBatch] Stage09 — 62%  1636판 굴림
UnityEngine.Debug:ExtractStackTraceNoAlloc (byte*,int,string)
UnityEngine.StackTraceUtility:ExtractStackTrace ()
UnityEngine.DebugLogHandler:Internal_Log (UnityEngine.LogType,UnityEngine.LogOption,string,UnityEngine.Object)
UnityEngine.DebugLogHandler:LogFormat (UnityEngine.LogType,UnityEngine.Object,string,object[])
UnityEngine.Logger:Log (UnityEngine.LogType,object)
UnityEngine.Debug:Log (object)
PPS.Solver.Batch.SolverBatch:Progress () (at Assets/_Project/Scripts/Solver/Batch/SolverBatch.cs:193)
PPS.Solver.Batch.SolverBatch:Tick () (at Assets/_Project/Scripts/Solver/Batch/SolverBatch.cs:210)
UnityEditor.EditorApplication:Internal_CallUpdateFunctions ()

(Filename: Assets/_Project/Scripts/Solver/Batch/SolverBatch.cs Line: 193)

[SolverBatch] Stage09 — 62%  1650판 굴림
UnityEngine.Debug:ExtractStackTraceNoAlloc (byte*,int,string)
UnityEngine.StackTraceUtility:ExtractStackTrace ()
UnityEngine.DebugLogHandler:Internal_Log (UnityEngine.LogType,UnityEngine.LogOption,string,UnityEngine.Object)
UnityEngine.DebugLogHandler:LogFormat (UnityEngine.LogType,UnityEngine.Object,string,object[])
UnityEngine.Logger:Log (UnityEngine.LogType,object)
UnityEngine.Debug:Log (object)
PPS.Solver.Batch.SolverBatch:Progress () (at Assets/_Project/Scripts/Solver/Batch/SolverBatch.cs:193)
PPS.Solver.Batch.SolverBatch:Tick () (at Assets/_Project/Scripts/Solver/Batch/SolverBatch.cs:210)
UnityEditor.EditorApplication:Internal_CallUpdateFunctions ()

(Filename: Assets/_Project/Scripts/Solver/Batch/SolverBatch.cs Line: 193)

[SolverBatch] Stage09 — 62%  1664판 굴림
UnityEngine.Debug:ExtractStackTraceNoAlloc (byte*,int,string)
UnityEngine.StackTraceUtility:ExtractStackTrace ()
UnityEngine.DebugLogHandler:Internal_Log (UnityEngine.LogType,UnityEngine.LogOption,string,UnityEngine.Object)
UnityEngine.DebugLogHandler:LogFormat (UnityEngine.LogType,UnityEngine.Object,string,object[])
UnityEngine.Logger:Log (UnityEngine.LogType,object)
UnityEngine.Debug:Log (object)
PPS.Solver.Batch.SolverBatch:Progress () (at Assets/_Project/Scripts/Solver/Batch/SolverBatch.cs:193)
PPS.Solver.Batch.SolverBatch:Tick () (at Assets/_Project/Scripts/Solver/Batch/SolverBatch.cs:210)
UnityEditor.EditorApplication:Internal_CallUpdateFunctions ()

(Filename: Assets/_Project/Scripts/Solver/Batch/SolverBatch.cs Line: 193)

[SolverBatch] Stage09 — 63%  1687판 굴림
UnityEngine.Debug:ExtractStackTraceNoAlloc (byte*,int,string)
UnityEngine.StackTraceUtility:ExtractStackTrace ()
UnityEngine.DebugLogHandler:Internal_Log (UnityEngine.LogType,UnityEngine.LogOption,string,UnityEngine.Object)
UnityEngine.DebugLogHandler:LogFormat (UnityEngine.LogType,UnityEngine.Object,string,object[])
UnityEngine.Logger:Log (UnityEngine.LogType,object)
UnityEngine.Debug:Log (object)
PPS.Solver.Batch.SolverBatch:Progress () (at Assets/_Project/Scripts/Solver/Batch/SolverBatch.cs:193)
PPS.Solver.Batch.SolverBatch:Tick () (at Assets/_Project/Scripts/Solver/Batch/SolverBatch.cs:210)
UnityEditor.EditorApplication:Internal_CallUpdateFunctions ()

(Filename: Assets/_Project/Scripts/Solver/Batch/SolverBatch.cs Line: 193)

[SolverBatch] Stage09 — 63%  1697판 굴림
UnityEngine.Debug:ExtractStackTraceNoAlloc (byte*,int,string)
UnityEngine.StackTraceUtility:ExtractStackTrace ()
UnityEngine.DebugLogHandler:Internal_Log (UnityEngine.LogType,UnityEngine.LogOption,string,UnityEngine.Object)
UnityEngine.DebugLogHandler:LogFormat (UnityEngine.LogType,UnityEngine.Object,string,object[])
UnityEngine.Logger:Log (UnityEngine.LogType,object)
UnityEngine.Debug:Log (object)
PPS.Solver.Batch.SolverBatch:Progress () (at Assets/_Project/Scripts/Solver/Batch/SolverBatch.cs:193)
PPS.Solver.Batch.SolverBatch:Tick () (at Assets/_Project/Scripts/Solver/Batch/SolverBatch.cs:210)
UnityEditor.EditorApplication:Internal_CallUpdateFunctions ()

(Filename: Assets/_Project/Scripts/Solver/Batch/SolverBatch.cs Line: 193)

[SolverBatch] Stage09 — 63%  1707판 굴림
UnityEngine.Debug:ExtractStackTraceNoAlloc (byte*,int,string)
UnityEngine.StackTraceUtility:ExtractStackTrace ()
UnityEngine.DebugLogHandler:Internal_Log (UnityEngine.LogType,UnityEngine.LogOption,string,UnityEngine.Object)
UnityEngine.DebugLogHandler:LogFormat (UnityEngine.LogType,UnityEngine.Object,string,object[])
UnityEngine.Logger:Log (UnityEngine.LogType,object)
UnityEngine.Debug:Log (object)
PPS.Solver.Batch.SolverBatch:Progress () (at Assets/_Project/Scripts/Solver/Batch/SolverBatch.cs:193)
PPS.Solver.Batch.SolverBatch:Tick () (at Assets/_Project/Scripts/Solver/Batch/SolverBatch.cs:210)
UnityEditor.EditorApplication:Internal_CallUpdateFunctions ()

(Filename: Assets/_Project/Scripts/Solver/Batch/SolverBatch.cs Line: 193)

[SolverBatch] Stage09 — 63%  1724판 굴림
UnityEngine.Debug:ExtractStackTraceNoAlloc (byte*,int,string)
UnityEngine.StackTraceUtility:ExtractStackTrace ()
UnityEngine.DebugLogHandler:Internal_Log (UnityEngine.LogType,UnityEngine.LogOption,string,UnityEngine.Object)
UnityEngine.DebugLogHandler:LogFormat (UnityEngine.LogType,UnityEngine.Object,string,object[])
UnityEngine.Logger:Log (UnityEngine.LogType,object)
UnityEngine.Debug:Log (object)
PPS.Solver.Batch.SolverBatch:Progress () (at Assets/_Project/Scripts/Solver/Batch/SolverBatch.cs:193)
PPS.Solver.Batch.SolverBatch:Tick () (at Assets/_Project/Scripts/Solver/Batch/SolverBatch.cs:210)
UnityEditor.EditorApplication:Internal_CallUpdateFunctions ()

(Filename: Assets/_Project/Scripts/Solver/Batch/SolverBatch.cs Line: 193)

[SolverBatch] Stage09 — 64%  1741판 굴림
UnityEngine.Debug:ExtractStackTraceNoAlloc (byte*,int,string)
UnityEngine.StackTraceUtility:ExtractStackTrace ()
UnityEngine.DebugLogHandler:Internal_Log (UnityEngine.LogType,UnityEngine.LogOption,string,UnityEngine.Object)
UnityEngine.DebugLogHandler:LogFormat (UnityEngine.LogType,UnityEngine.Object,string,object[])
UnityEngine.Logger:Log (UnityEngine.LogType,object)
UnityEngine.Debug:Log (object)
PPS.Solver.Batch.SolverBatch:Progress () (at Assets/_Project/Scripts/Solver/Batch/SolverBatch.cs:193)
PPS.Solver.Batch.SolverBatch:Tick () (at Assets/_Project/Scripts/Solver/Batch/SolverBatch.cs:210)
UnityEditor.EditorApplication:Internal_CallUpdateFunctions ()

(Filename: Assets/_Project/Scripts/Solver/Batch/SolverBatch.cs Line: 193)

[SolverBatch] Stage09 — 64%  1758판 굴림
UnityEngine.Debug:ExtractStackTraceNoAlloc (byte*,int,string)
UnityEngine.StackTraceUtility:ExtractStackTrace ()
UnityEngine.DebugLogHandler:Internal_Log (UnityEngine.LogType,UnityEngine.LogOption,string,UnityEngine.Object)
UnityEngine.DebugLogHandler:LogFormat (UnityEngine.LogType,UnityEngine.Object,string,object[])
UnityEngine.Logger:Log (UnityEngine.LogType,object)
UnityEngine.Debug:Log (object)
PPS.Solver.Batch.SolverBatch:Progress () (at Assets/_Project/Scripts/Solver/Batch/SolverBatch.cs:193)
PPS.Solver.Batch.SolverBatch:Tick () (at Assets/_Project/Scripts/Solver/Batch/SolverBatch.cs:210)
UnityEditor.EditorApplication:Internal_CallUpdateFunctions ()

(Filename: Assets/_Project/Scripts/Solver/Batch/SolverBatch.cs Line: 193)

[SolverBatch] Stage09 — 64%  1772판 굴림
UnityEngine.Debug:ExtractStackTraceNoAlloc (byte*,int,string)
UnityEngine.StackTraceUtility:ExtractStackTrace ()
UnityEngine.DebugLogHandler:Internal_Log (UnityEngine.LogType,UnityEngine.LogOption,string,UnityEngine.Object)
UnityEngine.DebugLogHandler:LogFormat (UnityEngine.LogType,UnityEngine.Object,string,object[])
UnityEngine.Logger:Log (UnityEngine.LogType,object)
UnityEngine.Debug:Log (object)
PPS.Solver.Batch.SolverBatch:Progress () (at Assets/_Project/Scripts/Solver/Batch/SolverBatch.cs:193)
PPS.Solver.Batch.SolverBatch:Tick () (at Assets/_Project/Scripts/Solver/Batch/SolverBatch.cs:210)
UnityEditor.EditorApplication:Internal_CallUpdateFunctions ()

(Filename: Assets/_Project/Scripts/Solver/Batch/SolverBatch.cs Line: 193)

[SolverBatch] Stage09 — 65%  1794판 굴림
UnityEngine.Debug:ExtractStackTraceNoAlloc (byte*,int,string)
UnityEngine.StackTraceUtility:ExtractStackTrace ()
UnityEngine.DebugLogHandler:Internal_Log (UnityEngine.LogType,UnityEngine.LogOption,string,UnityEngine.Object)
UnityEngine.DebugLogHandler:LogFormat (UnityEngine.LogType,UnityEngine.Object,string,object[])
UnityEngine.Logger:Log (UnityEngine.LogType,object)
UnityEngine.Debug:Log (object)
PPS.Solver.Batch.SolverBatch:Progress () (at Assets/_Project/Scripts/Solver/Batch/SolverBatch.cs:193)
PPS.Solver.Batch.SolverBatch:Tick () (at Assets/_Project/Scripts/Solver/Batch/SolverBatch.cs:210)
UnityEditor.EditorApplication:Internal_CallUpdateFunctions ()

(Filename: Assets/_Project/Scripts/Solver/Batch/SolverBatch.cs Line: 193)

[SolverBatch] Stage09 — 65%  1804판 굴림
UnityEngine.Debug:ExtractStackTraceNoAlloc (byte*,int,string)
UnityEngine.StackTraceUtility:ExtractStackTrace ()
UnityEngine.DebugLogHandler:Internal_Log (UnityEngine.LogType,UnityEngine.LogOption,string,UnityEngine.Object)
UnityEngine.DebugLogHandler:LogFormat (UnityEngine.LogType,UnityEngine.Object,string,object[])
UnityEngine.Logger:Log (UnityEngine.LogType,object)
UnityEngine.Debug:Log (object)
PPS.Solver.Batch.SolverBatch:Progress () (at Assets/_Project/Scripts/Solver/Batch/SolverBatch.cs:193)
PPS.Solver.Batch.SolverBatch:Tick () (at Assets/_Project/Scripts/Solver/Batch/SolverBatch.cs:210)
UnityEditor.EditorApplication:Internal_CallUpdateFunctions ()

(Filename: Assets/_Project/Scripts/Solver/Batch/SolverBatch.cs Line: 193)

[SolverBatch] Stage09 — 65%  1813판 굴림
UnityEngine.Debug:ExtractStackTraceNoAlloc (byte*,int,string)
UnityEngine.StackTraceUtility:ExtractStackTrace ()
UnityEngine.DebugLogHandler:Internal_Log (UnityEngine.LogType,UnityEngine.LogOption,string,UnityEngine.Object)
UnityEngine.DebugLogHandler:LogFormat (UnityEngine.LogType,UnityEngine.Object,string,object[])
UnityEngine.Logger:Log (UnityEngine.LogType,object)
UnityEngine.Debug:Log (object)
PPS.Solver.Batch.SolverBatch:Progress () (at Assets/_Project/Scripts/Solver/Batch/SolverBatch.cs:193)
PPS.Solver.Batch.SolverBatch:Tick () (at Assets/_Project/Scripts/Solver/Batch/SolverBatch.cs:210)
UnityEditor.EditorApplication:Internal_CallUpdateFunctions ()

(Filename: Assets/_Project/Scripts/Solver/Batch/SolverBatch.cs Line: 193)

[SolverBatch] Stage09 — 65%  1829판 굴림
UnityEngine.Debug:ExtractStackTraceNoAlloc (byte*,int,string)
UnityEngine.StackTraceUtility:ExtractStackTrace ()
UnityEngine.DebugLogHandler:Internal_Log (UnityEngine.LogType,UnityEngine.LogOption,string,UnityEngine.Object)
UnityEngine.DebugLogHandler:LogFormat (UnityEngine.LogType,UnityEngine.Object,string,object[])
UnityEngine.Logger:Log (UnityEngine.LogType,object)
UnityEngine.Debug:Log (object)
PPS.Solver.Batch.SolverBatch:Progress () (at Assets/_Project/Scripts/Solver/Batch/SolverBatch.cs:193)
PPS.Solver.Batch.SolverBatch:Tick () (at Assets/_Project/Scripts/Solver/Batch/SolverBatch.cs:210)
UnityEditor.EditorApplication:Internal_CallUpdateFunctions ()

(Filename: Assets/_Project/Scripts/Solver/Batch/SolverBatch.cs Line: 193)

[SolverBatch] Stage09 — 65%  1839판 굴림
UnityEngine.Debug:ExtractStackTraceNoAlloc (byte*,int,string)
UnityEngine.StackTraceUtility:ExtractStackTrace ()
UnityEngine.DebugLogHandler:Internal_Log (UnityEngine.LogType,UnityEngine.LogOption,string,UnityEngine.Object)
UnityEngine.DebugLogHandler:LogFormat (UnityEngine.LogType,UnityEngine.Object,string,object[])
UnityEngine.Logger:Log (UnityEngine.LogType,object)
UnityEngine.Debug:Log (object)
PPS.Solver.Batch.SolverBatch:Progress () (at Assets/_Project/Scripts/Solver/Batch/SolverBatch.cs:193)
PPS.Solver.Batch.SolverBatch:Tick () (at Assets/_Project/Scripts/Solver/Batch/SolverBatch.cs:210)
UnityEditor.EditorApplication:Internal_CallUpdateFunctions ()

(Filename: Assets/_Project/Scripts/Solver/Batch/SolverBatch.cs Line: 193)

[SolverBatch] Stage09 — 65%  1853판 굴림
UnityEngine.Debug:ExtractStackTraceNoAlloc (byte*,int,string)
UnityEngine.StackTraceUtility:ExtractStackTrace ()
UnityEngine.DebugLogHandler:Internal_Log (UnityEngine.LogType,UnityEngine.LogOption,string,UnityEngine.Object)
UnityEngine.DebugLogHandler:LogFormat (UnityEngine.LogType,UnityEngine.Object,string,object[])
UnityEngine.Logger:Log (UnityEngine.LogType,object)
UnityEngine.Debug:Log (object)
PPS.Solver.Batch.SolverBatch:Progress () (at Assets/_Project/Scripts/Solver/Batch/SolverBatch.cs:193)
PPS.Solver.Batch.SolverBatch:Tick () (at Assets/_Project/Scripts/Solver/Batch/SolverBatch.cs:210)
UnityEditor.EditorApplication:Internal_CallUpdateFunctions ()

(Filename: Assets/_Project/Scripts/Solver/Batch/SolverBatch.cs Line: 193)

[SolverBatch] Stage09 — 65%  1866판 굴림
UnityEngine.Debug:ExtractStackTraceNoAlloc (byte*,int,string)
UnityEngine.StackTraceUtility:ExtractStackTrace ()
UnityEngine.DebugLogHandler:Internal_Log (UnityEngine.LogType,UnityEngine.LogOption,string,UnityEngine.Object)
UnityEngine.DebugLogHandler:LogFormat (UnityEngine.LogType,UnityEngine.Object,string,object[])
UnityEngine.Logger:Log (UnityEngine.LogType,object)
UnityEngine.Debug:Log (object)
PPS.Solver.Batch.SolverBatch:Progress () (at Assets/_Project/Scripts/Solver/Batch/SolverBatch.cs:193)
PPS.Solver.Batch.SolverBatch:Tick () (at Assets/_Project/Scripts/Solver/Batch/SolverBatch.cs:210)
UnityEditor.EditorApplication:Internal_CallUpdateFunctions ()

(Filename: Assets/_Project/Scripts/Solver/Batch/SolverBatch.cs Line: 193)

[SolverBatch] Stage09 — 66%  1887판 굴림
UnityEngine.Debug:ExtractStackTraceNoAlloc (byte*,int,string)
UnityEngine.StackTraceUtility:ExtractStackTrace ()
UnityEngine.DebugLogHandler:Internal_Log (UnityEngine.LogType,UnityEngine.LogOption,string,UnityEngine.Object)
UnityEngine.DebugLogHandler:LogFormat (UnityEngine.LogType,UnityEngine.Object,string,object[])
UnityEngine.Logger:Log (UnityEngine.LogType,object)
UnityEngine.Debug:Log (object)
PPS.Solver.Batch.SolverBatch:Progress () (at Assets/_Project/Scripts/Solver/Batch/SolverBatch.cs:193)
PPS.Solver.Batch.SolverBatch:Tick () (at Assets/_Project/Scripts/Solver/Batch/SolverBatch.cs:210)
UnityEditor.EditorApplication:Internal_CallUpdateFunctions ()

(Filename: Assets/_Project/Scripts/Solver/Batch/SolverBatch.cs Line: 193)

[SolverBatch] Stage09 — 66%  1903판 굴림
UnityEngine.Debug:ExtractStackTraceNoAlloc (byte*,int,string)
UnityEngine.StackTraceUtility:ExtractStackTrace ()
UnityEngine.DebugLogHandler:Internal_Log (UnityEngine.LogType,UnityEngine.LogOption,string,UnityEngine.Object)
UnityEngine.DebugLogHandler:LogFormat (UnityEngine.LogType,UnityEngine.Object,string,object[])
UnityEngine.Logger:Log (UnityEngine.LogType,object)
UnityEngine.Debug:Log (object)
PPS.Solver.Batch.SolverBatch:Progress () (at Assets/_Project/Scripts/Solver/Batch/SolverBatch.cs:193)
PPS.Solver.Batch.SolverBatch:Tick () (at Assets/_Project/Scripts/Solver/Batch/SolverBatch.cs:210)
UnityEditor.EditorApplication:Internal_CallUpdateFunctions ()

(Filename: Assets/_Project/Scripts/Solver/Batch/SolverBatch.cs Line: 193)

[SolverBatch] Stage09 — 66%  1912판 굴림
UnityEngine.Debug:ExtractStackTraceNoAlloc (byte*,int,string)
UnityEngine.StackTraceUtility:ExtractStackTrace ()
UnityEngine.DebugLogHandler:Internal_Log (UnityEngine.LogType,UnityEngine.LogOption,string,UnityEngine.Object)
UnityEngine.DebugLogHandler:LogFormat (UnityEngine.LogType,UnityEngine.Object,string,object[])
UnityEngine.Logger:Log (UnityEngine.LogType,object)
UnityEngine.Debug:Log (object)
PPS.Solver.Batch.SolverBatch:Progress () (at Assets/_Project/Scripts/Solver/Batch/SolverBatch.cs:193)
PPS.Solver.Batch.SolverBatch:Tick () (at Assets/_Project/Scripts/Solver/Batch/SolverBatch.cs:210)
UnityEditor.EditorApplication:Internal_CallUpdateFunctions ()

(Filename: Assets/_Project/Scripts/Solver/Batch/SolverBatch.cs Line: 193)

[SolverBatch] Stage09 — 66%  1925판 굴림
UnityEngine.Debug:ExtractStackTraceNoAlloc (byte*,int,string)
UnityEngine.StackTraceUtility:ExtractStackTrace ()
UnityEngine.DebugLogHandler:Internal_Log (UnityEngine.LogType,UnityEngine.LogOption,string,UnityEngine.Object)
UnityEngine.DebugLogHandler:LogFormat (UnityEngine.LogType,UnityEngine.Object,string,object[])
UnityEngine.Logger:Log (UnityEngine.LogType,object)
UnityEngine.Debug:Log (object)
PPS.Solver.Batch.SolverBatch:Progress () (at Assets/_Project/Scripts/Solver/Batch/SolverBatch.cs:193)
PPS.Solver.Batch.SolverBatch:Tick () (at Assets/_Project/Scripts/Solver/Batch/SolverBatch.cs:210)
UnityEditor.EditorApplication:Internal_CallUpdateFunctions ()

(Filename: Assets/_Project/Scripts/Solver/Batch/SolverBatch.cs Line: 193)

[SolverBatch] Stage09 — 66%  1935판 굴림
UnityEngine.Debug:ExtractStackTraceNoAlloc (byte*,int,string)
UnityEngine.StackTraceUtility:ExtractStackTrace ()
UnityEngine.DebugLogHandler:Internal_Log (UnityEngine.LogType,UnityEngine.LogOption,string,UnityEngine.Object)
UnityEngine.DebugLogHandler:LogFormat (UnityEngine.LogType,UnityEngine.Object,string,object[])
UnityEngine.Logger:Log (UnityEngine.LogType,object)
UnityEngine.Debug:Log (object)
PPS.Solver.Batch.SolverBatch:Progress () (at Assets/_Project/Scripts/Solver/Batch/SolverBatch.cs:193)
PPS.Solver.Batch.SolverBatch:Tick () (at Assets/_Project/Scripts/Solver/Batch/SolverBatch.cs:210)
UnityEditor.EditorApplication:Internal_CallUpdateFunctions ()

(Filename: Assets/_Project/Scripts/Solver/Batch/SolverBatch.cs Line: 193)

[SolverBatch] Stage09 — 67%  1955판 굴림
UnityEngine.Debug:ExtractStackTraceNoAlloc (byte*,int,string)
UnityEngine.StackTraceUtility:ExtractStackTrace ()
UnityEngine.DebugLogHandler:Internal_Log (UnityEngine.LogType,UnityEngine.LogOption,string,UnityEngine.Object)
UnityEngine.DebugLogHandler:LogFormat (UnityEngine.LogType,UnityEngine.Object,string,object[])
UnityEngine.Logger:Log (UnityEngine.LogType,object)
UnityEngine.Debug:Log (object)
PPS.Solver.Batch.SolverBatch:Progress () (at Assets/_Project/Scripts/Solver/Batch/SolverBatch.cs:193)
PPS.Solver.Batch.SolverBatch:Tick () (at Assets/_Project/Scripts/Solver/Batch/SolverBatch.cs:210)
UnityEditor.EditorApplication:Internal_CallUpdateFunctions ()

(Filename: Assets/_Project/Scripts/Solver/Batch/SolverBatch.cs Line: 193)

[SolverBatch] Stage09 — 68%  1961판 굴림
UnityEngine.Debug:ExtractStackTraceNoAlloc (byte*,int,string)
UnityEngine.StackTraceUtility:ExtractStackTrace ()
UnityEngine.DebugLogHandler:Internal_Log (UnityEngine.LogType,UnityEngine.LogOption,string,UnityEngine.Object)
UnityEngine.DebugLogHandler:LogFormat (UnityEngine.LogType,UnityEngine.Object,string,object[])
UnityEngine.Logger:Log (UnityEngine.LogType,object)
UnityEngine.Debug:Log (object)
PPS.Solver.Batch.SolverBatch:Progress () (at Assets/_Project/Scripts/Solver/Batch/SolverBatch.cs:193)
PPS.Solver.Batch.SolverBatch:Tick () (at Assets/_Project/Scripts/Solver/Batch/SolverBatch.cs:210)
UnityEditor.EditorApplication:Internal_CallUpdateFunctions ()

(Filename: Assets/_Project/Scripts/Solver/Batch/SolverBatch.cs Line: 193)

[SolverBatch] Stage09 — 69%  1970판 굴림
UnityEngine.Debug:ExtractStackTraceNoAlloc (byte*,int,string)
UnityEngine.StackTraceUtility:ExtractStackTrace ()
UnityEngine.DebugLogHandler:Internal_Log (UnityEngine.LogType,UnityEngine.LogOption,string,UnityEngine.Object)
UnityEngine.DebugLogHandler:LogFormat (UnityEngine.LogType,UnityEngine.Object,string,object[])
UnityEngine.Logger:Log (UnityEngine.LogType,object)
UnityEngine.Debug:Log (object)
PPS.Solver.Batch.SolverBatch:Progress () (at Assets/_Project/Scripts/Solver/Batch/SolverBatch.cs:193)
PPS.Solver.Batch.SolverBatch:Tick () (at Assets/_Project/Scripts/Solver/Batch/SolverBatch.cs:210)
UnityEditor.EditorApplication:Internal_CallUpdateFunctions ()

(Filename: Assets/_Project/Scripts/Solver/Batch/SolverBatch.cs Line: 193)

[SolverBatch] Stage09 — 72%  1974판 굴림
UnityEngine.Debug:ExtractStackTraceNoAlloc (byte*,int,string)
UnityEngine.StackTraceUtility:ExtractStackTrace ()
UnityEngine.DebugLogHandler:Internal_Log (UnityEngine.LogType,UnityEngine.LogOption,string,UnityEngine.Object)
UnityEngine.DebugLogHandler:LogFormat (UnityEngine.LogType,UnityEngine.Object,string,object[])
UnityEngine.Logger:Log (UnityEngine.LogType,object)
UnityEngine.Debug:Log (object)
PPS.Solver.Batch.SolverBatch:Progress () (at Assets/_Project/Scripts/Solver/Batch/SolverBatch.cs:193)
PPS.Solver.Batch.SolverBatch:Tick () (at Assets/_Project/Scripts/Solver/Batch/SolverBatch.cs:210)
UnityEditor.EditorApplication:Internal_CallUpdateFunctions ()

(Filename: Assets/_Project/Scripts/Solver/Batch/SolverBatch.cs Line: 193)

[SolverBatch] Stage09 — 75%  1978판 굴림
UnityEngine.Debug:ExtractStackTraceNoAlloc (byte*,int,string)
UnityEngine.StackTraceUtility:ExtractStackTrace ()
UnityEngine.DebugLogHandler:Internal_Log (UnityEngine.LogType,UnityEngine.LogOption,string,UnityEngine.Object)
UnityEngine.DebugLogHandler:LogFormat (UnityEngine.LogType,UnityEngine.Object,string,object[])
UnityEngine.Logger:Log (UnityEngine.LogType,object)
UnityEngine.Debug:Log (object)
PPS.Solver.Batch.SolverBatch:Progress () (at Assets/_Project/Scripts/Solver/Batch/SolverBatch.cs:193)
PPS.Solver.Batch.SolverBatch:Tick () (at Assets/_Project/Scripts/Solver/Batch/SolverBatch.cs:210)
UnityEditor.EditorApplication:Internal_CallUpdateFunctions ()

(Filename: Assets/_Project/Scripts/Solver/Batch/SolverBatch.cs Line: 193)

[SolverBatch] Stage09 — 76%  1992판 굴림
UnityEngine.Debug:ExtractStackTraceNoAlloc (byte*,int,string)
UnityEngine.StackTraceUtility:ExtractStackTrace ()
UnityEngine.DebugLogHandler:Internal_Log (UnityEngine.LogType,UnityEngine.LogOption,string,UnityEngine.Object)
UnityEngine.DebugLogHandler:LogFormat (UnityEngine.LogType,UnityEngine.Object,string,object[])
UnityEngine.Logger:Log (UnityEngine.LogType,object)
UnityEngine.Debug:Log (object)
PPS.Solver.Batch.SolverBatch:Progress () (at Assets/_Project/Scripts/Solver/Batch/SolverBatch.cs:193)
PPS.Solver.Batch.SolverBatch:Tick () (at Assets/_Project/Scripts/Solver/Batch/SolverBatch.cs:210)
UnityEditor.EditorApplication:Internal_CallUpdateFunctions ()

(Filename: Assets/_Project/Scripts/Solver/Batch/SolverBatch.cs Line: 193)

[SolverBatch] Stage09 — 79%  2000판 굴림
UnityEngine.Debug:ExtractStackTraceNoAlloc (byte*,int,string)
UnityEngine.StackTraceUtility:ExtractStackTrace ()
UnityEngine.DebugLogHandler:Internal_Log (UnityEngine.LogType,UnityEngine.LogOption,string,UnityEngine.Object)
UnityEngine.DebugLogHandler:LogFormat (UnityEngine.LogType,UnityEngine.Object,string,object[])
UnityEngine.Logger:Log (UnityEngine.LogType,object)
UnityEngine.Debug:Log (object)
PPS.Solver.Batch.SolverBatch:Progress () (at Assets/_Project/Scripts/Solver/Batch/SolverBatch.cs:193)
PPS.Solver.Batch.SolverBatch:Tick () (at Assets/_Project/Scripts/Solver/Batch/SolverBatch.cs:210)
UnityEditor.EditorApplication:Internal_CallUpdateFunctions ()

(Filename: Assets/_Project/Scripts/Solver/Batch/SolverBatch.cs Line: 193)

[SolverBatch] Stage09 — 82%  2006판 굴림
UnityEngine.Debug:ExtractStackTraceNoAlloc (byte*,int,string)
UnityEngine.StackTraceUtility:ExtractStackTrace ()
UnityEngine.DebugLogHandler:Internal_Log (UnityEngine.LogType,UnityEngine.LogOption,string,UnityEngine.Object)
UnityEngine.DebugLogHandler:LogFormat (UnityEngine.LogType,UnityEngine.Object,string,object[])
UnityEngine.Logger:Log (UnityEngine.LogType,object)
UnityEngine.Debug:Log (object)
PPS.Solver.Batch.SolverBatch:Progress () (at Assets/_Project/Scripts/Solver/Batch/SolverBatch.cs:193)
PPS.Solver.Batch.SolverBatch:Tick () (at Assets/_Project/Scripts/Solver/Batch/SolverBatch.cs:210)
UnityEditor.EditorApplication:Internal_CallUpdateFunctions ()

(Filename: Assets/_Project/Scripts/Solver/Batch/SolverBatch.cs Line: 193)

[SolverBatch] Stage09 — 85%  2012판 굴림
UnityEngine.Debug:ExtractStackTraceNoAlloc (byte*,int,string)
UnityEngine.StackTraceUtility:ExtractStackTrace ()
UnityEngine.DebugLogHandler:Internal_Log (UnityEngine.LogType,UnityEngine.LogOption,string,UnityEngine.Object)
UnityEngine.DebugLogHandler:LogFormat (UnityEngine.LogType,UnityEngine.Object,string,object[])
UnityEngine.Logger:Log (UnityEngine.LogType,object)
UnityEngine.Debug:Log (object)
PPS.Solver.Batch.SolverBatch:Progress () (at Assets/_Project/Scripts/Solver/Batch/SolverBatch.cs:193)
PPS.Solver.Batch.SolverBatch:Tick () (at Assets/_Project/Scripts/Solver/Batch/SolverBatch.cs:210)
UnityEditor.EditorApplication:Internal_CallUpdateFunctions ()

(Filename: Assets/_Project/Scripts/Solver/Batch/SolverBatch.cs Line: 193)

[SolverBatch] Stage09 — 86%  2019판 굴림
UnityEngine.Debug:ExtractStackTraceNoAlloc (byte*,int,string)
UnityEngine.StackTraceUtility:ExtractStackTrace ()
UnityEngine.DebugLogHandler:Internal_Log (UnityEngine.LogType,UnityEngine.LogOption,string,UnityEngine.Object)
UnityEngine.DebugLogHandler:LogFormat (UnityEngine.LogType,UnityEngine.Object,string,object[])
UnityEngine.Logger:Log (UnityEngine.LogType,object)
UnityEngine.Debug:Log (object)
PPS.Solver.Batch.SolverBatch:Progress () (at Assets/_Project/Scripts/Solver/Batch/SolverBatch.cs:193)
PPS.Solver.Batch.SolverBatch:Tick () (at Assets/_Project/Scripts/Solver/Batch/SolverBatch.cs:210)
UnityEditor.EditorApplication:Internal_CallUpdateFunctions ()

(Filename: Assets/_Project/Scripts/Solver/Batch/SolverBatch.cs Line: 193)

[SolverBatch] Stage09 — 89%  2021판 굴림
UnityEngine.Debug:ExtractStackTraceNoAlloc (byte*,int,string)
UnityEngine.StackTraceUtility:ExtractStackTrace ()
UnityEngine.DebugLogHandler:Internal_Log (UnityEngine.LogType,UnityEngine.LogOption,string,UnityEngine.Object)
UnityEngine.DebugLogHandler:LogFormat (UnityEngine.LogType,UnityEngine.Object,string,object[])
UnityEngine.Logger:Log (UnityEngine.LogType,object)
UnityEngine.Debug:Log (object)
PPS.Solver.Batch.SolverBatch:Progress () (at Assets/_Project/Scripts/Solver/Batch/SolverBatch.cs:193)
PPS.Solver.Batch.SolverBatch:Tick () (at Assets/_Project/Scripts/Solver/Batch/SolverBatch.cs:210)
UnityEditor.EditorApplication:Internal_CallUpdateFunctions ()

(Filename: Assets/_Project/Scripts/Solver/Batch/SolverBatch.cs Line: 193)

[SolverBatch] Stage09 — 90%  2033판 굴림
UnityEngine.Debug:ExtractStackTraceNoAlloc (byte*,int,string)
UnityEngine.StackTraceUtility:ExtractStackTrace ()
UnityEngine.DebugLogHandler:Internal_Log (UnityEngine.LogType,UnityEngine.LogOption,string,UnityEngine.Object)
UnityEngine.DebugLogHandler:LogFormat (UnityEngine.LogType,UnityEngine.Object,string,object[])
UnityEngine.Logger:Log (UnityEngine.LogType,object)
UnityEngine.Debug:Log (object)
PPS.Solver.Batch.SolverBatch:Progress () (at Assets/_Project/Scripts/Solver/Batch/SolverBatch.cs:193)
PPS.Solver.Batch.SolverBatch:Tick () (at Assets/_Project/Scripts/Solver/Batch/SolverBatch.cs:210)
UnityEditor.EditorApplication:Internal_CallUpdateFunctions ()

(Filename: Assets/_Project/Scripts/Solver/Batch/SolverBatch.cs Line: 193)

[SolverBatch] Stage09 — 93%  2041판 굴림
UnityEngine.Debug:ExtractStackTraceNoAlloc (byte*,int,string)
UnityEngine.StackTraceUtility:ExtractStackTrace ()
UnityEngine.DebugLogHandler:Internal_Log (UnityEngine.LogType,UnityEngine.LogOption,string,UnityEngine.Object)
UnityEngine.DebugLogHandler:LogFormat (UnityEngine.LogType,UnityEngine.Object,string,object[])
UnityEngine.Logger:Log (UnityEngine.LogType,object)
UnityEngine.Debug:Log (object)
PPS.Solver.Batch.SolverBatch:Progress () (at Assets/_Project/Scripts/Solver/Batch/SolverBatch.cs:193)
PPS.Solver.Batch.SolverBatch:Tick () (at Assets/_Project/Scripts/Solver/Batch/SolverBatch.cs:210)
UnityEditor.EditorApplication:Internal_CallUpdateFunctions ()

(Filename: Assets/_Project/Scripts/Solver/Batch/SolverBatch.cs Line: 193)

[SolverBatch] Stage09 — 94%  2046판 굴림
UnityEngine.Debug:ExtractStackTraceNoAlloc (byte*,int,string)
UnityEngine.StackTraceUtility:ExtractStackTrace ()
UnityEngine.DebugLogHandler:Internal_Log (UnityEngine.LogType,UnityEngine.LogOption,string,UnityEngine.Object)
UnityEngine.DebugLogHandler:LogFormat (UnityEngine.LogType,UnityEngine.Object,string,object[])
UnityEngine.Logger:Log (UnityEngine.LogType,object)
UnityEngine.Debug:Log (object)
PPS.Solver.Batch.SolverBatch:Progress () (at Assets/_Project/Scripts/Solver/Batch/SolverBatch.cs:193)
PPS.Solver.Batch.SolverBatch:Tick () (at Assets/_Project/Scripts/Solver/Batch/SolverBatch.cs:210)
UnityEditor.EditorApplication:Internal_CallUpdateFunctions ()

(Filename: Assets/_Project/Scripts/Solver/Batch/SolverBatch.cs Line: 193)

[SolverBatch] Stage09 — 96%  2061판 굴림
UnityEngine.Debug:ExtractStackTraceNoAlloc (byte*,int,string)
UnityEngine.StackTraceUtility:ExtractStackTrace ()
UnityEngine.DebugLogHandler:Internal_Log (UnityEngine.LogType,UnityEngine.LogOption,string,UnityEngine.Object)
UnityEngine.DebugLogHandler:LogFormat (UnityEngine.LogType,UnityEngine.Object,string,object[])
UnityEngine.Logger:Log (UnityEngine.LogType,object)
UnityEngine.Debug:Log (object)
PPS.Solver.Batch.SolverBatch:Progress () (at Assets/_Project/Scripts/Solver/Batch/SolverBatch.cs:193)
PPS.Solver.Batch.SolverBatch:Tick () (at Assets/_Project/Scripts/Solver/Batch/SolverBatch.cs:210)
UnityEditor.EditorApplication:Internal_CallUpdateFunctions ()

(Filename: Assets/_Project/Scripts/Solver/Batch/SolverBatch.cs Line: 193)

[SolverBatch] Stage09 — 97%  2068판 굴림
UnityEngine.Debug:ExtractStackTraceNoAlloc (byte*,int,string)
UnityEngine.StackTraceUtility:ExtractStackTrace ()
UnityEngine.DebugLogHandler:Internal_Log (UnityEngine.LogType,UnityEngine.LogOption,string,UnityEngine.Object)
UnityEngine.DebugLogHandler:LogFormat (UnityEngine.LogType,UnityEngine.Object,string,object[])
UnityEngine.Logger:Log (UnityEngine.LogType,object)
UnityEngine.Debug:Log (object)
PPS.Solver.Batch.SolverBatch:Progress () (at Assets/_Project/Scripts/Solver/Batch/SolverBatch.cs:193)
PPS.Solver.Batch.SolverBatch:Tick () (at Assets/_Project/Scripts/Solver/Batch/SolverBatch.cs:210)
UnityEditor.EditorApplication:Internal_CallUpdateFunctions ()

(Filename: Assets/_Project/Scripts/Solver/Batch/SolverBatch.cs Line: 193)

[SolverBatch] Stage09 — 99%  2073판 굴림
UnityEngine.Debug:ExtractStackTraceNoAlloc (byte*,int,string)
UnityEngine.StackTraceUtility:ExtractStackTrace ()
UnityEngine.DebugLogHandler:Internal_Log (UnityEngine.LogType,UnityEngine.LogOption,string,UnityEngine.Object)
UnityEngine.DebugLogHandler:LogFormat (UnityEngine.LogType,UnityEngine.Object,string,object[])
UnityEngine.Logger:Log (UnityEngine.LogType,object)
UnityEngine.Debug:Log (object)
PPS.Solver.Batch.SolverBatch:Progress () (at Assets/_Project/Scripts/Solver/Batch/SolverBatch.cs:193)
PPS.Solver.Batch.SolverBatch:Tick () (at Assets/_Project/Scripts/Solver/Batch/SolverBatch.cs:210)
UnityEditor.EditorApplication:Internal_CallUpdateFunctions ()

(Filename: Assets/_Project/Scripts/Solver/Batch/SolverBatch.cs Line: 193)

[SolverBatch] [11/22] Stage09 — Corridor 로 풀림 (2073회 시도) (364.6초)
UnityEngine.Debug:ExtractStackTraceNoAlloc (byte*,int,string)
UnityEngine.StackTraceUtility:ExtractStackTrace ()
UnityEngine.DebugLogHandler:Internal_Log (UnityEngine.LogType,UnityEngine.LogOption,string,UnityEngine.Object)
UnityEngine.DebugLogHandler:LogFormat (UnityEngine.LogType,UnityEngine.Object,string,object[])
UnityEngine.Logger:Log (UnityEngine.LogType,object)
UnityEngine.Debug:Log (object)
PPS.Solver.Batch.SolverBatch:FinishStage () (at Assets/_Project/Scripts/Solver/Batch/SolverBatch.cs:273)
PPS.Solver.Batch.SolverBatch:Tick () (at Assets/_Project/Scripts/Solver/Batch/SolverBatch.cs:214)
UnityEditor.EditorApplication:Internal_CallUpdateFunctions ()

(Filename: Assets/_Project/Scripts/Solver/Batch/SolverBatch.cs Line: 273)

[SolverBatch] Stage10 — 33%  20판 굴림
UnityEngine.Debug:ExtractStackTraceNoAlloc (byte*,int,string)
UnityEngine.StackTraceUtility:ExtractStackTrace ()
UnityEngine.DebugLogHandler:Internal_Log (UnityEngine.LogType,UnityEngine.LogOption,string,UnityEngine.Object)
UnityEngine.DebugLogHandler:LogFormat (UnityEngine.LogType,UnityEngine.Object,string,object[])
UnityEngine.Logger:Log (UnityEngine.LogType,object)
UnityEngine.Debug:Log (object)
PPS.Solver.Batch.SolverBatch:Progress () (at Assets/_Project/Scripts/Solver/Batch/SolverBatch.cs:193)
PPS.Solver.Batch.SolverBatch:Tick () (at Assets/_Project/Scripts/Solver/Batch/SolverBatch.cs:210)
UnityEditor.EditorApplication:Internal_CallUpdateFunctions ()

(Filename: Assets/_Project/Scripts/Solver/Batch/SolverBatch.cs Line: 193)

[SolverBatch] Stage10 — 33%  55판 굴림
UnityEngine.Debug:ExtractStackTraceNoAlloc (byte*,int,string)
UnityEngine.StackTraceUtility:ExtractStackTrace ()
UnityEngine.DebugLogHandler:Internal_Log (UnityEngine.LogType,UnityEngine.LogOption,string,UnityEngine.Object)
UnityEngine.DebugLogHandler:LogFormat (UnityEngine.LogType,UnityEngine.Object,string,object[])
UnityEngine.Logger:Log (UnityEngine.LogType,object)
UnityEngine.Debug:Log (object)
PPS.Solver.Batch.SolverBatch:Progress () (at Assets/_Project/Scripts/Solver/Batch/SolverBatch.cs:193)
PPS.Solver.Batch.SolverBatch:Tick () (at Assets/_Project/Scripts/Solver/Batch/SolverBatch.cs:210)
UnityEditor.EditorApplication:Internal_CallUpdateFunctions ()

(Filename: Assets/_Project/Scripts/Solver/Batch/SolverBatch.cs Line: 193)

[SolverBatch] Stage10 — 34%  75판 굴림
UnityEngine.Debug:ExtractStackTraceNoAlloc (byte*,int,string)
UnityEngine.StackTraceUtility:ExtractStackTrace ()
UnityEngine.DebugLogHandler:Internal_Log (UnityEngine.LogType,UnityEngine.LogOption,string,UnityEngine.Object)
UnityEngine.DebugLogHandler:LogFormat (UnityEngine.LogType,UnityEngine.Object,string,object[])
UnityEngine.Logger:Log (UnityEngine.LogType,object)
UnityEngine.Debug:Log (object)
PPS.Solver.Batch.SolverBatch:Progress () (at Assets/_Project/Scripts/Solver/Batch/SolverBatch.cs:193)
PPS.Solver.Batch.SolverBatch:Tick () (at Assets/_Project/Scripts/Solver/Batch/SolverBatch.cs:210)
UnityEditor.EditorApplication:Internal_CallUpdateFunctions ()

(Filename: Assets/_Project/Scripts/Solver/Batch/SolverBatch.cs Line: 193)

[SolverBatch] Stage10 — 34%  105판 굴림
UnityEngine.Debug:ExtractStackTraceNoAlloc (byte*,int,string)
UnityEngine.StackTraceUtility:ExtractStackTrace ()
UnityEngine.DebugLogHandler:Internal_Log (UnityEngine.LogType,UnityEngine.LogOption,string,UnityEngine.Object)
UnityEngine.DebugLogHandler:LogFormat (UnityEngine.LogType,UnityEngine.Object,string,object[])
UnityEngine.Logger:Log (UnityEngine.LogType,object)
UnityEngine.Debug:Log (object)
PPS.Solver.Batch.SolverBatch:Progress () (at Assets/_Project/Scripts/Solver/Batch/SolverBatch.cs:193)
PPS.Solver.Batch.SolverBatch:Tick () (at Assets/_Project/Scripts/Solver/Batch/SolverBatch.cs:210)
UnityEditor.EditorApplication:Internal_CallUpdateFunctions ()

(Filename: Assets/_Project/Scripts/Solver/Batch/SolverBatch.cs Line: 193)

[SolverBatch] Stage10 — 34%  124판 굴림
UnityEngine.Debug:ExtractStackTraceNoAlloc (byte*,int,string)
UnityEngine.StackTraceUtility:ExtractStackTrace ()
UnityEngine.DebugLogHandler:Internal_Log (UnityEngine.LogType,UnityEngine.LogOption,string,UnityEngine.Object)
UnityEngine.DebugLogHandler:LogFormat (UnityEngine.LogType,UnityEngine.Object,string,object[])
UnityEngine.Logger:Log (UnityEngine.LogType,object)
UnityEngine.Debug:Log (object)
PPS.Solver.Batch.SolverBatch:Progress () (at Assets/_Project/Scripts/Solver/Batch/SolverBatch.cs:193)
PPS.Solver.Batch.SolverBatch:Tick () (at Assets/_Project/Scripts/Solver/Batch/SolverBatch.cs:210)
UnityEditor.EditorApplication:Internal_CallUpdateFunctions ()

(Filename: Assets/_Project/Scripts/Solver/Batch/SolverBatch.cs Line: 193)

[SolverBatch] Stage10 — 34%  147판 굴림
UnityEngine.Debug:ExtractStackTraceNoAlloc (byte*,int,string)
UnityEngine.StackTraceUtility:ExtractStackTrace ()
UnityEngine.DebugLogHandler:Internal_Log (UnityEngine.LogType,UnityEngine.LogOption,string,UnityEngine.Object)
UnityEngine.DebugLogHandler:LogFormat (UnityEngine.LogType,UnityEngine.Object,string,object[])
UnityEngine.Logger:Log (UnityEngine.LogType,object)
UnityEngine.Debug:Log (object)
PPS.Solver.Batch.SolverBatch:Progress () (at Assets/_Project/Scripts/Solver/Batch/SolverBatch.cs:193)
PPS.Solver.Batch.SolverBatch:Tick () (at Assets/_Project/Scripts/Solver/Batch/SolverBatch.cs:210)
UnityEditor.EditorApplication:Internal_CallUpdateFunctions ()

(Filename: Assets/_Project/Scripts/Solver/Batch/SolverBatch.cs Line: 193)

[SolverBatch] Stage10 — 34%  170판 굴림
UnityEngine.Debug:ExtractStackTraceNoAlloc (byte*,int,string)
UnityEngine.StackTraceUtility:ExtractStackTrace ()
UnityEngine.DebugLogHandler:Internal_Log (UnityEngine.LogType,UnityEngine.LogOption,string,UnityEngine.Object)
UnityEngine.DebugLogHandler:LogFormat (UnityEngine.LogType,UnityEngine.Object,string,object[])
UnityEngine.Logger:Log (UnityEngine.LogType,object)
UnityEngine.Debug:Log (object)
PPS.Solver.Batch.SolverBatch:Progress () (at Assets/_Project/Scripts/Solver/Batch/SolverBatch.cs:193)
PPS.Solver.Batch.SolverBatch:Tick () (at Assets/_Project/Scripts/Solver/Batch/SolverBatch.cs:210)
UnityEditor.EditorApplication:Internal_CallUpdateFunctions ()

(Filename: Assets/_Project/Scripts/Solver/Batch/SolverBatch.cs Line: 193)

[SolverBatch] Stage10 — 35%  202판 굴림
UnityEngine.Debug:ExtractStackTraceNoAlloc (byte*,int,string)
UnityEngine.StackTraceUtility:ExtractStackTrace ()
UnityEngine.DebugLogHandler:Internal_Log (UnityEngine.LogType,UnityEngine.LogOption,string,UnityEngine.Object)
UnityEngine.DebugLogHandler:LogFormat (UnityEngine.LogType,UnityEngine.Object,string,object[])
UnityEngine.Logger:Log (UnityEngine.LogType,object)
UnityEngine.Debug:Log (object)
PPS.Solver.Batch.SolverBatch:Progress () (at Assets/_Project/Scripts/Solver/Batch/SolverBatch.cs:193)
PPS.Solver.Batch.SolverBatch:Tick () (at Assets/_Project/Scripts/Solver/Batch/SolverBatch.cs:210)
UnityEditor.EditorApplication:Internal_CallUpdateFunctions ()

(Filename: Assets/_Project/Scripts/Solver/Batch/SolverBatch.cs Line: 193)

[SolverBatch] Stage10 — 35%  222판 굴림
UnityEngine.Debug:ExtractStackTraceNoAlloc (byte*,int,string)
UnityEngine.StackTraceUtility:ExtractStackTrace ()
UnityEngine.DebugLogHandler:Internal_Log (UnityEngine.LogType,UnityEngine.LogOption,string,UnityEngine.Object)
UnityEngine.DebugLogHandler:LogFormat (UnityEngine.LogType,UnityEngine.Object,string,object[])
UnityEngine.Logger:Log (UnityEngine.LogType,object)
UnityEngine.Debug:Log (object)
PPS.Solver.Batch.SolverBatch:Progress () (at Assets/_Project/Scripts/Solver/Batch/SolverBatch.cs:193)
PPS.Solver.Batch.SolverBatch:Tick () (at Assets/_Project/Scripts/Solver/Batch/SolverBatch.cs:210)
UnityEditor.EditorApplication:Internal_CallUpdateFunctions ()

(Filename: Assets/_Project/Scripts/Solver/Batch/SolverBatch.cs Line: 193)

[SolverBatch] Stage10 — 35%  253판 굴림
UnityEngine.Debug:ExtractStackTraceNoAlloc (byte*,int,string)
UnityEngine.StackTraceUtility:ExtractStackTrace ()
UnityEngine.DebugLogHandler:Internal_Log (UnityEngine.LogType,UnityEngine.LogOption,string,UnityEngine.Object)
UnityEngine.DebugLogHandler:LogFormat (UnityEngine.LogType,UnityEngine.Object,string,object[])
UnityEngine.Logger:Log (UnityEngine.LogType,object)
UnityEngine.Debug:Log (object)
PPS.Solver.Batch.SolverBatch:Progress () (at Assets/_Project/Scripts/Solver/Batch/SolverBatch.cs:193)
PPS.Solver.Batch.SolverBatch:Tick () (at Assets/_Project/Scripts/Solver/Batch/SolverBatch.cs:210)
UnityEditor.EditorApplication:Internal_CallUpdateFunctions ()

(Filename: Assets/_Project/Scripts/Solver/Batch/SolverBatch.cs Line: 193)

[SolverBatch] Stage10 — 35%  288판 굴림
UnityEngine.Debug:ExtractStackTraceNoAlloc (byte*,int,string)
UnityEngine.StackTraceUtility:ExtractStackTrace ()
UnityEngine.DebugLogHandler:Internal_Log (UnityEngine.LogType,UnityEngine.LogOption,string,UnityEngine.Object)
UnityEngine.DebugLogHandler:LogFormat (UnityEngine.LogType,UnityEngine.Object,string,object[])
UnityEngine.Logger:Log (UnityEngine.LogType,object)
UnityEngine.Debug:Log (object)
PPS.Solver.Batch.SolverBatch:Progress () (at Assets/_Project/Scripts/Solver/Batch/SolverBatch.cs:193)
PPS.Solver.Batch.SolverBatch:Tick () (at Assets/_Project/Scripts/Solver/Batch/SolverBatch.cs:210)
UnityEditor.EditorApplication:Internal_CallUpdateFunctions ()

(Filename: Assets/_Project/Scripts/Solver/Batch/SolverBatch.cs Line: 193)

[SolverBatch] Stage10 — 36%  322판 굴림
UnityEngine.Debug:ExtractStackTraceNoAlloc (byte*,int,string)
UnityEngine.StackTraceUtility:ExtractStackTrace ()
UnityEngine.DebugLogHandler:Internal_Log (UnityEngine.LogType,UnityEngine.LogOption,string,UnityEngine.Object)
UnityEngine.DebugLogHandler:LogFormat (UnityEngine.LogType,UnityEngine.Object,string,object[])
UnityEngine.Logger:Log (UnityEngine.LogType,object)
UnityEngine.Debug:Log (object)
PPS.Solver.Batch.SolverBatch:Progress () (at Assets/_Project/Scripts/Solver/Batch/SolverBatch.cs:193)
PPS.Solver.Batch.SolverBatch:Tick () (at Assets/_Project/Scripts/Solver/Batch/SolverBatch.cs:210)
UnityEditor.EditorApplication:Internal_CallUpdateFunctions ()

(Filename: Assets/_Project/Scripts/Solver/Batch/SolverBatch.cs Line: 193)

[SolverBatch] Stage10 — 36%  358판 굴림
UnityEngine.Debug:ExtractStackTraceNoAlloc (byte*,int,string)
UnityEngine.StackTraceUtility:ExtractStackTrace ()
UnityEngine.DebugLogHandler:Internal_Log (UnityEngine.LogType,UnityEngine.LogOption,string,UnityEngine.Object)
UnityEngine.DebugLogHandler:LogFormat (UnityEngine.LogType,UnityEngine.Object,string,object[])
UnityEngine.Logger:Log (UnityEngine.LogType,object)
UnityEngine.Debug:Log (object)
PPS.Solver.Batch.SolverBatch:Progress () (at Assets/_Project/Scripts/Solver/Batch/SolverBatch.cs:193)
PPS.Solver.Batch.SolverBatch:Tick () (at Assets/_Project/Scripts/Solver/Batch/SolverBatch.cs:210)
UnityEditor.EditorApplication:Internal_CallUpdateFunctions ()

(Filename: Assets/_Project/Scripts/Solver/Batch/SolverBatch.cs Line: 193)

[SolverBatch] Stage10 — 38%  384판 굴림
UnityEngine.Debug:ExtractStackTraceNoAlloc (byte*,int,string)
UnityEngine.StackTraceUtility:ExtractStackTrace ()
UnityEngine.DebugLogHandler:Internal_Log (UnityEngine.LogType,UnityEngine.LogOption,string,UnityEngine.Object)
UnityEngine.DebugLogHandler:LogFormat (UnityEngine.LogType,UnityEngine.Object,string,object[])
UnityEngine.Logger:Log (UnityEngine.LogType,object)
UnityEngine.Debug:Log (object)
PPS.Solver.Batch.SolverBatch:Progress () (at Assets/_Project/Scripts/Solver/Batch/SolverBatch.cs:193)
PPS.Solver.Batch.SolverBatch:Tick () (at Assets/_Project/Scripts/Solver/Batch/SolverBatch.cs:210)
UnityEditor.EditorApplication:Internal_CallUpdateFunctions ()

(Filename: Assets/_Project/Scripts/Solver/Batch/SolverBatch.cs Line: 193)

[SolverBatch] Stage10 — 38%  409판 굴림
UnityEngine.Debug:ExtractStackTraceNoAlloc (byte*,int,string)
UnityEngine.StackTraceUtility:ExtractStackTrace ()
UnityEngine.DebugLogHandler:Internal_Log (UnityEngine.LogType,UnityEngine.LogOption,string,UnityEngine.Object)
UnityEngine.DebugLogHandler:LogFormat (UnityEngine.LogType,UnityEngine.Object,string,object[])
UnityEngine.Logger:Log (UnityEngine.LogType,object)
UnityEngine.Debug:Log (object)
PPS.Solver.Batch.SolverBatch:Progress () (at Assets/_Project/Scripts/Solver/Batch/SolverBatch.cs:193)
PPS.Solver.Batch.SolverBatch:Tick () (at Assets/_Project/Scripts/Solver/Batch/SolverBatch.cs:210)
UnityEditor.EditorApplication:Internal_CallUpdateFunctions ()

(Filename: Assets/_Project/Scripts/Solver/Batch/SolverBatch.cs Line: 193)

[SolverBatch] Stage10 — 38%  450판 굴림
UnityEngine.Debug:ExtractStackTraceNoAlloc (byte*,int,string)
UnityEngine.StackTraceUtility:ExtractStackTrace ()
UnityEngine.DebugLogHandler:Internal_Log (UnityEngine.LogType,UnityEngine.LogOption,string,UnityEngine.Object)
UnityEngine.DebugLogHandler:LogFormat (UnityEngine.LogType,UnityEngine.Object,string,object[])
UnityEngine.Logger:Log (UnityEngine.LogType,object)
UnityEngine.Debug:Log (object)
PPS.Solver.Batch.SolverBatch:Progress () (at Assets/_Project/Scripts/Solver/Batch/SolverBatch.cs:193)
PPS.Solver.Batch.SolverBatch:Tick () (at Assets/_Project/Scripts/Solver/Batch/SolverBatch.cs:210)
UnityEditor.EditorApplication:Internal_CallUpdateFunctions ()

(Filename: Assets/_Project/Scripts/Solver/Batch/SolverBatch.cs Line: 193)

[SolverBatch] Stage10 — 39%  472판 굴림
UnityEngine.Debug:ExtractStackTraceNoAlloc (byte*,int,string)
UnityEngine.StackTraceUtility:ExtractStackTrace ()
UnityEngine.DebugLogHandler:Internal_Log (UnityEngine.LogType,UnityEngine.LogOption,string,UnityEngine.Object)
UnityEngine.DebugLogHandler:LogFormat (UnityEngine.LogType,UnityEngine.Object,string,object[])
UnityEngine.Logger:Log (UnityEngine.LogType,object)
UnityEngine.Debug:Log (object)
PPS.Solver.Batch.SolverBatch:Progress () (at Assets/_Project/Scripts/Solver/Batch/SolverBatch.cs:193)
PPS.Solver.Batch.SolverBatch:Tick () (at Assets/_Project/Scripts/Solver/Batch/SolverBatch.cs:210)
UnityEditor.EditorApplication:Internal_CallUpdateFunctions ()

(Filename: Assets/_Project/Scripts/Solver/Batch/SolverBatch.cs Line: 193)

[SolverBatch] Stage10 — 39%  492판 굴림
UnityEngine.Debug:ExtractStackTraceNoAlloc (byte*,int,string)
UnityEngine.StackTraceUtility:ExtractStackTrace ()
UnityEngine.DebugLogHandler:Internal_Log (UnityEngine.LogType,UnityEngine.LogOption,string,UnityEngine.Object)
UnityEngine.DebugLogHandler:LogFormat (UnityEngine.LogType,UnityEngine.Object,string,object[])
UnityEngine.Logger:Log (UnityEngine.LogType,object)
UnityEngine.Debug:Log (object)
PPS.Solver.Batch.SolverBatch:Progress () (at Assets/_Project/Scripts/Solver/Batch/SolverBatch.cs:193)
PPS.Solver.Batch.SolverBatch:Tick () (at Assets/_Project/Scripts/Solver/Batch/SolverBatch.cs:210)
UnityEditor.EditorApplication:Internal_CallUpdateFunctions ()

(Filename: Assets/_Project/Scripts/Solver/Batch/SolverBatch.cs Line: 193)

[SolverBatch] Stage10 — 39%  522판 굴림
UnityEngine.Debug:ExtractStackTraceNoAlloc (byte*,int,string)
UnityEngine.StackTraceUtility:ExtractStackTrace ()
UnityEngine.DebugLogHandler:Internal_Log (UnityEngine.LogType,UnityEngine.LogOption,string,UnityEngine.Object)
UnityEngine.DebugLogHandler:LogFormat (UnityEngine.LogType,UnityEngine.Object,string,object[])
UnityEngine.Logger:Log (UnityEngine.LogType,object)
UnityEngine.Debug:Log (object)
PPS.Solver.Batch.SolverBatch:Progress () (at Assets/_Project/Scripts/Solver/Batch/SolverBatch.cs:193)
PPS.Solver.Batch.SolverBatch:Tick () (at Assets/_Project/Scripts/Solver/Batch/SolverBatch.cs:210)
UnityEditor.EditorApplication:Internal_CallUpdateFunctions ()

(Filename: Assets/_Project/Scripts/Solver/Batch/SolverBatch.cs Line: 193)

[SolverBatch] Stage10 — 40%  549판 굴림
UnityEngine.Debug:ExtractStackTraceNoAlloc (byte*,int,string)
UnityEngine.StackTraceUtility:ExtractStackTrace ()
UnityEngine.DebugLogHandler:Internal_Log (UnityEngine.LogType,UnityEngine.LogOption,string,UnityEngine.Object)
UnityEngine.DebugLogHandler:LogFormat (UnityEngine.LogType,UnityEngine.Object,string,object[])
UnityEngine.Logger:Log (UnityEngine.LogType,object)
UnityEngine.Debug:Log (object)
PPS.Solver.Batch.SolverBatch:Progress () (at Assets/_Project/Scripts/Solver/Batch/SolverBatch.cs:193)
PPS.Solver.Batch.SolverBatch:Tick () (at Assets/_Project/Scripts/Solver/Batch/SolverBatch.cs:210)
UnityEditor.EditorApplication:Internal_CallUpdateFunctions ()

(Filename: Assets/_Project/Scripts/Solver/Batch/SolverBatch.cs Line: 193)

[SolverBatch] Stage10 — 40%  564판 굴림
UnityEngine.Debug:ExtractStackTraceNoAlloc (byte*,int,string)
UnityEngine.StackTraceUtility:ExtractStackTrace ()
UnityEngine.DebugLogHandler:Internal_Log (UnityEngine.LogType,UnityEngine.LogOption,string,UnityEngine.Object)
UnityEngine.DebugLogHandler:LogFormat (UnityEngine.LogType,UnityEngine.Object,string,object[])
UnityEngine.Logger:Log (UnityEngine.LogType,object)
UnityEngine.Debug:Log (object)
PPS.Solver.Batch.SolverBatch:Progress () (at Assets/_Project/Scripts/Solver/Batch/SolverBatch.cs:193)
PPS.Solver.Batch.SolverBatch:Tick () (at Assets/_Project/Scripts/Solver/Batch/SolverBatch.cs:210)
UnityEditor.EditorApplication:Internal_CallUpdateFunctions ()

(Filename: Assets/_Project/Scripts/Solver/Batch/SolverBatch.cs Line: 193)

[SolverBatch] Stage10 — 40%  588판 굴림
UnityEngine.Debug:ExtractStackTraceNoAlloc (byte*,int,string)
UnityEngine.StackTraceUtility:ExtractStackTrace ()
UnityEngine.DebugLogHandler:Internal_Log (UnityEngine.LogType,UnityEngine.LogOption,string,UnityEngine.Object)
UnityEngine.DebugLogHandler:LogFormat (UnityEngine.LogType,UnityEngine.Object,string,object[])
UnityEngine.Logger:Log (UnityEngine.LogType,object)
UnityEngine.Debug:Log (object)
PPS.Solver.Batch.SolverBatch:Progress () (at Assets/_Project/Scripts/Solver/Batch/SolverBatch.cs:193)
PPS.Solver.Batch.SolverBatch:Tick () (at Assets/_Project/Scripts/Solver/Batch/SolverBatch.cs:210)
UnityEditor.EditorApplication:Internal_CallUpdateFunctions ()

(Filename: Assets/_Project/Scripts/Solver/Batch/SolverBatch.cs Line: 193)

[SolverBatch] Stage10 — 41%  615판 굴림
UnityEngine.Debug:ExtractStackTraceNoAlloc (byte*,int,string)
UnityEngine.StackTraceUtility:ExtractStackTrace ()
UnityEngine.DebugLogHandler:Internal_Log (UnityEngine.LogType,UnityEngine.LogOption,string,UnityEngine.Object)
UnityEngine.DebugLogHandler:LogFormat (UnityEngine.LogType,UnityEngine.Object,string,object[])
UnityEngine.Logger:Log (UnityEngine.LogType,object)
UnityEngine.Debug:Log (object)
PPS.Solver.Batch.SolverBatch:Progress () (at Assets/_Project/Scripts/Solver/Batch/SolverBatch.cs:193)
PPS.Solver.Batch.SolverBatch:Tick () (at Assets/_Project/Scripts/Solver/Batch/SolverBatch.cs:210)
UnityEditor.EditorApplication:Internal_CallUpdateFunctions ()

(Filename: Assets/_Project/Scripts/Solver/Batch/SolverBatch.cs Line: 193)

[SolverBatch] Stage10 — 42%  670판 굴림
UnityEngine.Debug:ExtractStackTraceNoAlloc (byte*,int,string)
UnityEngine.StackTraceUtility:ExtractStackTrace ()
UnityEngine.DebugLogHandler:Internal_Log (UnityEngine.LogType,UnityEngine.LogOption,string,UnityEngine.Object)
UnityEngine.DebugLogHandler:LogFormat (UnityEngine.LogType,UnityEngine.Object,string,object[])
UnityEngine.Logger:Log (UnityEngine.LogType,object)
UnityEngine.Debug:Log (object)
PPS.Solver.Batch.SolverBatch:Progress () (at Assets/_Project/Scripts/Solver/Batch/SolverBatch.cs:193)
PPS.Solver.Batch.SolverBatch:Tick () (at Assets/_Project/Scripts/Solver/Batch/SolverBatch.cs:210)
UnityEditor.EditorApplication:Internal_CallUpdateFunctions ()

(Filename: Assets/_Project/Scripts/Solver/Batch/SolverBatch.cs Line: 193)

[SolverBatch] Stage10 — 42%  693판 굴림
UnityEngine.Debug:ExtractStackTraceNoAlloc (byte*,int,string)
UnityEngine.StackTraceUtility:ExtractStackTrace ()
UnityEngine.DebugLogHandler:Internal_Log (UnityEngine.LogType,UnityEngine.LogOption,string,UnityEngine.Object)
UnityEngine.DebugLogHandler:LogFormat (UnityEngine.LogType,UnityEngine.Object,string,object[])
UnityEngine.Logger:Log (UnityEngine.LogType,object)
UnityEngine.Debug:Log (object)
PPS.Solver.Batch.SolverBatch:Progress () (at Assets/_Project/Scripts/Solver/Batch/SolverBatch.cs:193)
PPS.Solver.Batch.SolverBatch:Tick () (at Assets/_Project/Scripts/Solver/Batch/SolverBatch.cs:210)
UnityEditor.EditorApplication:Internal_CallUpdateFunctions ()

(Filename: Assets/_Project/Scripts/Solver/Batch/SolverBatch.cs Line: 193)

[SolverBatch] Stage10 — 42%  714판 굴림
UnityEngine.Debug:ExtractStackTraceNoAlloc (byte*,int,string)
UnityEngine.StackTraceUtility:ExtractStackTrace ()
UnityEngine.DebugLogHandler:Internal_Log (UnityEngine.LogType,UnityEngine.LogOption,string,UnityEngine.Object)
UnityEngine.DebugLogHandler:LogFormat (UnityEngine.LogType,UnityEngine.Object,string,object[])
UnityEngine.Logger:Log (UnityEngine.LogType,object)
UnityEngine.Debug:Log (object)
PPS.Solver.Batch.SolverBatch:Progress () (at Assets/_Project/Scripts/Solver/Batch/SolverBatch.cs:193)
PPS.Solver.Batch.SolverBatch:Tick () (at Assets/_Project/Scripts/Solver/Batch/SolverBatch.cs:210)
UnityEditor.EditorApplication:Internal_CallUpdateFunctions ()

(Filename: Assets/_Project/Scripts/Solver/Batch/SolverBatch.cs Line: 193)

[SolverBatch] Stage10 — 43%  735판 굴림
UnityEngine.Debug:ExtractStackTraceNoAlloc (byte*,int,string)
UnityEngine.StackTraceUtility:ExtractStackTrace ()
UnityEngine.DebugLogHandler:Internal_Log (UnityEngine.LogType,UnityEngine.LogOption,string,UnityEngine.Object)
UnityEngine.DebugLogHandler:LogFormat (UnityEngine.LogType,UnityEngine.Object,string,object[])
UnityEngine.Logger:Log (UnityEngine.LogType,object)
UnityEngine.Debug:Log (object)
PPS.Solver.Batch.SolverBatch:Progress () (at Assets/_Project/Scripts/Solver/Batch/SolverBatch.cs:193)
PPS.Solver.Batch.SolverBatch:Tick () (at Assets/_Project/Scripts/Solver/Batch/SolverBatch.cs:210)
UnityEditor.EditorApplication:Internal_CallUpdateFunctions ()

(Filename: Assets/_Project/Scripts/Solver/Batch/SolverBatch.cs Line: 193)

[SolverBatch] Stage10 — 43%  763판 굴림
UnityEngine.Debug:ExtractStackTraceNoAlloc (byte*,int,string)
UnityEngine.StackTraceUtility:ExtractStackTrace ()
UnityEngine.DebugLogHandler:Internal_Log (UnityEngine.LogType,UnityEngine.LogOption,string,UnityEngine.Object)
UnityEngine.DebugLogHandler:LogFormat (UnityEngine.LogType,UnityEngine.Object,string,object[])
UnityEngine.Logger:Log (UnityEngine.LogType,object)
UnityEngine.Debug:Log (object)
PPS.Solver.Batch.SolverBatch:Progress () (at Assets/_Project/Scripts/Solver/Batch/SolverBatch.cs:193)
PPS.Solver.Batch.SolverBatch:Tick () (at Assets/_Project/Scripts/Solver/Batch/SolverBatch.cs:210)
UnityEditor.EditorApplication:Internal_CallUpdateFunctions ()

(Filename: Assets/_Project/Scripts/Solver/Batch/SolverBatch.cs Line: 193)

[SolverBatch] Stage10 — 44%  790판 굴림
UnityEngine.Debug:ExtractStackTraceNoAlloc (byte*,int,string)
UnityEngine.StackTraceUtility:ExtractStackTrace ()
UnityEngine.DebugLogHandler:Internal_Log (UnityEngine.LogType,UnityEngine.LogOption,string,UnityEngine.Object)
UnityEngine.DebugLogHandler:LogFormat (UnityEngine.LogType,UnityEngine.Object,string,object[])
UnityEngine.Logger:Log (UnityEngine.LogType,object)
UnityEngine.Debug:Log (object)
PPS.Solver.Batch.SolverBatch:Progress () (at Assets/_Project/Scripts/Solver/Batch/SolverBatch.cs:193)
PPS.Solver.Batch.SolverBatch:Tick () (at Assets/_Project/Scripts/Solver/Batch/SolverBatch.cs:210)
UnityEditor.EditorApplication:Internal_CallUpdateFunctions ()

(Filename: Assets/_Project/Scripts/Solver/Batch/SolverBatch.cs Line: 193)

[SolverBatch] Stage10 — 44%  832판 굴림
UnityEngine.Debug:ExtractStackTraceNoAlloc (byte*,int,string)
UnityEngine.StackTraceUtility:ExtractStackTrace ()
UnityEngine.DebugLogHandler:Internal_Log (UnityEngine.LogType,UnityEngine.LogOption,string,UnityEngine.Object)
UnityEngine.DebugLogHandler:LogFormat (UnityEngine.LogType,UnityEngine.Object,string,object[])
UnityEngine.Logger:Log (UnityEngine.LogType,object)
UnityEngine.Debug:Log (object)
PPS.Solver.Batch.SolverBatch:Progress () (at Assets/_Project/Scripts/Solver/Batch/SolverBatch.cs:193)
PPS.Solver.Batch.SolverBatch:Tick () (at Assets/_Project/Scripts/Solver/Batch/SolverBatch.cs:210)
UnityEditor.EditorApplication:Internal_CallUpdateFunctions ()

(Filename: Assets/_Project/Scripts/Solver/Batch/SolverBatch.cs Line: 193)

[SolverBatch] Stage10 — 44%  855판 굴림
UnityEngine.Debug:ExtractStackTraceNoAlloc (byte*,int,string)
UnityEngine.StackTraceUtility:ExtractStackTrace ()
UnityEngine.DebugLogHandler:Internal_Log (UnityEngine.LogType,UnityEngine.LogOption,string,UnityEngine.Object)
UnityEngine.DebugLogHandler:LogFormat (UnityEngine.LogType,UnityEngine.Object,string,object[])
UnityEngine.Logger:Log (UnityEngine.LogType,object)
UnityEngine.Debug:Log (object)
PPS.Solver.Batch.SolverBatch:Progress () (at Assets/_Project/Scripts/Solver/Batch/SolverBatch.cs:193)
PPS.Solver.Batch.SolverBatch:Tick () (at Assets/_Project/Scripts/Solver/Batch/SolverBatch.cs:210)
UnityEditor.EditorApplication:Internal_CallUpdateFunctions ()

(Filename: Assets/_Project/Scripts/Solver/Batch/SolverBatch.cs Line: 193)

[SolverBatch] Stage10 — 44%  897판 굴림
UnityEngine.Debug:ExtractStackTraceNoAlloc (byte*,int,string)
UnityEngine.StackTraceUtility:ExtractStackTrace ()
UnityEngine.DebugLogHandler:Internal_Log (UnityEngine.LogType,UnityEngine.LogOption,string,UnityEngine.Object)
UnityEngine.DebugLogHandler:LogFormat (UnityEngine.LogType,UnityEngine.Object,string,object[])
UnityEngine.Logger:Log (UnityEngine.LogType,object)
UnityEngine.Debug:Log (object)
PPS.Solver.Batch.SolverBatch:Progress () (at Assets/_Project/Scripts/Solver/Batch/SolverBatch.cs:193)
PPS.Solver.Batch.SolverBatch:Tick () (at Assets/_Project/Scripts/Solver/Batch/SolverBatch.cs:210)
UnityEditor.EditorApplication:Internal_CallUpdateFunctions ()

(Filename: Assets/_Project/Scripts/Solver/Batch/SolverBatch.cs Line: 193)

[SolverBatch] Stage10 — 46%  938판 굴림
UnityEngine.Debug:ExtractStackTraceNoAlloc (byte*,int,string)
UnityEngine.StackTraceUtility:ExtractStackTrace ()
UnityEngine.DebugLogHandler:Internal_Log (UnityEngine.LogType,UnityEngine.LogOption,string,UnityEngine.Object)
UnityEngine.DebugLogHandler:LogFormat (UnityEngine.LogType,UnityEngine.Object,string,object[])
UnityEngine.Logger:Log (UnityEngine.LogType,object)
UnityEngine.Debug:Log (object)
PPS.Solver.Batch.SolverBatch:Progress () (at Assets/_Project/Scripts/Solver/Batch/SolverBatch.cs:193)
PPS.Solver.Batch.SolverBatch:Tick () (at Assets/_Project/Scripts/Solver/Batch/SolverBatch.cs:210)
UnityEditor.EditorApplication:Internal_CallUpdateFunctions ()

(Filename: Assets/_Project/Scripts/Solver/Batch/SolverBatch.cs Line: 193)

[SolverBatch] Stage10 — 46%  959판 굴림
UnityEngine.Debug:ExtractStackTraceNoAlloc (byte*,int,string)
UnityEngine.StackTraceUtility:ExtractStackTrace ()
UnityEngine.DebugLogHandler:Internal_Log (UnityEngine.LogType,UnityEngine.LogOption,string,UnityEngine.Object)
UnityEngine.DebugLogHandler:LogFormat (UnityEngine.LogType,UnityEngine.Object,string,object[])
UnityEngine.Logger:Log (UnityEngine.LogType,object)
UnityEngine.Debug:Log (object)
PPS.Solver.Batch.SolverBatch:Progress () (at Assets/_Project/Scripts/Solver/Batch/SolverBatch.cs:193)
PPS.Solver.Batch.SolverBatch:Tick () (at Assets/_Project/Scripts/Solver/Batch/SolverBatch.cs:210)
UnityEditor.EditorApplication:Internal_CallUpdateFunctions ()

(Filename: Assets/_Project/Scripts/Solver/Batch/SolverBatch.cs Line: 193)

[SolverBatch] Stage10 — 46%  978판 굴림
UnityEngine.Debug:ExtractStackTraceNoAlloc (byte*,int,string)
UnityEngine.StackTraceUtility:ExtractStackTrace ()
UnityEngine.DebugLogHandler:Internal_Log (UnityEngine.LogType,UnityEngine.LogOption,string,UnityEngine.Object)
UnityEngine.DebugLogHandler:LogFormat (UnityEngine.LogType,UnityEngine.Object,string,object[])
UnityEngine.Logger:Log (UnityEngine.LogType,object)
UnityEngine.Debug:Log (object)
PPS.Solver.Batch.SolverBatch:Progress () (at Assets/_Project/Scripts/Solver/Batch/SolverBatch.cs:193)
PPS.Solver.Batch.SolverBatch:Tick () (at Assets/_Project/Scripts/Solver/Batch/SolverBatch.cs:210)
UnityEditor.EditorApplication:Internal_CallUpdateFunctions ()

(Filename: Assets/_Project/Scripts/Solver/Batch/SolverBatch.cs Line: 193)

[SolverBatch] Stage10 — 46%  1001판 굴림
UnityEngine.Debug:ExtractStackTraceNoAlloc (byte*,int,string)
UnityEngine.StackTraceUtility:ExtractStackTrace ()
UnityEngine.DebugLogHandler:Internal_Log (UnityEngine.LogType,UnityEngine.LogOption,string,UnityEngine.Object)
UnityEngine.DebugLogHandler:LogFormat (UnityEngine.LogType,UnityEngine.Object,string,object[])
UnityEngine.Logger:Log (UnityEngine.LogType,object)
UnityEngine.Debug:Log (object)
PPS.Solver.Batch.SolverBatch:Progress () (at Assets/_Project/Scripts/Solver/Batch/SolverBatch.cs:193)
PPS.Solver.Batch.SolverBatch:Tick () (at Assets/_Project/Scripts/Solver/Batch/SolverBatch.cs:210)
UnityEditor.EditorApplication:Internal_CallUpdateFunctions ()

(Filename: Assets/_Project/Scripts/Solver/Batch/SolverBatch.cs Line: 193)

[SolverBatch] Stage10 — 46%  1022판 굴림
UnityEngine.Debug:ExtractStackTraceNoAlloc (byte*,int,string)
UnityEngine.StackTraceUtility:ExtractStackTrace ()
UnityEngine.DebugLogHandler:Internal_Log (UnityEngine.LogType,UnityEngine.LogOption,string,UnityEngine.Object)
UnityEngine.DebugLogHandler:LogFormat (UnityEngine.LogType,UnityEngine.Object,string,object[])
UnityEngine.Logger:Log (UnityEngine.LogType,object)
UnityEngine.Debug:Log (object)
PPS.Solver.Batch.SolverBatch:Progress () (at Assets/_Project/Scripts/Solver/Batch/SolverBatch.cs:193)
PPS.Solver.Batch.SolverBatch:Tick () (at Assets/_Project/Scripts/Solver/Batch/SolverBatch.cs:210)
UnityEditor.EditorApplication:Internal_CallUpdateFunctions ()

(Filename: Assets/_Project/Scripts/Solver/Batch/SolverBatch.cs Line: 193)

[SolverBatch] Stage10 — 47%  1051판 굴림
UnityEngine.Debug:ExtractStackTraceNoAlloc (byte*,int,string)
UnityEngine.StackTraceUtility:ExtractStackTrace ()
UnityEngine.DebugLogHandler:Internal_Log (UnityEngine.LogType,UnityEngine.LogOption,string,UnityEngine.Object)
UnityEngine.DebugLogHandler:LogFormat (UnityEngine.LogType,UnityEngine.Object,string,object[])
UnityEngine.Logger:Log (UnityEngine.LogType,object)
UnityEngine.Debug:Log (object)
PPS.Solver.Batch.SolverBatch:Progress () (at Assets/_Project/Scripts/Solver/Batch/SolverBatch.cs:193)
PPS.Solver.Batch.SolverBatch:Tick () (at Assets/_Project/Scripts/Solver/Batch/SolverBatch.cs:210)
UnityEditor.EditorApplication:Internal_CallUpdateFunctions ()

(Filename: Assets/_Project/Scripts/Solver/Batch/SolverBatch.cs Line: 193)

[SolverBatch] Stage10 — 47%  1068판 굴림
UnityEngine.Debug:ExtractStackTraceNoAlloc (byte*,int,string)
UnityEngine.StackTraceUtility:ExtractStackTrace ()
UnityEngine.DebugLogHandler:Internal_Log (UnityEngine.LogType,UnityEngine.LogOption,string,UnityEngine.Object)
UnityEngine.DebugLogHandler:LogFormat (UnityEngine.LogType,UnityEngine.Object,string,object[])
UnityEngine.Logger:Log (UnityEngine.LogType,object)
UnityEngine.Debug:Log (object)
PPS.Solver.Batch.SolverBatch:Progress () (at Assets/_Project/Scripts/Solver/Batch/SolverBatch.cs:193)
PPS.Solver.Batch.SolverBatch:Tick () (at Assets/_Project/Scripts/Solver/Batch/SolverBatch.cs:210)
UnityEditor.EditorApplication:Internal_CallUpdateFunctions ()

(Filename: Assets/_Project/Scripts/Solver/Batch/SolverBatch.cs Line: 193)

[SolverBatch] Stage10 — 47%  1091판 굴림
UnityEngine.Debug:ExtractStackTraceNoAlloc (byte*,int,string)
UnityEngine.StackTraceUtility:ExtractStackTrace ()
UnityEngine.DebugLogHandler:Internal_Log (UnityEngine.LogType,UnityEngine.LogOption,string,UnityEngine.Object)
UnityEngine.DebugLogHandler:LogFormat (UnityEngine.LogType,UnityEngine.Object,string,object[])
UnityEngine.Logger:Log (UnityEngine.LogType,object)
UnityEngine.Debug:Log (object)
PPS.Solver.Batch.SolverBatch:Progress () (at Assets/_Project/Scripts/Solver/Batch/SolverBatch.cs:193)
PPS.Solver.Batch.SolverBatch:Tick () (at Assets/_Project/Scripts/Solver/Batch/SolverBatch.cs:210)
UnityEditor.EditorApplication:Internal_CallUpdateFunctions ()

(Filename: Assets/_Project/Scripts/Solver/Batch/SolverBatch.cs Line: 193)

[SolverBatch] Stage10 — 48%  1118판 굴림
UnityEngine.Debug:ExtractStackTraceNoAlloc (byte*,int,string)
UnityEngine.StackTraceUtility:ExtractStackTrace ()
UnityEngine.DebugLogHandler:Internal_Log (UnityEngine.LogType,UnityEngine.LogOption,string,UnityEngine.Object)
UnityEngine.DebugLogHandler:LogFormat (UnityEngine.LogType,UnityEngine.Object,string,object[])
UnityEngine.Logger:Log (UnityEngine.LogType,object)
UnityEngine.Debug:Log (object)
PPS.Solver.Batch.SolverBatch:Progress () (at Assets/_Project/Scripts/Solver/Batch/SolverBatch.cs:193)
PPS.Solver.Batch.SolverBatch:Tick () (at Assets/_Project/Scripts/Solver/Batch/SolverBatch.cs:210)
UnityEditor.EditorApplication:Internal_CallUpdateFunctions ()

(Filename: Assets/_Project/Scripts/Solver/Batch/SolverBatch.cs Line: 193)

[SolverBatch] Stage10 — 48%  1148판 굴림
UnityEngine.Debug:ExtractStackTraceNoAlloc (byte*,int,string)
UnityEngine.StackTraceUtility:ExtractStackTrace ()
UnityEngine.DebugLogHandler:Internal_Log (UnityEngine.LogType,UnityEngine.LogOption,string,UnityEngine.Object)
UnityEngine.DebugLogHandler:LogFormat (UnityEngine.LogType,UnityEngine.Object,string,object[])
UnityEngine.Logger:Log (UnityEngine.LogType,object)
UnityEngine.Debug:Log (object)
PPS.Solver.Batch.SolverBatch:Progress () (at Assets/_Project/Scripts/Solver/Batch/SolverBatch.cs:193)
PPS.Solver.Batch.SolverBatch:Tick () (at Assets/_Project/Scripts/Solver/Batch/SolverBatch.cs:210)
UnityEditor.EditorApplication:Internal_CallUpdateFunctions ()

(Filename: Assets/_Project/Scripts/Solver/Batch/SolverBatch.cs Line: 193)

[SolverBatch] Stage10 — 48%  1172판 굴림
UnityEngine.Debug:ExtractStackTraceNoAlloc (byte*,int,string)
UnityEngine.StackTraceUtility:ExtractStackTrace ()
UnityEngine.DebugLogHandler:Internal_Log (UnityEngine.LogType,UnityEngine.LogOption,string,UnityEngine.Object)
UnityEngine.DebugLogHandler:LogFormat (UnityEngine.LogType,UnityEngine.Object,string,object[])
UnityEngine.Logger:Log (UnityEngine.LogType,object)
UnityEngine.Debug:Log (object)
PPS.Solver.Batch.SolverBatch:Progress () (at Assets/_Project/Scripts/Solver/Batch/SolverBatch.cs:193)
PPS.Solver.Batch.SolverBatch:Tick () (at Assets/_Project/Scripts/Solver/Batch/SolverBatch.cs:210)
UnityEditor.EditorApplication:Internal_CallUpdateFunctions ()

(Filename: Assets/_Project/Scripts/Solver/Batch/SolverBatch.cs Line: 193)

[SolverBatch] Stage10 — 49%  1200판 굴림
UnityEngine.Debug:ExtractStackTraceNoAlloc (byte*,int,string)
UnityEngine.StackTraceUtility:ExtractStackTrace ()
UnityEngine.DebugLogHandler:Internal_Log (UnityEngine.LogType,UnityEngine.LogOption,string,UnityEngine.Object)
UnityEngine.DebugLogHandler:LogFormat (UnityEngine.LogType,UnityEngine.Object,string,object[])
UnityEngine.Logger:Log (UnityEngine.LogType,object)
UnityEngine.Debug:Log (object)
PPS.Solver.Batch.SolverBatch:Progress () (at Assets/_Project/Scripts/Solver/Batch/SolverBatch.cs:193)
PPS.Solver.Batch.SolverBatch:Tick () (at Assets/_Project/Scripts/Solver/Batch/SolverBatch.cs:210)
UnityEditor.EditorApplication:Internal_CallUpdateFunctions ()

(Filename: Assets/_Project/Scripts/Solver/Batch/SolverBatch.cs Line: 193)

[SolverBatch] Stage10 — 49%  1237판 굴림
UnityEngine.Debug:ExtractStackTraceNoAlloc (byte*,int,string)
UnityEngine.StackTraceUtility:ExtractStackTrace ()
UnityEngine.DebugLogHandler:Internal_Log (UnityEngine.LogType,UnityEngine.LogOption,string,UnityEngine.Object)
UnityEngine.DebugLogHandler:LogFormat (UnityEngine.LogType,UnityEngine.Object,string,object[])
UnityEngine.Logger:Log (UnityEngine.LogType,object)
UnityEngine.Debug:Log (object)
PPS.Solver.Batch.SolverBatch:Progress () (at Assets/_Project/Scripts/Solver/Batch/SolverBatch.cs:193)
PPS.Solver.Batch.SolverBatch:Tick () (at Assets/_Project/Scripts/Solver/Batch/SolverBatch.cs:210)
UnityEditor.EditorApplication:Internal_CallUpdateFunctions ()

(Filename: Assets/_Project/Scripts/Solver/Batch/SolverBatch.cs Line: 193)

[SolverBatch] Stage10 — 49%  1259판 굴림
UnityEngine.Debug:ExtractStackTraceNoAlloc (byte*,int,string)
UnityEngine.StackTraceUtility:ExtractStackTrace ()
UnityEngine.DebugLogHandler:Internal_Log (UnityEngine.LogType,UnityEngine.LogOption,string,UnityEngine.Object)
UnityEngine.DebugLogHandler:LogFormat (UnityEngine.LogType,UnityEngine.Object,string,object[])
UnityEngine.Logger:Log (UnityEngine.LogType,object)
UnityEngine.Debug:Log (object)
PPS.Solver.Batch.SolverBatch:Progress () (at Assets/_Project/Scripts/Solver/Batch/SolverBatch.cs:193)
PPS.Solver.Batch.SolverBatch:Tick () (at Assets/_Project/Scripts/Solver/Batch/SolverBatch.cs:210)
UnityEditor.EditorApplication:Internal_CallUpdateFunctions ()

(Filename: Assets/_Project/Scripts/Solver/Batch/SolverBatch.cs Line: 193)

[SolverBatch] Stage10 — 50%  1306판 굴림
UnityEngine.Debug:ExtractStackTraceNoAlloc (byte*,int,string)
UnityEngine.StackTraceUtility:ExtractStackTrace ()
UnityEngine.DebugLogHandler:Internal_Log (UnityEngine.LogType,UnityEngine.LogOption,string,UnityEngine.Object)
UnityEngine.DebugLogHandler:LogFormat (UnityEngine.LogType,UnityEngine.Object,string,object[])
UnityEngine.Logger:Log (UnityEngine.LogType,object)
UnityEngine.Debug:Log (object)
PPS.Solver.Batch.SolverBatch:Progress () (at Assets/_Project/Scripts/Solver/Batch/SolverBatch.cs:193)
PPS.Solver.Batch.SolverBatch:Tick () (at Assets/_Project/Scripts/Solver/Batch/SolverBatch.cs:210)
UnityEditor.EditorApplication:Internal_CallUpdateFunctions ()

(Filename: Assets/_Project/Scripts/Solver/Batch/SolverBatch.cs Line: 193)

[SolverBatch] Stage10 — 50%  1349판 굴림
UnityEngine.Debug:ExtractStackTraceNoAlloc (byte*,int,string)
UnityEngine.StackTraceUtility:ExtractStackTrace ()
UnityEngine.DebugLogHandler:Internal_Log (UnityEngine.LogType,UnityEngine.LogOption,string,UnityEngine.Object)
UnityEngine.DebugLogHandler:LogFormat (UnityEngine.LogType,UnityEngine.Object,string,object[])
UnityEngine.Logger:Log (UnityEngine.LogType,object)
UnityEngine.Debug:Log (object)
PPS.Solver.Batch.SolverBatch:Progress () (at Assets/_Project/Scripts/Solver/Batch/SolverBatch.cs:193)
PPS.Solver.Batch.SolverBatch:Tick () (at Assets/_Project/Scripts/Solver/Batch/SolverBatch.cs:210)
UnityEditor.EditorApplication:Internal_CallUpdateFunctions ()

(Filename: Assets/_Project/Scripts/Solver/Batch/SolverBatch.cs Line: 193)

[SolverBatch] Stage10 — 51%  1396판 굴림
UnityEngine.Debug:ExtractStackTraceNoAlloc (byte*,int,string)
UnityEngine.StackTraceUtility:ExtractStackTrace ()
UnityEngine.DebugLogHandler:Internal_Log (UnityEngine.LogType,UnityEngine.LogOption,string,UnityEngine.Object)
UnityEngine.DebugLogHandler:LogFormat (UnityEngine.LogType,UnityEngine.Object,string,object[])
UnityEngine.Logger:Log (UnityEngine.LogType,object)
UnityEngine.Debug:Log (object)
PPS.Solver.Batch.SolverBatch:Progress () (at Assets/_Project/Scripts/Solver/Batch/SolverBatch.cs:193)
PPS.Solver.Batch.SolverBatch:Tick () (at Assets/_Project/Scripts/Solver/Batch/SolverBatch.cs:210)
UnityEditor.EditorApplication:Internal_CallUpdateFunctions ()

(Filename: Assets/_Project/Scripts/Solver/Batch/SolverBatch.cs Line: 193)

[SolverBatch] Stage10 — 51%  1416판 굴림
UnityEngine.Debug:ExtractStackTraceNoAlloc (byte*,int,string)
UnityEngine.StackTraceUtility:ExtractStackTrace ()
UnityEngine.DebugLogHandler:Internal_Log (UnityEngine.LogType,UnityEngine.LogOption,string,UnityEngine.Object)
UnityEngine.DebugLogHandler:LogFormat (UnityEngine.LogType,UnityEngine.Object,string,object[])
UnityEngine.Logger:Log (UnityEngine.LogType,object)
UnityEngine.Debug:Log (object)
PPS.Solver.Batch.SolverBatch:Progress () (at Assets/_Project/Scripts/Solver/Batch/SolverBatch.cs:193)
PPS.Solver.Batch.SolverBatch:Tick () (at Assets/_Project/Scripts/Solver/Batch/SolverBatch.cs:210)
UnityEditor.EditorApplication:Internal_CallUpdateFunctions ()

(Filename: Assets/_Project/Scripts/Solver/Batch/SolverBatch.cs Line: 193)

[SolverBatch] Stage10 — 51%  1439판 굴림
UnityEngine.Debug:ExtractStackTraceNoAlloc (byte*,int,string)
UnityEngine.StackTraceUtility:ExtractStackTrace ()
UnityEngine.DebugLogHandler:Internal_Log (UnityEngine.LogType,UnityEngine.LogOption,string,UnityEngine.Object)
UnityEngine.DebugLogHandler:LogFormat (UnityEngine.LogType,UnityEngine.Object,string,object[])
UnityEngine.Logger:Log (UnityEngine.LogType,object)
UnityEngine.Debug:Log (object)
PPS.Solver.Batch.SolverBatch:Progress () (at Assets/_Project/Scripts/Solver/Batch/SolverBatch.cs:193)
PPS.Solver.Batch.SolverBatch:Tick () (at Assets/_Project/Scripts/Solver/Batch/SolverBatch.cs:210)
UnityEditor.EditorApplication:Internal_CallUpdateFunctions ()

(Filename: Assets/_Project/Scripts/Solver/Batch/SolverBatch.cs Line: 193)

[SolverBatch] Stage10 — 52%  1457판 굴림
UnityEngine.Debug:ExtractStackTraceNoAlloc (byte*,int,string)
UnityEngine.StackTraceUtility:ExtractStackTrace ()
UnityEngine.DebugLogHandler:Internal_Log (UnityEngine.LogType,UnityEngine.LogOption,string,UnityEngine.Object)
UnityEngine.DebugLogHandler:LogFormat (UnityEngine.LogType,UnityEngine.Object,string,object[])
UnityEngine.Logger:Log (UnityEngine.LogType,object)
UnityEngine.Debug:Log (object)
PPS.Solver.Batch.SolverBatch:Progress () (at Assets/_Project/Scripts/Solver/Batch/SolverBatch.cs:193)
PPS.Solver.Batch.SolverBatch:Tick () (at Assets/_Project/Scripts/Solver/Batch/SolverBatch.cs:210)
UnityEditor.EditorApplication:Internal_CallUpdateFunctions ()

(Filename: Assets/_Project/Scripts/Solver/Batch/SolverBatch.cs Line: 193)

[SolverBatch] Stage10 — 52%  1495판 굴림
UnityEngine.Debug:ExtractStackTraceNoAlloc (byte*,int,string)
UnityEngine.StackTraceUtility:ExtractStackTrace ()
UnityEngine.DebugLogHandler:Internal_Log (UnityEngine.LogType,UnityEngine.LogOption,string,UnityEngine.Object)
UnityEngine.DebugLogHandler:LogFormat (UnityEngine.LogType,UnityEngine.Object,string,object[])
UnityEngine.Logger:Log (UnityEngine.LogType,object)
UnityEngine.Debug:Log (object)
PPS.Solver.Batch.SolverBatch:Progress () (at Assets/_Project/Scripts/Solver/Batch/SolverBatch.cs:193)
PPS.Solver.Batch.SolverBatch:Tick () (at Assets/_Project/Scripts/Solver/Batch/SolverBatch.cs:210)
UnityEditor.EditorApplication:Internal_CallUpdateFunctions ()

(Filename: Assets/_Project/Scripts/Solver/Batch/SolverBatch.cs Line: 193)

[SolverBatch] Stage10 — 52%  1520판 굴림
UnityEngine.Debug:ExtractStackTraceNoAlloc (byte*,int,string)
UnityEngine.StackTraceUtility:ExtractStackTrace ()
UnityEngine.DebugLogHandler:Internal_Log (UnityEngine.LogType,UnityEngine.LogOption,string,UnityEngine.Object)
UnityEngine.DebugLogHandler:LogFormat (UnityEngine.LogType,UnityEngine.Object,string,object[])
UnityEngine.Logger:Log (UnityEngine.LogType,object)
UnityEngine.Debug:Log (object)
PPS.Solver.Batch.SolverBatch:Progress () (at Assets/_Project/Scripts/Solver/Batch/SolverBatch.cs:193)
PPS.Solver.Batch.SolverBatch:Tick () (at Assets/_Project/Scripts/Solver/Batch/SolverBatch.cs:210)
UnityEditor.EditorApplication:Internal_CallUpdateFunctions ()

(Filename: Assets/_Project/Scripts/Solver/Batch/SolverBatch.cs Line: 193)

[SolverBatch] Stage10 — 52%  1542판 굴림
UnityEngine.Debug:ExtractStackTraceNoAlloc (byte*,int,string)
UnityEngine.StackTraceUtility:ExtractStackTrace ()
UnityEngine.DebugLogHandler:Internal_Log (UnityEngine.LogType,UnityEngine.LogOption,string,UnityEngine.Object)
UnityEngine.DebugLogHandler:LogFormat (UnityEngine.LogType,UnityEngine.Object,string,object[])
UnityEngine.Logger:Log (UnityEngine.LogType,object)
UnityEngine.Debug:Log (object)
PPS.Solver.Batch.SolverBatch:Progress () (at Assets/_Project/Scripts/Solver/Batch/SolverBatch.cs:193)
PPS.Solver.Batch.SolverBatch:Tick () (at Assets/_Project/Scripts/Solver/Batch/SolverBatch.cs:210)
UnityEditor.EditorApplication:Internal_CallUpdateFunctions ()

(Filename: Assets/_Project/Scripts/Solver/Batch/SolverBatch.cs Line: 193)

[SolverBatch] Stage10 — 53%  1562판 굴림
UnityEngine.Debug:ExtractStackTraceNoAlloc (byte*,int,string)
UnityEngine.StackTraceUtility:ExtractStackTrace ()
UnityEngine.DebugLogHandler:Internal_Log (UnityEngine.LogType,UnityEngine.LogOption,string,UnityEngine.Object)
UnityEngine.DebugLogHandler:LogFormat (UnityEngine.LogType,UnityEngine.Object,string,object[])
UnityEngine.Logger:Log (UnityEngine.LogType,object)
UnityEngine.Debug:Log (object)
PPS.Solver.Batch.SolverBatch:Progress () (at Assets/_Project/Scripts/Solver/Batch/SolverBatch.cs:193)
PPS.Solver.Batch.SolverBatch:Tick () (at Assets/_Project/Scripts/Solver/Batch/SolverBatch.cs:210)
UnityEditor.EditorApplication:Internal_CallUpdateFunctions ()

(Filename: Assets/_Project/Scripts/Solver/Batch/SolverBatch.cs Line: 193)

[SolverBatch] Stage10 — 53%  1580판 굴림
UnityEngine.Debug:ExtractStackTraceNoAlloc (byte*,int,string)
UnityEngine.StackTraceUtility:ExtractStackTrace ()
UnityEngine.DebugLogHandler:Internal_Log (UnityEngine.LogType,UnityEngine.LogOption,string,UnityEngine.Object)
UnityEngine.DebugLogHandler:LogFormat (UnityEngine.LogType,UnityEngine.Object,string,object[])
UnityEngine.Logger:Log (UnityEngine.LogType,object)
UnityEngine.Debug:Log (object)
PPS.Solver.Batch.SolverBatch:Progress () (at Assets/_Project/Scripts/Solver/Batch/SolverBatch.cs:193)
PPS.Solver.Batch.SolverBatch:Tick () (at Assets/_Project/Scripts/Solver/Batch/SolverBatch.cs:210)
UnityEditor.EditorApplication:Internal_CallUpdateFunctions ()

(Filename: Assets/_Project/Scripts/Solver/Batch/SolverBatch.cs Line: 193)

[SolverBatch] Stage10 — 53%  1605판 굴림
UnityEngine.Debug:ExtractStackTraceNoAlloc (byte*,int,string)
UnityEngine.StackTraceUtility:ExtractStackTrace ()
UnityEngine.DebugLogHandler:Internal_Log (UnityEngine.LogType,UnityEngine.LogOption,string,UnityEngine.Object)
UnityEngine.DebugLogHandler:LogFormat (UnityEngine.LogType,UnityEngine.Object,string,object[])
UnityEngine.Logger:Log (UnityEngine.LogType,object)
UnityEngine.Debug:Log (object)
PPS.Solver.Batch.SolverBatch:Progress () (at Assets/_Project/Scripts/Solver/Batch/SolverBatch.cs:193)
PPS.Solver.Batch.SolverBatch:Tick () (at Assets/_Project/Scripts/Solver/Batch/SolverBatch.cs:210)
UnityEditor.EditorApplication:Internal_CallUpdateFunctions ()

(Filename: Assets/_Project/Scripts/Solver/Batch/SolverBatch.cs Line: 193)

[SolverBatch] Stage10 — 54%  1630판 굴림
UnityEngine.Debug:ExtractStackTraceNoAlloc (byte*,int,string)
UnityEngine.StackTraceUtility:ExtractStackTrace ()
UnityEngine.DebugLogHandler:Internal_Log (UnityEngine.LogType,UnityEngine.LogOption,string,UnityEngine.Object)
UnityEngine.DebugLogHandler:LogFormat (UnityEngine.LogType,UnityEngine.Object,string,object[])
UnityEngine.Logger:Log (UnityEngine.LogType,object)
UnityEngine.Debug:Log (object)
PPS.Solver.Batch.SolverBatch:Progress () (at Assets/_Project/Scripts/Solver/Batch/SolverBatch.cs:193)
PPS.Solver.Batch.SolverBatch:Tick () (at Assets/_Project/Scripts/Solver/Batch/SolverBatch.cs:210)
UnityEditor.EditorApplication:Internal_CallUpdateFunctions ()

(Filename: Assets/_Project/Scripts/Solver/Batch/SolverBatch.cs Line: 193)

[SolverBatch] Stage10 — 54%  1673판 굴림
UnityEngine.Debug:ExtractStackTraceNoAlloc (byte*,int,string)
UnityEngine.StackTraceUtility:ExtractStackTrace ()
UnityEngine.DebugLogHandler:Internal_Log (UnityEngine.LogType,UnityEngine.LogOption,string,UnityEngine.Object)
UnityEngine.DebugLogHandler:LogFormat (UnityEngine.LogType,UnityEngine.Object,string,object[])
UnityEngine.Logger:Log (UnityEngine.LogType,object)
UnityEngine.Debug:Log (object)
PPS.Solver.Batch.SolverBatch:Progress () (at Assets/_Project/Scripts/Solver/Batch/SolverBatch.cs:193)
PPS.Solver.Batch.SolverBatch:Tick () (at Assets/_Project/Scripts/Solver/Batch/SolverBatch.cs:210)
UnityEditor.EditorApplication:Internal_CallUpdateFunctions ()

(Filename: Assets/_Project/Scripts/Solver/Batch/SolverBatch.cs Line: 193)

[SolverBatch] Stage10 — 54%  1683판 굴림
UnityEngine.Debug:ExtractStackTraceNoAlloc (byte*,int,string)
UnityEngine.StackTraceUtility:ExtractStackTrace ()
UnityEngine.DebugLogHandler:Internal_Log (UnityEngine.LogType,UnityEngine.LogOption,string,UnityEngine.Object)
UnityEngine.DebugLogHandler:LogFormat (UnityEngine.LogType,UnityEngine.Object,string,object[])
UnityEngine.Logger:Log (UnityEngine.LogType,object)
UnityEngine.Debug:Log (object)
PPS.Solver.Batch.SolverBatch:Progress () (at Assets/_Project/Scripts/Solver/Batch/SolverBatch.cs:193)
PPS.Solver.Batch.SolverBatch:Tick () (at Assets/_Project/Scripts/Solver/Batch/SolverBatch.cs:210)
UnityEditor.EditorApplication:Internal_CallUpdateFunctions ()

(Filename: Assets/_Project/Scripts/Solver/Batch/SolverBatch.cs Line: 193)

[SolverBatch] Stage10 — 55%  1706판 굴림
UnityEngine.Debug:ExtractStackTraceNoAlloc (byte*,int,string)
UnityEngine.StackTraceUtility:ExtractStackTrace ()
UnityEngine.DebugLogHandler:Internal_Log (UnityEngine.LogType,UnityEngine.LogOption,string,UnityEngine.Object)
UnityEngine.DebugLogHandler:LogFormat (UnityEngine.LogType,UnityEngine.Object,string,object[])
UnityEngine.Logger:Log (UnityEngine.LogType,object)
UnityEngine.Debug:Log (object)
PPS.Solver.Batch.SolverBatch:Progress () (at Assets/_Project/Scripts/Solver/Batch/SolverBatch.cs:193)
PPS.Solver.Batch.SolverBatch:Tick () (at Assets/_Project/Scripts/Solver/Batch/SolverBatch.cs:210)
UnityEditor.EditorApplication:Internal_CallUpdateFunctions ()

(Filename: Assets/_Project/Scripts/Solver/Batch/SolverBatch.cs Line: 193)

[SolverBatch] Stage10 — 55%  1722판 굴림
UnityEngine.Debug:ExtractStackTraceNoAlloc (byte*,int,string)
UnityEngine.StackTraceUtility:ExtractStackTrace ()
UnityEngine.DebugLogHandler:Internal_Log (UnityEngine.LogType,UnityEngine.LogOption,string,UnityEngine.Object)
UnityEngine.DebugLogHandler:LogFormat (UnityEngine.LogType,UnityEngine.Object,string,object[])
UnityEngine.Logger:Log (UnityEngine.LogType,object)
UnityEngine.Debug:Log (object)
PPS.Solver.Batch.SolverBatch:Progress () (at Assets/_Project/Scripts/Solver/Batch/SolverBatch.cs:193)
PPS.Solver.Batch.SolverBatch:Tick () (at Assets/_Project/Scripts/Solver/Batch/SolverBatch.cs:210)
UnityEditor.EditorApplication:Internal_CallUpdateFunctions ()

(Filename: Assets/_Project/Scripts/Solver/Batch/SolverBatch.cs Line: 193)

[SolverBatch] Stage10 — 55%  1733판 굴림
UnityEngine.Debug:ExtractStackTraceNoAlloc (byte*,int,string)
UnityEngine.StackTraceUtility:ExtractStackTrace ()
UnityEngine.DebugLogHandler:Internal_Log (UnityEngine.LogType,UnityEngine.LogOption,string,UnityEngine.Object)
UnityEngine.DebugLogHandler:LogFormat (UnityEngine.LogType,UnityEngine.Object,string,object[])
UnityEngine.Logger:Log (UnityEngine.LogType,object)
UnityEngine.Debug:Log (object)
PPS.Solver.Batch.SolverBatch:Progress () (at Assets/_Project/Scripts/Solver/Batch/SolverBatch.cs:193)
PPS.Solver.Batch.SolverBatch:Tick () (at Assets/_Project/Scripts/Solver/Batch/SolverBatch.cs:210)
UnityEditor.EditorApplication:Internal_CallUpdateFunctions ()

(Filename: Assets/_Project/Scripts/Solver/Batch/SolverBatch.cs Line: 193)

[SolverBatch] Stage10 — 55%  1747판 굴림
UnityEngine.Debug:ExtractStackTraceNoAlloc (byte*,int,string)
UnityEngine.StackTraceUtility:ExtractStackTrace ()
UnityEngine.DebugLogHandler:Internal_Log (UnityEngine.LogType,UnityEngine.LogOption,string,UnityEngine.Object)
UnityEngine.DebugLogHandler:LogFormat (UnityEngine.LogType,UnityEngine.Object,string,object[])
UnityEngine.Logger:Log (UnityEngine.LogType,object)
UnityEngine.Debug:Log (object)
PPS.Solver.Batch.SolverBatch:Progress () (at Assets/_Project/Scripts/Solver/Batch/SolverBatch.cs:193)
PPS.Solver.Batch.SolverBatch:Tick () (at Assets/_Project/Scripts/Solver/Batch/SolverBatch.cs:210)
UnityEditor.EditorApplication:Internal_CallUpdateFunctions ()

(Filename: Assets/_Project/Scripts/Solver/Batch/SolverBatch.cs Line: 193)

[SolverBatch] Stage10 — 55%  1765판 굴림
UnityEngine.Debug:ExtractStackTraceNoAlloc (byte*,int,string)
UnityEngine.StackTraceUtility:ExtractStackTrace ()
UnityEngine.DebugLogHandler:Internal_Log (UnityEngine.LogType,UnityEngine.LogOption,string,UnityEngine.Object)
UnityEngine.DebugLogHandler:LogFormat (UnityEngine.LogType,UnityEngine.Object,string,object[])
UnityEngine.Logger:Log (UnityEngine.LogType,object)
UnityEngine.Debug:Log (object)
PPS.Solver.Batch.SolverBatch:Progress () (at Assets/_Project/Scripts/Solver/Batch/SolverBatch.cs:193)
PPS.Solver.Batch.SolverBatch:Tick () (at Assets/_Project/Scripts/Solver/Batch/SolverBatch.cs:210)
UnityEditor.EditorApplication:Internal_CallUpdateFunctions ()

(Filename: Assets/_Project/Scripts/Solver/Batch/SolverBatch.cs Line: 193)

[SolverBatch] Stage10 — 56%  1795판 굴림
UnityEngine.Debug:ExtractStackTraceNoAlloc (byte*,int,string)
UnityEngine.StackTraceUtility:ExtractStackTrace ()
UnityEngine.DebugLogHandler:Internal_Log (UnityEngine.LogType,UnityEngine.LogOption,string,UnityEngine.Object)
UnityEngine.DebugLogHandler:LogFormat (UnityEngine.LogType,UnityEngine.Object,string,object[])
UnityEngine.Logger:Log (UnityEngine.LogType,object)
UnityEngine.Debug:Log (object)
PPS.Solver.Batch.SolverBatch:Progress () (at Assets/_Project/Scripts/Solver/Batch/SolverBatch.cs:193)
PPS.Solver.Batch.SolverBatch:Tick () (at Assets/_Project/Scripts/Solver/Batch/SolverBatch.cs:210)
UnityEditor.EditorApplication:Internal_CallUpdateFunctions ()

(Filename: Assets/_Project/Scripts/Solver/Batch/SolverBatch.cs Line: 193)

[SolverBatch] Stage10 — 56%  1824판 굴림
UnityEngine.Debug:ExtractStackTraceNoAlloc (byte*,int,string)
UnityEngine.StackTraceUtility:ExtractStackTrace ()
UnityEngine.DebugLogHandler:Internal_Log (UnityEngine.LogType,UnityEngine.LogOption,string,UnityEngine.Object)
UnityEngine.DebugLogHandler:LogFormat (UnityEngine.LogType,UnityEngine.Object,string,object[])
UnityEngine.Logger:Log (UnityEngine.LogType,object)
UnityEngine.Debug:Log (object)
PPS.Solver.Batch.SolverBatch:Progress () (at Assets/_Project/Scripts/Solver/Batch/SolverBatch.cs:193)
PPS.Solver.Batch.SolverBatch:Tick () (at Assets/_Project/Scripts/Solver/Batch/SolverBatch.cs:210)
UnityEditor.EditorApplication:Internal_CallUpdateFunctions ()

(Filename: Assets/_Project/Scripts/Solver/Batch/SolverBatch.cs Line: 193)

[SolverBatch] Stage10 — 56%  1842판 굴림
UnityEngine.Debug:ExtractStackTraceNoAlloc (byte*,int,string)
UnityEngine.StackTraceUtility:ExtractStackTrace ()
UnityEngine.DebugLogHandler:Internal_Log (UnityEngine.LogType,UnityEngine.LogOption,string,UnityEngine.Object)
UnityEngine.DebugLogHandler:LogFormat (UnityEngine.LogType,UnityEngine.Object,string,object[])
UnityEngine.Logger:Log (UnityEngine.LogType,object)
UnityEngine.Debug:Log (object)
PPS.Solver.Batch.SolverBatch:Progress () (at Assets/_Project/Scripts/Solver/Batch/SolverBatch.cs:193)
PPS.Solver.Batch.SolverBatch:Tick () (at Assets/_Project/Scripts/Solver/Batch/SolverBatch.cs:210)
UnityEditor.EditorApplication:Internal_CallUpdateFunctions ()

(Filename: Assets/_Project/Scripts/Solver/Batch/SolverBatch.cs Line: 193)

[SolverBatch] Stage10 — 57%  1867판 굴림
UnityEngine.Debug:ExtractStackTraceNoAlloc (byte*,int,string)
UnityEngine.StackTraceUtility:ExtractStackTrace ()
UnityEngine.DebugLogHandler:Internal_Log (UnityEngine.LogType,UnityEngine.LogOption,string,UnityEngine.Object)
UnityEngine.DebugLogHandler:LogFormat (UnityEngine.LogType,UnityEngine.Object,string,object[])
UnityEngine.Logger:Log (UnityEngine.LogType,object)
UnityEngine.Debug:Log (object)
PPS.Solver.Batch.SolverBatch:Progress () (at Assets/_Project/Scripts/Solver/Batch/SolverBatch.cs:193)
PPS.Solver.Batch.SolverBatch:Tick () (at Assets/_Project/Scripts/Solver/Batch/SolverBatch.cs:210)
UnityEditor.EditorApplication:Internal_CallUpdateFunctions ()

(Filename: Assets/_Project/Scripts/Solver/Batch/SolverBatch.cs Line: 193)

[SolverBatch] Stage10 — 57%  1880판 굴림
UnityEngine.Debug:ExtractStackTraceNoAlloc (byte*,int,string)
UnityEngine.StackTraceUtility:ExtractStackTrace ()
UnityEngine.DebugLogHandler:Internal_Log (UnityEngine.LogType,UnityEngine.LogOption,string,UnityEngine.Object)
UnityEngine.DebugLogHandler:LogFormat (UnityEngine.LogType,UnityEngine.Object,string,object[])
UnityEngine.Logger:Log (UnityEngine.LogType,object)
UnityEngine.Debug:Log (object)
PPS.Solver.Batch.SolverBatch:Progress () (at Assets/_Project/Scripts/Solver/Batch/SolverBatch.cs:193)
PPS.Solver.Batch.SolverBatch:Tick () (at Assets/_Project/Scripts/Solver/Batch/SolverBatch.cs:210)
UnityEditor.EditorApplication:Internal_CallUpdateFunctions ()

(Filename: Assets/_Project/Scripts/Solver/Batch/SolverBatch.cs Line: 193)

[SolverBatch] Stage10 — 57%  1897판 굴림
UnityEngine.Debug:ExtractStackTraceNoAlloc (byte*,int,string)
UnityEngine.StackTraceUtility:ExtractStackTrace ()
UnityEngine.DebugLogHandler:Internal_Log (UnityEngine.LogType,UnityEngine.LogOption,string,UnityEngine.Object)
UnityEngine.DebugLogHandler:LogFormat (UnityEngine.LogType,UnityEngine.Object,string,object[])
UnityEngine.Logger:Log (UnityEngine.LogType,object)
UnityEngine.Debug:Log (object)
PPS.Solver.Batch.SolverBatch:Progress () (at Assets/_Project/Scripts/Solver/Batch/SolverBatch.cs:193)
PPS.Solver.Batch.SolverBatch:Tick () (at Assets/_Project/Scripts/Solver/Batch/SolverBatch.cs:210)
UnityEditor.EditorApplication:Internal_CallUpdateFunctions ()

(Filename: Assets/_Project/Scripts/Solver/Batch/SolverBatch.cs Line: 193)

[SolverBatch] Stage10 — 57%  1927판 굴림
UnityEngine.Debug:ExtractStackTraceNoAlloc (byte*,int,string)
UnityEngine.StackTraceUtility:ExtractStackTrace ()
UnityEngine.DebugLogHandler:Internal_Log (UnityEngine.LogType,UnityEngine.LogOption,string,UnityEngine.Object)
UnityEngine.DebugLogHandler:LogFormat (UnityEngine.LogType,UnityEngine.Object,string,object[])
UnityEngine.Logger:Log (UnityEngine.LogType,object)
UnityEngine.Debug:Log (object)
PPS.Solver.Batch.SolverBatch:Progress () (at Assets/_Project/Scripts/Solver/Batch/SolverBatch.cs:193)
PPS.Solver.Batch.SolverBatch:Tick () (at Assets/_Project/Scripts/Solver/Batch/SolverBatch.cs:210)
UnityEditor.EditorApplication:Internal_CallUpdateFunctions ()

(Filename: Assets/_Project/Scripts/Solver/Batch/SolverBatch.cs Line: 193)

[SolverBatch] Stage10 — 58%  1959판 굴림
UnityEngine.Debug:ExtractStackTraceNoAlloc (byte*,int,string)
UnityEngine.StackTraceUtility:ExtractStackTrace ()
UnityEngine.DebugLogHandler:Internal_Log (UnityEngine.LogType,UnityEngine.LogOption,string,UnityEngine.Object)
UnityEngine.DebugLogHandler:LogFormat (UnityEngine.LogType,UnityEngine.Object,string,object[])
UnityEngine.Logger:Log (UnityEngine.LogType,object)
UnityEngine.Debug:Log (object)
PPS.Solver.Batch.SolverBatch:Progress () (at Assets/_Project/Scripts/Solver/Batch/SolverBatch.cs:193)
PPS.Solver.Batch.SolverBatch:Tick () (at Assets/_Project/Scripts/Solver/Batch/SolverBatch.cs:210)
UnityEditor.EditorApplication:Internal_CallUpdateFunctions ()

(Filename: Assets/_Project/Scripts/Solver/Batch/SolverBatch.cs Line: 193)

[SolverBatch] Stage10 — 58%  1993판 굴림
UnityEngine.Debug:ExtractStackTraceNoAlloc (byte*,int,string)
UnityEngine.StackTraceUtility:ExtractStackTrace ()
UnityEngine.DebugLogHandler:Internal_Log (UnityEngine.LogType,UnityEngine.LogOption,string,UnityEngine.Object)
UnityEngine.DebugLogHandler:LogFormat (UnityEngine.LogType,UnityEngine.Object,string,object[])
UnityEngine.Logger:Log (UnityEngine.LogType,object)
UnityEngine.Debug:Log (object)
PPS.Solver.Batch.SolverBatch:Progress () (at Assets/_Project/Scripts/Solver/Batch/SolverBatch.cs:193)
PPS.Solver.Batch.SolverBatch:Tick () (at Assets/_Project/Scripts/Solver/Batch/SolverBatch.cs:210)
UnityEditor.EditorApplication:Internal_CallUpdateFunctions ()

(Filename: Assets/_Project/Scripts/Solver/Batch/SolverBatch.cs Line: 193)

[SolverBatch] Stage10 — 58%  2009판 굴림
UnityEngine.Debug:ExtractStackTraceNoAlloc (byte*,int,string)
UnityEngine.StackTraceUtility:ExtractStackTrace ()
UnityEngine.DebugLogHandler:Internal_Log (UnityEngine.LogType,UnityEngine.LogOption,string,UnityEngine.Object)
UnityEngine.DebugLogHandler:LogFormat (UnityEngine.LogType,UnityEngine.Object,string,object[])
UnityEngine.Logger:Log (UnityEngine.LogType,object)
UnityEngine.Debug:Log (object)
PPS.Solver.Batch.SolverBatch:Progress () (at Assets/_Project/Scripts/Solver/Batch/SolverBatch.cs:193)
PPS.Solver.Batch.SolverBatch:Tick () (at Assets/_Project/Scripts/Solver/Batch/SolverBatch.cs:210)
UnityEditor.EditorApplication:Internal_CallUpdateFunctions ()

(Filename: Assets/_Project/Scripts/Solver/Batch/SolverBatch.cs Line: 193)

[SolverBatch] Stage10 — 67%  2019판 굴림
UnityEngine.Debug:ExtractStackTraceNoAlloc (byte*,int,string)
UnityEngine.StackTraceUtility:ExtractStackTrace ()
UnityEngine.DebugLogHandler:Internal_Log (UnityEngine.LogType,UnityEngine.LogOption,string,UnityEngine.Object)
UnityEngine.DebugLogHandler:LogFormat (UnityEngine.LogType,UnityEngine.Object,string,object[])
UnityEngine.Logger:Log (UnityEngine.LogType,object)
UnityEngine.Debug:Log (object)
PPS.Solver.Batch.SolverBatch:Progress () (at Assets/_Project/Scripts/Solver/Batch/SolverBatch.cs:193)
PPS.Solver.Batch.SolverBatch:Tick () (at Assets/_Project/Scripts/Solver/Batch/SolverBatch.cs:210)
UnityEditor.EditorApplication:Internal_CallUpdateFunctions ()

(Filename: Assets/_Project/Scripts/Solver/Batch/SolverBatch.cs Line: 193)

[SolverBatch] Stage10 — 69%  2027판 굴림
UnityEngine.Debug:ExtractStackTraceNoAlloc (byte*,int,string)
UnityEngine.StackTraceUtility:ExtractStackTrace ()
UnityEngine.DebugLogHandler:Internal_Log (UnityEngine.LogType,UnityEngine.LogOption,string,UnityEngine.Object)
UnityEngine.DebugLogHandler:LogFormat (UnityEngine.LogType,UnityEngine.Object,string,object[])
UnityEngine.Logger:Log (UnityEngine.LogType,object)
UnityEngine.Debug:Log (object)
PPS.Solver.Batch.SolverBatch:Progress () (at Assets/_Project/Scripts/Solver/Batch/SolverBatch.cs:193)
PPS.Solver.Batch.SolverBatch:Tick () (at Assets/_Project/Scripts/Solver/Batch/SolverBatch.cs:210)
UnityEditor.EditorApplication:Internal_CallUpdateFunctions ()

(Filename: Assets/_Project/Scripts/Solver/Batch/SolverBatch.cs Line: 193)

[SolverBatch] Stage10 — 72%  2031판 굴림
UnityEngine.Debug:ExtractStackTraceNoAlloc (byte*,int,string)
UnityEngine.StackTraceUtility:ExtractStackTrace ()
UnityEngine.DebugLogHandler:Internal_Log (UnityEngine.LogType,UnityEngine.LogOption,string,UnityEngine.Object)
UnityEngine.DebugLogHandler:LogFormat (UnityEngine.LogType,UnityEngine.Object,string,object[])
UnityEngine.Logger:Log (UnityEngine.LogType,object)
UnityEngine.Debug:Log (object)
PPS.Solver.Batch.SolverBatch:Progress () (at Assets/_Project/Scripts/Solver/Batch/SolverBatch.cs:193)
PPS.Solver.Batch.SolverBatch:Tick () (at Assets/_Project/Scripts/Solver/Batch/SolverBatch.cs:210)
UnityEditor.EditorApplication:Internal_CallUpdateFunctions ()

(Filename: Assets/_Project/Scripts/Solver/Batch/SolverBatch.cs Line: 193)

[SolverBatch] Stage10 — 75%  2034판 굴림
UnityEngine.Debug:ExtractStackTraceNoAlloc (byte*,int,string)
UnityEngine.StackTraceUtility:ExtractStackTrace ()
UnityEngine.DebugLogHandler:Internal_Log (UnityEngine.LogType,UnityEngine.LogOption,string,UnityEngine.Object)
UnityEngine.DebugLogHandler:LogFormat (UnityEngine.LogType,UnityEngine.Object,string,object[])
UnityEngine.Logger:Log (UnityEngine.LogType,object)
UnityEngine.Debug:Log (object)
PPS.Solver.Batch.SolverBatch:Progress () (at Assets/_Project/Scripts/Solver/Batch/SolverBatch.cs:193)
PPS.Solver.Batch.SolverBatch:Tick () (at Assets/_Project/Scripts/Solver/Batch/SolverBatch.cs:210)
UnityEditor.EditorApplication:Internal_CallUpdateFunctions ()

(Filename: Assets/_Project/Scripts/Solver/Batch/SolverBatch.cs Line: 193)

[SolverBatch] Stage10 — 79%  2052판 굴림
UnityEngine.Debug:ExtractStackTraceNoAlloc (byte*,int,string)
UnityEngine.StackTraceUtility:ExtractStackTrace ()
UnityEngine.DebugLogHandler:Internal_Log (UnityEngine.LogType,UnityEngine.LogOption,string,UnityEngine.Object)
UnityEngine.DebugLogHandler:LogFormat (UnityEngine.LogType,UnityEngine.Object,string,object[])
UnityEngine.Logger:Log (UnityEngine.LogType,object)
UnityEngine.Debug:Log (object)
PPS.Solver.Batch.SolverBatch:Progress () (at Assets/_Project/Scripts/Solver/Batch/SolverBatch.cs:193)
PPS.Solver.Batch.SolverBatch:Tick () (at Assets/_Project/Scripts/Solver/Batch/SolverBatch.cs:210)
UnityEditor.EditorApplication:Internal_CallUpdateFunctions ()

(Filename: Assets/_Project/Scripts/Solver/Batch/SolverBatch.cs Line: 193)

[SolverBatch] Stage10 — 82%  2055판 굴림
UnityEngine.Debug:ExtractStackTraceNoAlloc (byte*,int,string)
UnityEngine.StackTraceUtility:ExtractStackTrace ()
UnityEngine.DebugLogHandler:Internal_Log (UnityEngine.LogType,UnityEngine.LogOption,string,UnityEngine.Object)
UnityEngine.DebugLogHandler:LogFormat (UnityEngine.LogType,UnityEngine.Object,string,object[])
UnityEngine.Logger:Log (UnityEngine.LogType,object)
UnityEngine.Debug:Log (object)
PPS.Solver.Batch.SolverBatch:Progress () (at Assets/_Project/Scripts/Solver/Batch/SolverBatch.cs:193)
PPS.Solver.Batch.SolverBatch:Tick () (at Assets/_Project/Scripts/Solver/Batch/SolverBatch.cs:210)
UnityEditor.EditorApplication:Internal_CallUpdateFunctions ()

(Filename: Assets/_Project/Scripts/Solver/Batch/SolverBatch.cs Line: 193)

[SolverBatch] Stage10 — 85%  2060판 굴림
UnityEngine.Debug:ExtractStackTraceNoAlloc (byte*,int,string)
UnityEngine.StackTraceUtility:ExtractStackTrace ()
UnityEngine.DebugLogHandler:Internal_Log (UnityEngine.LogType,UnityEngine.LogOption,string,UnityEngine.Object)
UnityEngine.DebugLogHandler:LogFormat (UnityEngine.LogType,UnityEngine.Object,string,object[])
UnityEngine.Logger:Log (UnityEngine.LogType,object)
UnityEngine.Debug:Log (object)
PPS.Solver.Batch.SolverBatch:Progress () (at Assets/_Project/Scripts/Solver/Batch/SolverBatch.cs:193)
PPS.Solver.Batch.SolverBatch:Tick () (at Assets/_Project/Scripts/Solver/Batch/SolverBatch.cs:210)
UnityEditor.EditorApplication:Internal_CallUpdateFunctions ()

(Filename: Assets/_Project/Scripts/Solver/Batch/SolverBatch.cs Line: 193)

[SolverBatch] Stage10 — 88%  2067판 굴림
UnityEngine.Debug:ExtractStackTraceNoAlloc (byte*,int,string)
UnityEngine.StackTraceUtility:ExtractStackTrace ()
UnityEngine.DebugLogHandler:Internal_Log (UnityEngine.LogType,UnityEngine.LogOption,string,UnityEngine.Object)
UnityEngine.DebugLogHandler:LogFormat (UnityEngine.LogType,UnityEngine.Object,string,object[])
UnityEngine.Logger:Log (UnityEngine.LogType,object)
UnityEngine.Debug:Log (object)
PPS.Solver.Batch.SolverBatch:Progress () (at Assets/_Project/Scripts/Solver/Batch/SolverBatch.cs:193)
PPS.Solver.Batch.SolverBatch:Tick () (at Assets/_Project/Scripts/Solver/Batch/SolverBatch.cs:210)
UnityEditor.EditorApplication:Internal_CallUpdateFunctions ()

(Filename: Assets/_Project/Scripts/Solver/Batch/SolverBatch.cs Line: 193)

[SolverBatch] Stage10 — 90%  2073판 굴림
UnityEngine.Debug:ExtractStackTraceNoAlloc (byte*,int,string)
UnityEngine.StackTraceUtility:ExtractStackTrace ()
UnityEngine.DebugLogHandler:Internal_Log (UnityEngine.LogType,UnityEngine.LogOption,string,UnityEngine.Object)
UnityEngine.DebugLogHandler:LogFormat (UnityEngine.LogType,UnityEngine.Object,string,object[])
UnityEngine.Logger:Log (UnityEngine.LogType,object)
UnityEngine.Debug:Log (object)
PPS.Solver.Batch.SolverBatch:Progress () (at Assets/_Project/Scripts/Solver/Batch/SolverBatch.cs:193)
PPS.Solver.Batch.SolverBatch:Tick () (at Assets/_Project/Scripts/Solver/Batch/SolverBatch.cs:210)
UnityEditor.EditorApplication:Internal_CallUpdateFunctions ()

(Filename: Assets/_Project/Scripts/Solver/Batch/SolverBatch.cs Line: 193)

[SolverBatch] Stage10 — 93%  2081판 굴림
UnityEngine.Debug:ExtractStackTraceNoAlloc (byte*,int,string)
UnityEngine.StackTraceUtility:ExtractStackTrace ()
UnityEngine.DebugLogHandler:Internal_Log (UnityEngine.LogType,UnityEngine.LogOption,string,UnityEngine.Object)
UnityEngine.DebugLogHandler:LogFormat (UnityEngine.LogType,UnityEngine.Object,string,object[])
UnityEngine.Logger:Log (UnityEngine.LogType,object)
UnityEngine.Debug:Log (object)
PPS.Solver.Batch.SolverBatch:Progress () (at Assets/_Project/Scripts/Solver/Batch/SolverBatch.cs:193)
PPS.Solver.Batch.SolverBatch:Tick () (at Assets/_Project/Scripts/Solver/Batch/SolverBatch.cs:210)
UnityEditor.EditorApplication:Internal_CallUpdateFunctions ()

(Filename: Assets/_Project/Scripts/Solver/Batch/SolverBatch.cs Line: 193)

[SolverBatch] Stage10 — 96%  2087판 굴림
UnityEngine.Debug:ExtractStackTraceNoAlloc (byte*,int,string)
UnityEngine.StackTraceUtility:ExtractStackTrace ()
UnityEngine.DebugLogHandler:Internal_Log (UnityEngine.LogType,UnityEngine.LogOption,string,UnityEngine.Object)
UnityEngine.DebugLogHandler:LogFormat (UnityEngine.LogType,UnityEngine.Object,string,object[])
UnityEngine.Logger:Log (UnityEngine.LogType,object)
UnityEngine.Debug:Log (object)
PPS.Solver.Batch.SolverBatch:Progress () (at Assets/_Project/Scripts/Solver/Batch/SolverBatch.cs:193)
PPS.Solver.Batch.SolverBatch:Tick () (at Assets/_Project/Scripts/Solver/Batch/SolverBatch.cs:210)
UnityEditor.EditorApplication:Internal_CallUpdateFunctions ()

(Filename: Assets/_Project/Scripts/Solver/Batch/SolverBatch.cs Line: 193)

[SolverBatch] Stage10 — 99%  2093판 굴림
UnityEngine.Debug:ExtractStackTraceNoAlloc (byte*,int,string)
UnityEngine.StackTraceUtility:ExtractStackTrace ()
UnityEngine.DebugLogHandler:Internal_Log (UnityEngine.LogType,UnityEngine.LogOption,string,UnityEngine.Object)
UnityEngine.DebugLogHandler:LogFormat (UnityEngine.LogType,UnityEngine.Object,string,object[])
UnityEngine.Logger:Log (UnityEngine.LogType,object)
UnityEngine.Debug:Log (object)
PPS.Solver.Batch.SolverBatch:Progress () (at Assets/_Project/Scripts/Solver/Batch/SolverBatch.cs:193)
PPS.Solver.Batch.SolverBatch:Tick () (at Assets/_Project/Scripts/Solver/Batch/SolverBatch.cs:210)
UnityEditor.EditorApplication:Internal_CallUpdateFunctions ()

(Filename: Assets/_Project/Scripts/Solver/Batch/SolverBatch.cs Line: 193)

[SolverBatch] [12/22] Stage10 — Corridor 로 풀림 (2100회 시도) (206.2초)
UnityEngine.Debug:ExtractStackTraceNoAlloc (byte*,int,string)
UnityEngine.StackTraceUtility:ExtractStackTrace ()
UnityEngine.DebugLogHandler:Internal_Log (UnityEngine.LogType,UnityEngine.LogOption,string,UnityEngine.Object)
UnityEngine.DebugLogHandler:LogFormat (UnityEngine.LogType,UnityEngine.Object,string,object[])
UnityEngine.Logger:Log (UnityEngine.LogType,object)
UnityEngine.Debug:Log (object)
PPS.Solver.Batch.SolverBatch:FinishStage () (at Assets/_Project/Scripts/Solver/Batch/SolverBatch.cs:273)
PPS.Solver.Batch.SolverBatch:Tick () (at Assets/_Project/Scripts/Solver/Batch/SolverBatch.cs:214)
UnityEditor.EditorApplication:Internal_CallUpdateFunctions ()

(Filename: Assets/_Project/Scripts/Solver/Batch/SolverBatch.cs Line: 273)

[SolverBatch] Stage11 — 34%  13판 굴림
UnityEngine.Debug:ExtractStackTraceNoAlloc (byte*,int,string)
UnityEngine.StackTraceUtility:ExtractStackTrace ()
UnityEngine.DebugLogHandler:Internal_Log (UnityEngine.LogType,UnityEngine.LogOption,string,UnityEngine.Object)
UnityEngine.DebugLogHandler:LogFormat (UnityEngine.LogType,UnityEngine.Object,string,object[])
UnityEngine.Logger:Log (UnityEngine.LogType,object)
UnityEngine.Debug:Log (object)
PPS.Solver.Batch.SolverBatch:Progress () (at Assets/_Project/Scripts/Solver/Batch/SolverBatch.cs:193)
PPS.Solver.Batch.SolverBatch:Tick () (at Assets/_Project/Scripts/Solver/Batch/SolverBatch.cs:210)
UnityEditor.EditorApplication:Internal_CallUpdateFunctions ()

(Filename: Assets/_Project/Scripts/Solver/Batch/SolverBatch.cs Line: 193)

[SolverBatch] Stage11 — 34%  26판 굴림
UnityEngine.Debug:ExtractStackTraceNoAlloc (byte*,int,string)
UnityEngine.StackTraceUtility:ExtractStackTrace ()
UnityEngine.DebugLogHandler:Internal_Log (UnityEngine.LogType,UnityEngine.LogOption,string,UnityEngine.Object)
UnityEngine.DebugLogHandler:LogFormat (UnityEngine.LogType,UnityEngine.Object,string,object[])
UnityEngine.Logger:Log (UnityEngine.LogType,object)
UnityEngine.Debug:Log (object)
PPS.Solver.Batch.SolverBatch:Progress () (at Assets/_Project/Scripts/Solver/Batch/SolverBatch.cs:193)
PPS.Solver.Batch.SolverBatch:Tick () (at Assets/_Project/Scripts/Solver/Batch/SolverBatch.cs:210)
UnityEditor.EditorApplication:Internal_CallUpdateFunctions ()

(Filename: Assets/_Project/Scripts/Solver/Batch/SolverBatch.cs Line: 193)

[SolverBatch] Stage11 — 35%  40판 굴림
UnityEngine.Debug:ExtractStackTraceNoAlloc (byte*,int,string)
UnityEngine.StackTraceUtility:ExtractStackTrace ()
UnityEngine.DebugLogHandler:Internal_Log (UnityEngine.LogType,UnityEngine.LogOption,string,UnityEngine.Object)
UnityEngine.DebugLogHandler:LogFormat (UnityEngine.LogType,UnityEngine.Object,string,object[])
UnityEngine.Logger:Log (UnityEngine.LogType,object)
UnityEngine.Debug:Log (object)
PPS.Solver.Batch.SolverBatch:Progress () (at Assets/_Project/Scripts/Solver/Batch/SolverBatch.cs:193)
PPS.Solver.Batch.SolverBatch:Tick () (at Assets/_Project/Scripts/Solver/Batch/SolverBatch.cs:210)
UnityEditor.EditorApplication:Internal_CallUpdateFunctions ()

(Filename: Assets/_Project/Scripts/Solver/Batch/SolverBatch.cs Line: 193)

[SolverBatch] Stage11 — 35%  59판 굴림
UnityEngine.Debug:ExtractStackTraceNoAlloc (byte*,int,string)
UnityEngine.StackTraceUtility:ExtractStackTrace ()
UnityEngine.DebugLogHandler:Internal_Log (UnityEngine.LogType,UnityEngine.LogOption,string,UnityEngine.Object)
UnityEngine.DebugLogHandler:LogFormat (UnityEngine.LogType,UnityEngine.Object,string,object[])
UnityEngine.Logger:Log (UnityEngine.LogType,object)
UnityEngine.Debug:Log (object)
PPS.Solver.Batch.SolverBatch:Progress () (at Assets/_Project/Scripts/Solver/Batch/SolverBatch.cs:193)
PPS.Solver.Batch.SolverBatch:Tick () (at Assets/_Project/Scripts/Solver/Batch/SolverBatch.cs:210)
UnityEditor.EditorApplication:Internal_CallUpdateFunctions ()

(Filename: Assets/_Project/Scripts/Solver/Batch/SolverBatch.cs Line: 193)

[SolverBatch] Stage11 — 36%  78판 굴림
UnityEngine.Debug:ExtractStackTraceNoAlloc (byte*,int,string)
UnityEngine.StackTraceUtility:ExtractStackTrace ()
UnityEngine.DebugLogHandler:Internal_Log (UnityEngine.LogType,UnityEngine.LogOption,string,UnityEngine.Object)
UnityEngine.DebugLogHandler:LogFormat (UnityEngine.LogType,UnityEngine.Object,string,object[])
UnityEngine.Logger:Log (UnityEngine.LogType,object)
UnityEngine.Debug:Log (object)
PPS.Solver.Batch.SolverBatch:Progress () (at Assets/_Project/Scripts/Solver/Batch/SolverBatch.cs:193)
PPS.Solver.Batch.SolverBatch:Tick () (at Assets/_Project/Scripts/Solver/Batch/SolverBatch.cs:210)
UnityEditor.EditorApplication:Internal_CallUpdateFunctions ()

(Filename: Assets/_Project/Scripts/Solver/Batch/SolverBatch.cs Line: 193)

[SolverBatch] Stage11 — 38%  110판 굴림
UnityEngine.Debug:ExtractStackTraceNoAlloc (byte*,int,string)
UnityEngine.StackTraceUtility:ExtractStackTrace ()
UnityEngine.DebugLogHandler:Internal_Log (UnityEngine.LogType,UnityEngine.LogOption,string,UnityEngine.Object)
UnityEngine.DebugLogHandler:LogFormat (UnityEngine.LogType,UnityEngine.Object,string,object[])
UnityEngine.Logger:Log (UnityEngine.LogType,object)
UnityEngine.Debug:Log (object)
PPS.Solver.Batch.SolverBatch:Progress () (at Assets/_Project/Scripts/Solver/Batch/SolverBatch.cs:193)
PPS.Solver.Batch.SolverBatch:Tick () (at Assets/_Project/Scripts/Solver/Batch/SolverBatch.cs:210)
UnityEditor.EditorApplication:Internal_CallUpdateFunctions ()

(Filename: Assets/_Project/Scripts/Solver/Batch/SolverBatch.cs Line: 193)

[SolverBatch] Stage11 — 39%  130판 굴림
UnityEngine.Debug:ExtractStackTraceNoAlloc (byte*,int,string)
UnityEngine.StackTraceUtility:ExtractStackTrace ()
UnityEngine.DebugLogHandler:Internal_Log (UnityEngine.LogType,UnityEngine.LogOption,string,UnityEngine.Object)
UnityEngine.DebugLogHandler:LogFormat (UnityEngine.LogType,UnityEngine.Object,string,object[])
UnityEngine.Logger:Log (UnityEngine.LogType,object)
UnityEngine.Debug:Log (object)
PPS.Solver.Batch.SolverBatch:Progress () (at Assets/_Project/Scripts/Solver/Batch/SolverBatch.cs:193)
PPS.Solver.Batch.SolverBatch:Tick () (at Assets/_Project/Scripts/Solver/Batch/SolverBatch.cs:210)
UnityEditor.EditorApplication:Internal_CallUpdateFunctions ()

(Filename: Assets/_Project/Scripts/Solver/Batch/SolverBatch.cs Line: 193)

[SolverBatch] Stage11 — 40%  150판 굴림
UnityEngine.Debug:ExtractStackTraceNoAlloc (byte*,int,string)
UnityEngine.StackTraceUtility:ExtractStackTrace ()
UnityEngine.DebugLogHandler:Internal_Log (UnityEngine.LogType,UnityEngine.LogOption,string,UnityEngine.Object)
UnityEngine.DebugLogHandler:LogFormat (UnityEngine.LogType,UnityEngine.Object,string,object[])
UnityEngine.Logger:Log (UnityEngine.LogType,object)
UnityEngine.Debug:Log (object)
PPS.Solver.Batch.SolverBatch:Progress () (at Assets/_Project/Scripts/Solver/Batch/SolverBatch.cs:193)
PPS.Solver.Batch.SolverBatch:Tick () (at Assets/_Project/Scripts/Solver/Batch/SolverBatch.cs:210)
UnityEditor.EditorApplication:Internal_CallUpdateFunctions ()

(Filename: Assets/_Project/Scripts/Solver/Batch/SolverBatch.cs Line: 193)

[SolverBatch] Stage11 — 41%  174판 굴림
UnityEngine.Debug:ExtractStackTraceNoAlloc (byte*,int,string)
UnityEngine.StackTraceUtility:ExtractStackTrace ()
UnityEngine.DebugLogHandler:Internal_Log (UnityEngine.LogType,UnityEngine.LogOption,string,UnityEngine.Object)
UnityEngine.DebugLogHandler:LogFormat (UnityEngine.LogType,UnityEngine.Object,string,object[])
UnityEngine.Logger:Log (UnityEngine.LogType,object)
UnityEngine.Debug:Log (object)
PPS.Solver.Batch.SolverBatch:Progress () (at Assets/_Project/Scripts/Solver/Batch/SolverBatch.cs:193)
PPS.Solver.Batch.SolverBatch:Tick () (at Assets/_Project/Scripts/Solver/Batch/SolverBatch.cs:210)
UnityEditor.EditorApplication:Internal_CallUpdateFunctions ()

(Filename: Assets/_Project/Scripts/Solver/Batch/SolverBatch.cs Line: 193)

[SolverBatch] Stage11 — 42%  207판 굴림
UnityEngine.Debug:ExtractStackTraceNoAlloc (byte*,int,string)
UnityEngine.StackTraceUtility:ExtractStackTrace ()
UnityEngine.DebugLogHandler:Internal_Log (UnityEngine.LogType,UnityEngine.LogOption,string,UnityEngine.Object)
UnityEngine.DebugLogHandler:LogFormat (UnityEngine.LogType,UnityEngine.Object,string,object[])
UnityEngine.Logger:Log (UnityEngine.LogType,object)
UnityEngine.Debug:Log (object)
PPS.Solver.Batch.SolverBatch:Progress () (at Assets/_Project/Scripts/Solver/Batch/SolverBatch.cs:193)
PPS.Solver.Batch.SolverBatch:Tick () (at Assets/_Project/Scripts/Solver/Batch/SolverBatch.cs:210)
UnityEditor.EditorApplication:Internal_CallUpdateFunctions ()

(Filename: Assets/_Project/Scripts/Solver/Batch/SolverBatch.cs Line: 193)

[SolverBatch] Stage11 — 44%  231판 굴림
UnityEngine.Debug:ExtractStackTraceNoAlloc (byte*,int,string)
UnityEngine.StackTraceUtility:ExtractStackTrace ()
UnityEngine.DebugLogHandler:Internal_Log (UnityEngine.LogType,UnityEngine.LogOption,string,UnityEngine.Object)
UnityEngine.DebugLogHandler:LogFormat (UnityEngine.LogType,UnityEngine.Object,string,object[])
UnityEngine.Logger:Log (UnityEngine.LogType,object)
UnityEngine.Debug:Log (object)
PPS.Solver.Batch.SolverBatch:Progress () (at Assets/_Project/Scripts/Solver/Batch/SolverBatch.cs:193)
PPS.Solver.Batch.SolverBatch:Tick () (at Assets/_Project/Scripts/Solver/Batch/SolverBatch.cs:210)
UnityEditor.EditorApplication:Internal_CallUpdateFunctions ()

(Filename: Assets/_Project/Scripts/Solver/Batch/SolverBatch.cs Line: 193)

[SolverBatch] Stage11 — 44%  246판 굴림
UnityEngine.Debug:ExtractStackTraceNoAlloc (byte*,int,string)
UnityEngine.StackTraceUtility:ExtractStackTrace ()
UnityEngine.DebugLogHandler:Internal_Log (UnityEngine.LogType,UnityEngine.LogOption,string,UnityEngine.Object)
UnityEngine.DebugLogHandler:LogFormat (UnityEngine.LogType,UnityEngine.Object,string,object[])
UnityEngine.Logger:Log (UnityEngine.LogType,object)
UnityEngine.Debug:Log (object)
PPS.Solver.Batch.SolverBatch:Progress () (at Assets/_Project/Scripts/Solver/Batch/SolverBatch.cs:193)
PPS.Solver.Batch.SolverBatch:Tick () (at Assets/_Project/Scripts/Solver/Batch/SolverBatch.cs:210)
UnityEditor.EditorApplication:Internal_CallUpdateFunctions ()

(Filename: Assets/_Project/Scripts/Solver/Batch/SolverBatch.cs Line: 193)

[SolverBatch] Stage11 — 44%  258판 굴림
UnityEngine.Debug:ExtractStackTraceNoAlloc (byte*,int,string)
UnityEngine.StackTraceUtility:ExtractStackTrace ()
UnityEngine.DebugLogHandler:Internal_Log (UnityEngine.LogType,UnityEngine.LogOption,string,UnityEngine.Object)
UnityEngine.DebugLogHandler:LogFormat (UnityEngine.LogType,UnityEngine.Object,string,object[])
UnityEngine.Logger:Log (UnityEngine.LogType,object)
UnityEngine.Debug:Log (object)
PPS.Solver.Batch.SolverBatch:Progress () (at Assets/_Project/Scripts/Solver/Batch/SolverBatch.cs:193)
PPS.Solver.Batch.SolverBatch:Tick () (at Assets/_Project/Scripts/Solver/Batch/SolverBatch.cs:210)
UnityEditor.EditorApplication:Internal_CallUpdateFunctions ()

(Filename: Assets/_Project/Scripts/Solver/Batch/SolverBatch.cs Line: 193)

[SolverBatch] Stage11 — 46%  287판 굴림
UnityEngine.Debug:ExtractStackTraceNoAlloc (byte*,int,string)
UnityEngine.StackTraceUtility:ExtractStackTrace ()
UnityEngine.DebugLogHandler:Internal_Log (UnityEngine.LogType,UnityEngine.LogOption,string,UnityEngine.Object)
UnityEngine.DebugLogHandler:LogFormat (UnityEngine.LogType,UnityEngine.Object,string,object[])
UnityEngine.Logger:Log (UnityEngine.LogType,object)
UnityEngine.Debug:Log (object)
PPS.Solver.Batch.SolverBatch:Progress () (at Assets/_Project/Scripts/Solver/Batch/SolverBatch.cs:193)
PPS.Solver.Batch.SolverBatch:Tick () (at Assets/_Project/Scripts/Solver/Batch/SolverBatch.cs:210)
UnityEditor.EditorApplication:Internal_CallUpdateFunctions ()

(Filename: Assets/_Project/Scripts/Solver/Batch/SolverBatch.cs Line: 193)

[SolverBatch] Stage11 — 47%  311판 굴림
UnityEngine.Debug:ExtractStackTraceNoAlloc (byte*,int,string)
UnityEngine.StackTraceUtility:ExtractStackTrace ()
UnityEngine.DebugLogHandler:Internal_Log (UnityEngine.LogType,UnityEngine.LogOption,string,UnityEngine.Object)
UnityEngine.DebugLogHandler:LogFormat (UnityEngine.LogType,UnityEngine.Object,string,object[])
UnityEngine.Logger:Log (UnityEngine.LogType,object)
UnityEngine.Debug:Log (object)
PPS.Solver.Batch.SolverBatch:Progress () (at Assets/_Project/Scripts/Solver/Batch/SolverBatch.cs:193)
PPS.Solver.Batch.SolverBatch:Tick () (at Assets/_Project/Scripts/Solver/Batch/SolverBatch.cs:210)
UnityEditor.EditorApplication:Internal_CallUpdateFunctions ()

(Filename: Assets/_Project/Scripts/Solver/Batch/SolverBatch.cs Line: 193)

[SolverBatch] Stage11 — 48%  331판 굴림
UnityEngine.Debug:ExtractStackTraceNoAlloc (byte*,int,string)
UnityEngine.StackTraceUtility:ExtractStackTrace ()
UnityEngine.DebugLogHandler:Internal_Log (UnityEngine.LogType,UnityEngine.LogOption,string,UnityEngine.Object)
UnityEngine.DebugLogHandler:LogFormat (UnityEngine.LogType,UnityEngine.Object,string,object[])
UnityEngine.Logger:Log (UnityEngine.LogType,object)
UnityEngine.Debug:Log (object)
PPS.Solver.Batch.SolverBatch:Progress () (at Assets/_Project/Scripts/Solver/Batch/SolverBatch.cs:193)
PPS.Solver.Batch.SolverBatch:Tick () (at Assets/_Project/Scripts/Solver/Batch/SolverBatch.cs:210)
UnityEditor.EditorApplication:Internal_CallUpdateFunctions ()

(Filename: Assets/_Project/Scripts/Solver/Batch/SolverBatch.cs Line: 193)

[SolverBatch] Stage11 — 49%  349판 굴림
UnityEngine.Debug:ExtractStackTraceNoAlloc (byte*,int,string)
UnityEngine.StackTraceUtility:ExtractStackTrace ()
UnityEngine.DebugLogHandler:Internal_Log (UnityEngine.LogType,UnityEngine.LogOption,string,UnityEngine.Object)
UnityEngine.DebugLogHandler:LogFormat (UnityEngine.LogType,UnityEngine.Object,string,object[])
UnityEngine.Logger:Log (UnityEngine.LogType,object)
UnityEngine.Debug:Log (object)
PPS.Solver.Batch.SolverBatch:Progress () (at Assets/_Project/Scripts/Solver/Batch/SolverBatch.cs:193)
PPS.Solver.Batch.SolverBatch:Tick () (at Assets/_Project/Scripts/Solver/Batch/SolverBatch.cs:210)
UnityEditor.EditorApplication:Internal_CallUpdateFunctions ()

(Filename: Assets/_Project/Scripts/Solver/Batch/SolverBatch.cs Line: 193)

[SolverBatch] Stage11 — 49%  361판 굴림
UnityEngine.Debug:ExtractStackTraceNoAlloc (byte*,int,string)
UnityEngine.StackTraceUtility:ExtractStackTrace ()
UnityEngine.DebugLogHandler:Internal_Log (UnityEngine.LogType,UnityEngine.LogOption,string,UnityEngine.Object)
UnityEngine.DebugLogHandler:LogFormat (UnityEngine.LogType,UnityEngine.Object,string,object[])
UnityEngine.Logger:Log (UnityEngine.LogType,object)
UnityEngine.Debug:Log (object)
PPS.Solver.Batch.SolverBatch:Progress () (at Assets/_Project/Scripts/Solver/Batch/SolverBatch.cs:193)
PPS.Solver.Batch.SolverBatch:Tick () (at Assets/_Project/Scripts/Solver/Batch/SolverBatch.cs:210)
UnityEditor.EditorApplication:Internal_CallUpdateFunctions ()

(Filename: Assets/_Project/Scripts/Solver/Batch/SolverBatch.cs Line: 193)

[SolverBatch] Stage11 — 50%  381판 굴림
UnityEngine.Debug:ExtractStackTraceNoAlloc (byte*,int,string)
UnityEngine.StackTraceUtility:ExtractStackTrace ()
UnityEngine.DebugLogHandler:Internal_Log (UnityEngine.LogType,UnityEngine.LogOption,string,UnityEngine.Object)
UnityEngine.DebugLogHandler:LogFormat (UnityEngine.LogType,UnityEngine.Object,string,object[])
UnityEngine.Logger:Log (UnityEngine.LogType,object)
UnityEngine.Debug:Log (object)
PPS.Solver.Batch.SolverBatch:Progress () (at Assets/_Project/Scripts/Solver/Batch/SolverBatch.cs:193)
PPS.Solver.Batch.SolverBatch:Tick () (at Assets/_Project/Scripts/Solver/Batch/SolverBatch.cs:210)
UnityEditor.EditorApplication:Internal_CallUpdateFunctions ()

(Filename: Assets/_Project/Scripts/Solver/Batch/SolverBatch.cs Line: 193)

[SolverBatch] Stage11 — 51%  397판 굴림
UnityEngine.Debug:ExtractStackTraceNoAlloc (byte*,int,string)
UnityEngine.StackTraceUtility:ExtractStackTrace ()
UnityEngine.DebugLogHandler:Internal_Log (UnityEngine.LogType,UnityEngine.LogOption,string,UnityEngine.Object)
UnityEngine.DebugLogHandler:LogFormat (UnityEngine.LogType,UnityEngine.Object,string,object[])
UnityEngine.Logger:Log (UnityEngine.LogType,object)
UnityEngine.Debug:Log (object)
PPS.Solver.Batch.SolverBatch:Progress () (at Assets/_Project/Scripts/Solver/Batch/SolverBatch.cs:193)
PPS.Solver.Batch.SolverBatch:Tick () (at Assets/_Project/Scripts/Solver/Batch/SolverBatch.cs:210)
UnityEditor.EditorApplication:Internal_CallUpdateFunctions ()

(Filename: Assets/_Project/Scripts/Solver/Batch/SolverBatch.cs Line: 193)

[SolverBatch] Stage11 — 51%  413판 굴림
UnityEngine.Debug:ExtractStackTraceNoAlloc (byte*,int,string)
UnityEngine.StackTraceUtility:ExtractStackTrace ()
UnityEngine.DebugLogHandler:Internal_Log (UnityEngine.LogType,UnityEngine.LogOption,string,UnityEngine.Object)
UnityEngine.DebugLogHandler:LogFormat (UnityEngine.LogType,UnityEngine.Object,string,object[])
UnityEngine.Logger:Log (UnityEngine.LogType,object)
UnityEngine.Debug:Log (object)
PPS.Solver.Batch.SolverBatch:Progress () (at Assets/_Project/Scripts/Solver/Batch/SolverBatch.cs:193)
PPS.Solver.Batch.SolverBatch:Tick () (at Assets/_Project/Scripts/Solver/Batch/SolverBatch.cs:210)
UnityEditor.EditorApplication:Internal_CallUpdateFunctions ()

(Filename: Assets/_Project/Scripts/Solver/Batch/SolverBatch.cs Line: 193)

[SolverBatch] Stage11 — 52%  434판 굴림
UnityEngine.Debug:ExtractStackTraceNoAlloc (byte*,int,string)
UnityEngine.StackTraceUtility:ExtractStackTrace ()
UnityEngine.DebugLogHandler:Internal_Log (UnityEngine.LogType,UnityEngine.LogOption,string,UnityEngine.Object)
UnityEngine.DebugLogHandler:LogFormat (UnityEngine.LogType,UnityEngine.Object,string,object[])
UnityEngine.Logger:Log (UnityEngine.LogType,object)
UnityEngine.Debug:Log (object)
PPS.Solver.Batch.SolverBatch:Progress () (at Assets/_Project/Scripts/Solver/Batch/SolverBatch.cs:193)
PPS.Solver.Batch.SolverBatch:Tick () (at Assets/_Project/Scripts/Solver/Batch/SolverBatch.cs:210)
UnityEditor.EditorApplication:Internal_CallUpdateFunctions ()

(Filename: Assets/_Project/Scripts/Solver/Batch/SolverBatch.cs Line: 193)

[SolverBatch] Stage11 — 53%  449판 굴림
UnityEngine.Debug:ExtractStackTraceNoAlloc (byte*,int,string)
UnityEngine.StackTraceUtility:ExtractStackTrace ()
UnityEngine.DebugLogHandler:Internal_Log (UnityEngine.LogType,UnityEngine.LogOption,string,UnityEngine.Object)
UnityEngine.DebugLogHandler:LogFormat (UnityEngine.LogType,UnityEngine.Object,string,object[])
UnityEngine.Logger:Log (UnityEngine.LogType,object)
UnityEngine.Debug:Log (object)
PPS.Solver.Batch.SolverBatch:Progress () (at Assets/_Project/Scripts/Solver/Batch/SolverBatch.cs:193)
PPS.Solver.Batch.SolverBatch:Tick () (at Assets/_Project/Scripts/Solver/Batch/SolverBatch.cs:210)
UnityEditor.EditorApplication:Internal_CallUpdateFunctions ()

(Filename: Assets/_Project/Scripts/Solver/Batch/SolverBatch.cs Line: 193)

[SolverBatch] Stage11 — 54%  471판 굴림
UnityEngine.Debug:ExtractStackTraceNoAlloc (byte*,int,string)
UnityEngine.StackTraceUtility:ExtractStackTrace ()
UnityEngine.DebugLogHandler:Internal_Log (UnityEngine.LogType,UnityEngine.LogOption,string,UnityEngine.Object)
UnityEngine.DebugLogHandler:LogFormat (UnityEngine.LogType,UnityEngine.Object,string,object[])
UnityEngine.Logger:Log (UnityEngine.LogType,object)
UnityEngine.Debug:Log (object)
PPS.Solver.Batch.SolverBatch:Progress () (at Assets/_Project/Scripts/Solver/Batch/SolverBatch.cs:193)
PPS.Solver.Batch.SolverBatch:Tick () (at Assets/_Project/Scripts/Solver/Batch/SolverBatch.cs:210)
UnityEditor.EditorApplication:Internal_CallUpdateFunctions ()

(Filename: Assets/_Project/Scripts/Solver/Batch/SolverBatch.cs Line: 193)

[SolverBatch] Stage11 — 55%  490판 굴림
UnityEngine.Debug:ExtractStackTraceNoAlloc (byte*,int,string)
UnityEngine.StackTraceUtility:ExtractStackTrace ()
UnityEngine.DebugLogHandler:Internal_Log (UnityEngine.LogType,UnityEngine.LogOption,string,UnityEngine.Object)
UnityEngine.DebugLogHandler:LogFormat (UnityEngine.LogType,UnityEngine.Object,string,object[])
UnityEngine.Logger:Log (UnityEngine.LogType,object)
UnityEngine.Debug:Log (object)
PPS.Solver.Batch.SolverBatch:Progress () (at Assets/_Project/Scripts/Solver/Batch/SolverBatch.cs:193)
PPS.Solver.Batch.SolverBatch:Tick () (at Assets/_Project/Scripts/Solver/Batch/SolverBatch.cs:210)
UnityEditor.EditorApplication:Internal_CallUpdateFunctions ()

(Filename: Assets/_Project/Scripts/Solver/Batch/SolverBatch.cs Line: 193)

[SolverBatch] Stage11 — 55%  504판 굴림
UnityEngine.Debug:ExtractStackTraceNoAlloc (byte*,int,string)
UnityEngine.StackTraceUtility:ExtractStackTrace ()
UnityEngine.DebugLogHandler:Internal_Log (UnityEngine.LogType,UnityEngine.LogOption,string,UnityEngine.Object)
UnityEngine.DebugLogHandler:LogFormat (UnityEngine.LogType,UnityEngine.Object,string,object[])
UnityEngine.Logger:Log (UnityEngine.LogType,object)
UnityEngine.Debug:Log (object)
PPS.Solver.Batch.SolverBatch:Progress () (at Assets/_Project/Scripts/Solver/Batch/SolverBatch.cs:193)
PPS.Solver.Batch.SolverBatch:Tick () (at Assets/_Project/Scripts/Solver/Batch/SolverBatch.cs:210)
UnityEditor.EditorApplication:Internal_CallUpdateFunctions ()

(Filename: Assets/_Project/Scripts/Solver/Batch/SolverBatch.cs Line: 193)

[SolverBatch] Stage11 — 56%  522판 굴림
UnityEngine.Debug:ExtractStackTraceNoAlloc (byte*,int,string)
UnityEngine.StackTraceUtility:ExtractStackTrace ()
UnityEngine.DebugLogHandler:Internal_Log (UnityEngine.LogType,UnityEngine.LogOption,string,UnityEngine.Object)
UnityEngine.DebugLogHandler:LogFormat (UnityEngine.LogType,UnityEngine.Object,string,object[])
UnityEngine.Logger:Log (UnityEngine.LogType,object)
UnityEngine.Debug:Log (object)
PPS.Solver.Batch.SolverBatch:Progress () (at Assets/_Project/Scripts/Solver/Batch/SolverBatch.cs:193)
PPS.Solver.Batch.SolverBatch:Tick () (at Assets/_Project/Scripts/Solver/Batch/SolverBatch.cs:210)
UnityEditor.EditorApplication:Internal_CallUpdateFunctions ()

(Filename: Assets/_Project/Scripts/Solver/Batch/SolverBatch.cs Line: 193)

[SolverBatch] Stage11 — 57%  536판 굴림
UnityEngine.Debug:ExtractStackTraceNoAlloc (byte*,int,string)
UnityEngine.StackTraceUtility:ExtractStackTrace ()
UnityEngine.DebugLogHandler:Internal_Log (UnityEngine.LogType,UnityEngine.LogOption,string,UnityEngine.Object)
UnityEngine.DebugLogHandler:LogFormat (UnityEngine.LogType,UnityEngine.Object,string,object[])
UnityEngine.Logger:Log (UnityEngine.LogType,object)
UnityEngine.Debug:Log (object)
PPS.Solver.Batch.SolverBatch:Progress () (at Assets/_Project/Scripts/Solver/Batch/SolverBatch.cs:193)
PPS.Solver.Batch.SolverBatch:Tick () (at Assets/_Project/Scripts/Solver/Batch/SolverBatch.cs:210)
UnityEditor.EditorApplication:Internal_CallUpdateFunctions ()

(Filename: Assets/_Project/Scripts/Solver/Batch/SolverBatch.cs Line: 193)

[SolverBatch] Stage11 — 57%  557판 굴림
UnityEngine.Debug:ExtractStackTraceNoAlloc (byte*,int,string)
UnityEngine.StackTraceUtility:ExtractStackTrace ()
UnityEngine.DebugLogHandler:Internal_Log (UnityEngine.LogType,UnityEngine.LogOption,string,UnityEngine.Object)
UnityEngine.DebugLogHandler:LogFormat (UnityEngine.LogType,UnityEngine.Object,string,object[])
UnityEngine.Logger:Log (UnityEngine.LogType,object)
UnityEngine.Debug:Log (object)
PPS.Solver.Batch.SolverBatch:Progress () (at Assets/_Project/Scripts/Solver/Batch/SolverBatch.cs:193)
PPS.Solver.Batch.SolverBatch:Tick () (at Assets/_Project/Scripts/Solver/Batch/SolverBatch.cs:210)
UnityEditor.EditorApplication:Internal_CallUpdateFunctions ()

(Filename: Assets/_Project/Scripts/Solver/Batch/SolverBatch.cs Line: 193)

[SolverBatch] Stage11 — 58%  568판 굴림
UnityEngine.Debug:ExtractStackTraceNoAlloc (byte*,int,string)
UnityEngine.StackTraceUtility:ExtractStackTrace ()
UnityEngine.DebugLogHandler:Internal_Log (UnityEngine.LogType,UnityEngine.LogOption,string,UnityEngine.Object)
UnityEngine.DebugLogHandler:LogFormat (UnityEngine.LogType,UnityEngine.Object,string,object[])
UnityEngine.Logger:Log (UnityEngine.LogType,object)
UnityEngine.Debug:Log (object)
PPS.Solver.Batch.SolverBatch:Progress () (at Assets/_Project/Scripts/Solver/Batch/SolverBatch.cs:193)
PPS.Solver.Batch.SolverBatch:Tick () (at Assets/_Project/Scripts/Solver/Batch/SolverBatch.cs:210)
UnityEditor.EditorApplication:Internal_CallUpdateFunctions ()

(Filename: Assets/_Project/Scripts/Solver/Batch/SolverBatch.cs Line: 193)

[SolverBatch] Stage11 — 58%  579판 굴림
UnityEngine.Debug:ExtractStackTraceNoAlloc (byte*,int,string)
UnityEngine.StackTraceUtility:ExtractStackTrace ()
UnityEngine.DebugLogHandler:Internal_Log (UnityEngine.LogType,UnityEngine.LogOption,string,UnityEngine.Object)
UnityEngine.DebugLogHandler:LogFormat (UnityEngine.LogType,UnityEngine.Object,string,object[])
UnityEngine.Logger:Log (UnityEngine.LogType,object)
UnityEngine.Debug:Log (object)
PPS.Solver.Batch.SolverBatch:Progress () (at Assets/_Project/Scripts/Solver/Batch/SolverBatch.cs:193)
PPS.Solver.Batch.SolverBatch:Tick () (at Assets/_Project/Scripts/Solver/Batch/SolverBatch.cs:210)
UnityEditor.EditorApplication:Internal_CallUpdateFunctions ()

(Filename: Assets/_Project/Scripts/Solver/Batch/SolverBatch.cs Line: 193)

[SolverBatch] Stage11 — 59%  595판 굴림
UnityEngine.Debug:ExtractStackTraceNoAlloc (byte*,int,string)
UnityEngine.StackTraceUtility:ExtractStackTrace ()
UnityEngine.DebugLogHandler:Internal_Log (UnityEngine.LogType,UnityEngine.LogOption,string,UnityEngine.Object)
UnityEngine.DebugLogHandler:LogFormat (UnityEngine.LogType,UnityEngine.Object,string,object[])
UnityEngine.Logger:Log (UnityEngine.LogType,object)
UnityEngine.Debug:Log (object)
PPS.Solver.Batch.SolverBatch:Progress () (at Assets/_Project/Scripts/Solver/Batch/SolverBatch.cs:193)
PPS.Solver.Batch.SolverBatch:Tick () (at Assets/_Project/Scripts/Solver/Batch/SolverBatch.cs:210)
UnityEditor.EditorApplication:Internal_CallUpdateFunctions ()

(Filename: Assets/_Project/Scripts/Solver/Batch/SolverBatch.cs Line: 193)

[SolverBatch] Stage11 — 59%  607판 굴림
UnityEngine.Debug:ExtractStackTraceNoAlloc (byte*,int,string)
UnityEngine.StackTraceUtility:ExtractStackTrace ()
UnityEngine.DebugLogHandler:Internal_Log (UnityEngine.LogType,UnityEngine.LogOption,string,UnityEngine.Object)
UnityEngine.DebugLogHandler:LogFormat (UnityEngine.LogType,UnityEngine.Object,string,object[])
UnityEngine.Logger:Log (UnityEngine.LogType,object)
UnityEngine.Debug:Log (object)
PPS.Solver.Batch.SolverBatch:Progress () (at Assets/_Project/Scripts/Solver/Batch/SolverBatch.cs:193)
PPS.Solver.Batch.SolverBatch:Tick () (at Assets/_Project/Scripts/Solver/Batch/SolverBatch.cs:210)
UnityEditor.EditorApplication:Internal_CallUpdateFunctions ()

(Filename: Assets/_Project/Scripts/Solver/Batch/SolverBatch.cs Line: 193)

[SolverBatch] Stage11 — 60%  621판 굴림
UnityEngine.Debug:ExtractStackTraceNoAlloc (byte*,int,string)
UnityEngine.StackTraceUtility:ExtractStackTrace ()
UnityEngine.DebugLogHandler:Internal_Log (UnityEngine.LogType,UnityEngine.LogOption,string,UnityEngine.Object)
UnityEngine.DebugLogHandler:LogFormat (UnityEngine.LogType,UnityEngine.Object,string,object[])
UnityEngine.Logger:Log (UnityEngine.LogType,object)
UnityEngine.Debug:Log (object)
PPS.Solver.Batch.SolverBatch:Progress () (at Assets/_Project/Scripts/Solver/Batch/SolverBatch.cs:193)
PPS.Solver.Batch.SolverBatch:Tick () (at Assets/_Project/Scripts/Solver/Batch/SolverBatch.cs:210)
UnityEditor.EditorApplication:Internal_CallUpdateFunctions ()

(Filename: Assets/_Project/Scripts/Solver/Batch/SolverBatch.cs Line: 193)

[SolverBatch] Stage11 — 60%  631판 굴림
UnityEngine.Debug:ExtractStackTraceNoAlloc (byte*,int,string)
UnityEngine.StackTraceUtility:ExtractStackTrace ()
UnityEngine.DebugLogHandler:Internal_Log (UnityEngine.LogType,UnityEngine.LogOption,string,UnityEngine.Object)
UnityEngine.DebugLogHandler:LogFormat (UnityEngine.LogType,UnityEngine.Object,string,object[])
UnityEngine.Logger:Log (UnityEngine.LogType,object)
UnityEngine.Debug:Log (object)
PPS.Solver.Batch.SolverBatch:Progress () (at Assets/_Project/Scripts/Solver/Batch/SolverBatch.cs:193)
PPS.Solver.Batch.SolverBatch:Tick () (at Assets/_Project/Scripts/Solver/Batch/SolverBatch.cs:210)
UnityEditor.EditorApplication:Internal_CallUpdateFunctions ()

(Filename: Assets/_Project/Scripts/Solver/Batch/SolverBatch.cs Line: 193)

[SolverBatch] Stage11 — 60%  642판 굴림
UnityEngine.Debug:ExtractStackTraceNoAlloc (byte*,int,string)
UnityEngine.StackTraceUtility:ExtractStackTrace ()
UnityEngine.DebugLogHandler:Internal_Log (UnityEngine.LogType,UnityEngine.LogOption,string,UnityEngine.Object)
UnityEngine.DebugLogHandler:LogFormat (UnityEngine.LogType,UnityEngine.Object,string,object[])
UnityEngine.Logger:Log (UnityEngine.LogType,object)
UnityEngine.Debug:Log (object)
PPS.Solver.Batch.SolverBatch:Progress () (at Assets/_Project/Scripts/Solver/Batch/SolverBatch.cs:193)
PPS.Solver.Batch.SolverBatch:Tick () (at Assets/_Project/Scripts/Solver/Batch/SolverBatch.cs:210)
UnityEditor.EditorApplication:Internal_CallUpdateFunctions ()

(Filename: Assets/_Project/Scripts/Solver/Batch/SolverBatch.cs Line: 193)

[SolverBatch] Stage11 — 61%  661판 굴림
UnityEngine.Debug:ExtractStackTraceNoAlloc (byte*,int,string)
UnityEngine.StackTraceUtility:ExtractStackTrace ()
UnityEngine.DebugLogHandler:Internal_Log (UnityEngine.LogType,UnityEngine.LogOption,string,UnityEngine.Object)
UnityEngine.DebugLogHandler:LogFormat (UnityEngine.LogType,UnityEngine.Object,string,object[])
UnityEngine.Logger:Log (UnityEngine.LogType,object)
UnityEngine.Debug:Log (object)
PPS.Solver.Batch.SolverBatch:Progress () (at Assets/_Project/Scripts/Solver/Batch/SolverBatch.cs:193)
PPS.Solver.Batch.SolverBatch:Tick () (at Assets/_Project/Scripts/Solver/Batch/SolverBatch.cs:210)
UnityEditor.EditorApplication:Internal_CallUpdateFunctions ()

(Filename: Assets/_Project/Scripts/Solver/Batch/SolverBatch.cs Line: 193)

[SolverBatch] Stage11 — 61%  669판 굴림
UnityEngine.Debug:ExtractStackTraceNoAlloc (byte*,int,string)
UnityEngine.StackTraceUtility:ExtractStackTrace ()
UnityEngine.DebugLogHandler:Internal_Log (UnityEngine.LogType,UnityEngine.LogOption,string,UnityEngine.Object)
UnityEngine.DebugLogHandler:LogFormat (UnityEngine.LogType,UnityEngine.Object,string,object[])
UnityEngine.Logger:Log (UnityEngine.LogType,object)
UnityEngine.Debug:Log (object)
PPS.Solver.Batch.SolverBatch:Progress () (at Assets/_Project/Scripts/Solver/Batch/SolverBatch.cs:193)
PPS.Solver.Batch.SolverBatch:Tick () (at Assets/_Project/Scripts/Solver/Batch/SolverBatch.cs:210)
UnityEditor.EditorApplication:Internal_CallUpdateFunctions ()

(Filename: Assets/_Project/Scripts/Solver/Batch/SolverBatch.cs Line: 193)

[SolverBatch] Stage11 — 62%  681판 굴림
UnityEngine.Debug:ExtractStackTraceNoAlloc (byte*,int,string)
UnityEngine.StackTraceUtility:ExtractStackTrace ()
UnityEngine.DebugLogHandler:Internal_Log (UnityEngine.LogType,UnityEngine.LogOption,string,UnityEngine.Object)
UnityEngine.DebugLogHandler:LogFormat (UnityEngine.LogType,UnityEngine.Object,string,object[])
UnityEngine.Logger:Log (UnityEngine.LogType,object)
UnityEngine.Debug:Log (object)
PPS.Solver.Batch.SolverBatch:Progress () (at Assets/_Project/Scripts/Solver/Batch/SolverBatch.cs:193)
PPS.Solver.Batch.SolverBatch:Tick () (at Assets/_Project/Scripts/Solver/Batch/SolverBatch.cs:210)
UnityEditor.EditorApplication:Internal_CallUpdateFunctions ()

(Filename: Assets/_Project/Scripts/Solver/Batch/SolverBatch.cs Line: 193)

[SolverBatch] Stage11 — 62%  696판 굴림
UnityEngine.Debug:ExtractStackTraceNoAlloc (byte*,int,string)
UnityEngine.StackTraceUtility:ExtractStackTrace ()
UnityEngine.DebugLogHandler:Internal_Log (UnityEngine.LogType,UnityEngine.LogOption,string,UnityEngine.Object)
UnityEngine.DebugLogHandler:LogFormat (UnityEngine.LogType,UnityEngine.Object,string,object[])
UnityEngine.Logger:Log (UnityEngine.LogType,object)
UnityEngine.Debug:Log (object)
PPS.Solver.Batch.SolverBatch:Progress () (at Assets/_Project/Scripts/Solver/Batch/SolverBatch.cs:193)
PPS.Solver.Batch.SolverBatch:Tick () (at Assets/_Project/Scripts/Solver/Batch/SolverBatch.cs:210)
UnityEditor.EditorApplication:Internal_CallUpdateFunctions ()

(Filename: Assets/_Project/Scripts/Solver/Batch/SolverBatch.cs Line: 193)

[SolverBatch] Stage11 — 63%  714판 굴림
UnityEngine.Debug:ExtractStackTraceNoAlloc (byte*,int,string)
UnityEngine.StackTraceUtility:ExtractStackTrace ()
UnityEngine.DebugLogHandler:Internal_Log (UnityEngine.LogType,UnityEngine.LogOption,string,UnityEngine.Object)
UnityEngine.DebugLogHandler:LogFormat (UnityEngine.LogType,UnityEngine.Object,string,object[])
UnityEngine.Logger:Log (UnityEngine.LogType,object)
UnityEngine.Debug:Log (object)
PPS.Solver.Batch.SolverBatch:Progress () (at Assets/_Project/Scripts/Solver/Batch/SolverBatch.cs:193)
PPS.Solver.Batch.SolverBatch:Tick () (at Assets/_Project/Scripts/Solver/Batch/SolverBatch.cs:210)
UnityEditor.EditorApplication:Internal_CallUpdateFunctions ()

(Filename: Assets/_Project/Scripts/Solver/Batch/SolverBatch.cs Line: 193)

[SolverBatch] Stage11 — 64%  730판 굴림
UnityEngine.Debug:ExtractStackTraceNoAlloc (byte*,int,string)
UnityEngine.StackTraceUtility:ExtractStackTrace ()
UnityEngine.DebugLogHandler:Internal_Log (UnityEngine.LogType,UnityEngine.LogOption,string,UnityEngine.Object)
UnityEngine.DebugLogHandler:LogFormat (UnityEngine.LogType,UnityEngine.Object,string,object[])
UnityEngine.Logger:Log (UnityEngine.LogType,object)
UnityEngine.Debug:Log (object)
PPS.Solver.Batch.SolverBatch:Progress () (at Assets/_Project/Scripts/Solver/Batch/SolverBatch.cs:193)
PPS.Solver.Batch.SolverBatch:Tick () (at Assets/_Project/Scripts/Solver/Batch/SolverBatch.cs:210)
UnityEditor.EditorApplication:Internal_CallUpdateFunctions ()

(Filename: Assets/_Project/Scripts/Solver/Batch/SolverBatch.cs Line: 193)

[SolverBatch] Stage11 — 64%  741판 굴림
UnityEngine.Debug:ExtractStackTraceNoAlloc (byte*,int,string)
UnityEngine.StackTraceUtility:ExtractStackTrace ()
UnityEngine.DebugLogHandler:Internal_Log (UnityEngine.LogType,UnityEngine.LogOption,string,UnityEngine.Object)
UnityEngine.DebugLogHandler:LogFormat (UnityEngine.LogType,UnityEngine.Object,string,object[])
UnityEngine.Logger:Log (UnityEngine.LogType,object)
UnityEngine.Debug:Log (object)
PPS.Solver.Batch.SolverBatch:Progress () (at Assets/_Project/Scripts/Solver/Batch/SolverBatch.cs:193)
PPS.Solver.Batch.SolverBatch:Tick () (at Assets/_Project/Scripts/Solver/Batch/SolverBatch.cs:210)
UnityEditor.EditorApplication:Internal_CallUpdateFunctions ()

(Filename: Assets/_Project/Scripts/Solver/Batch/SolverBatch.cs Line: 193)

[SolverBatch] Stage11 — 65%  756판 굴림
UnityEngine.Debug:ExtractStackTraceNoAlloc (byte*,int,string)
UnityEngine.StackTraceUtility:ExtractStackTrace ()
UnityEngine.DebugLogHandler:Internal_Log (UnityEngine.LogType,UnityEngine.LogOption,string,UnityEngine.Object)
UnityEngine.DebugLogHandler:LogFormat (UnityEngine.LogType,UnityEngine.Object,string,object[])
UnityEngine.Logger:Log (UnityEngine.LogType,object)
UnityEngine.Debug:Log (object)
PPS.Solver.Batch.SolverBatch:Progress () (at Assets/_Project/Scripts/Solver/Batch/SolverBatch.cs:193)
PPS.Solver.Batch.SolverBatch:Tick () (at Assets/_Project/Scripts/Solver/Batch/SolverBatch.cs:210)
UnityEditor.EditorApplication:Internal_CallUpdateFunctions ()

(Filename: Assets/_Project/Scripts/Solver/Batch/SolverBatch.cs Line: 193)

[SolverBatch] Stage11 — 65%  769판 굴림
UnityEngine.Debug:ExtractStackTraceNoAlloc (byte*,int,string)
UnityEngine.StackTraceUtility:ExtractStackTrace ()
UnityEngine.DebugLogHandler:Internal_Log (UnityEngine.LogType,UnityEngine.LogOption,string,UnityEngine.Object)
UnityEngine.DebugLogHandler:LogFormat (UnityEngine.LogType,UnityEngine.Object,string,object[])
UnityEngine.Logger:Log (UnityEngine.LogType,object)
UnityEngine.Debug:Log (object)
PPS.Solver.Batch.SolverBatch:Progress () (at Assets/_Project/Scripts/Solver/Batch/SolverBatch.cs:193)
PPS.Solver.Batch.SolverBatch:Tick () (at Assets/_Project/Scripts/Solver/Batch/SolverBatch.cs:210)
UnityEditor.EditorApplication:Internal_CallUpdateFunctions ()

(Filename: Assets/_Project/Scripts/Solver/Batch/SolverBatch.cs Line: 193)

[SolverBatch] Stage11 — 66%  784판 굴림
UnityEngine.Debug:ExtractStackTraceNoAlloc (byte*,int,string)
UnityEngine.StackTraceUtility:ExtractStackTrace ()
UnityEngine.DebugLogHandler:Internal_Log (UnityEngine.LogType,UnityEngine.LogOption,string,UnityEngine.Object)
UnityEngine.DebugLogHandler:LogFormat (UnityEngine.LogType,UnityEngine.Object,string,object[])
UnityEngine.Logger:Log (UnityEngine.LogType,object)
UnityEngine.Debug:Log (object)
PPS.Solver.Batch.SolverBatch:Progress () (at Assets/_Project/Scripts/Solver/Batch/SolverBatch.cs:193)
PPS.Solver.Batch.SolverBatch:Tick () (at Assets/_Project/Scripts/Solver/Batch/SolverBatch.cs:210)
UnityEditor.EditorApplication:Internal_CallUpdateFunctions ()

(Filename: Assets/_Project/Scripts/Solver/Batch/SolverBatch.cs Line: 193)

[SolverBatch] Stage11 — 66%  797판 굴림
UnityEngine.Debug:ExtractStackTraceNoAlloc (byte*,int,string)
UnityEngine.StackTraceUtility:ExtractStackTrace ()
UnityEngine.DebugLogHandler:Internal_Log (UnityEngine.LogType,UnityEngine.LogOption,string,UnityEngine.Object)
UnityEngine.DebugLogHandler:LogFormat (UnityEngine.LogType,UnityEngine.Object,string,object[])
UnityEngine.Logger:Log (UnityEngine.LogType,object)
UnityEngine.Debug:Log (object)
PPS.Solver.Batch.SolverBatch:Progress () (at Assets/_Project/Scripts/Solver/Batch/SolverBatch.cs:193)
PPS.Solver.Batch.SolverBatch:Tick () (at Assets/_Project/Scripts/Solver/Batch/SolverBatch.cs:210)
UnityEditor.EditorApplication:Internal_CallUpdateFunctions ()

(Filename: Assets/_Project/Scripts/Solver/Batch/SolverBatch.cs Line: 193)

[SolverBatch] Stage11 — 67%  809판 굴림
UnityEngine.Debug:ExtractStackTraceNoAlloc (byte*,int,string)
UnityEngine.StackTraceUtility:ExtractStackTrace ()
UnityEngine.DebugLogHandler:Internal_Log (UnityEngine.LogType,UnityEngine.LogOption,string,UnityEngine.Object)
UnityEngine.DebugLogHandler:LogFormat (UnityEngine.LogType,UnityEngine.Object,string,object[])
UnityEngine.Logger:Log (UnityEngine.LogType,object)
UnityEngine.Debug:Log (object)
PPS.Solver.Batch.SolverBatch:Progress () (at Assets/_Project/Scripts/Solver/Batch/SolverBatch.cs:193)
PPS.Solver.Batch.SolverBatch:Tick () (at Assets/_Project/Scripts/Solver/Batch/SolverBatch.cs:210)
UnityEditor.EditorApplication:Internal_CallUpdateFunctions ()

(Filename: Assets/_Project/Scripts/Solver/Batch/SolverBatch.cs Line: 193)

[SolverBatch] Stage11 — 71%  816판 굴림
UnityEngine.Debug:ExtractStackTraceNoAlloc (byte*,int,string)
UnityEngine.StackTraceUtility:ExtractStackTrace ()
UnityEngine.DebugLogHandler:Internal_Log (UnityEngine.LogType,UnityEngine.LogOption,string,UnityEngine.Object)
UnityEngine.DebugLogHandler:LogFormat (UnityEngine.LogType,UnityEngine.Object,string,object[])
UnityEngine.Logger:Log (UnityEngine.LogType,object)
UnityEngine.Debug:Log (object)
PPS.Solver.Batch.SolverBatch:Progress () (at Assets/_Project/Scripts/Solver/Batch/SolverBatch.cs:193)
PPS.Solver.Batch.SolverBatch:Tick () (at Assets/_Project/Scripts/Solver/Batch/SolverBatch.cs:210)
UnityEditor.EditorApplication:Internal_CallUpdateFunctions ()

(Filename: Assets/_Project/Scripts/Solver/Batch/SolverBatch.cs Line: 193)

[SolverBatch] Stage11 — 75%  824판 굴림
UnityEngine.Debug:ExtractStackTraceNoAlloc (byte*,int,string)
UnityEngine.StackTraceUtility:ExtractStackTrace ()
UnityEngine.DebugLogHandler:Internal_Log (UnityEngine.LogType,UnityEngine.LogOption,string,UnityEngine.Object)
UnityEngine.DebugLogHandler:LogFormat (UnityEngine.LogType,UnityEngine.Object,string,object[])
UnityEngine.Logger:Log (UnityEngine.LogType,object)
UnityEngine.Debug:Log (object)
PPS.Solver.Batch.SolverBatch:Progress () (at Assets/_Project/Scripts/Solver/Batch/SolverBatch.cs:193)
PPS.Solver.Batch.SolverBatch:Tick () (at Assets/_Project/Scripts/Solver/Batch/SolverBatch.cs:210)
UnityEditor.EditorApplication:Internal_CallUpdateFunctions ()

(Filename: Assets/_Project/Scripts/Solver/Batch/SolverBatch.cs Line: 193)

[SolverBatch] Stage11 — 79%  835판 굴림
UnityEngine.Debug:ExtractStackTraceNoAlloc (byte*,int,string)
UnityEngine.StackTraceUtility:ExtractStackTrace ()
UnityEngine.DebugLogHandler:Internal_Log (UnityEngine.LogType,UnityEngine.LogOption,string,UnityEngine.Object)
UnityEngine.DebugLogHandler:LogFormat (UnityEngine.LogType,UnityEngine.Object,string,object[])
UnityEngine.Logger:Log (UnityEngine.LogType,object)
UnityEngine.Debug:Log (object)
PPS.Solver.Batch.SolverBatch:Progress () (at Assets/_Project/Scripts/Solver/Batch/SolverBatch.cs:193)
PPS.Solver.Batch.SolverBatch:Tick () (at Assets/_Project/Scripts/Solver/Batch/SolverBatch.cs:210)
UnityEditor.EditorApplication:Internal_CallUpdateFunctions ()

(Filename: Assets/_Project/Scripts/Solver/Batch/SolverBatch.cs Line: 193)

[SolverBatch] Stage11 — 83%  841판 굴림
UnityEngine.Debug:ExtractStackTraceNoAlloc (byte*,int,string)
UnityEngine.StackTraceUtility:ExtractStackTrace ()
UnityEngine.DebugLogHandler:Internal_Log (UnityEngine.LogType,UnityEngine.LogOption,string,UnityEngine.Object)
UnityEngine.DebugLogHandler:LogFormat (UnityEngine.LogType,UnityEngine.Object,string,object[])
UnityEngine.Logger:Log (UnityEngine.LogType,object)
UnityEngine.Debug:Log (object)
PPS.Solver.Batch.SolverBatch:Progress () (at Assets/_Project/Scripts/Solver/Batch/SolverBatch.cs:193)
PPS.Solver.Batch.SolverBatch:Tick () (at Assets/_Project/Scripts/Solver/Batch/SolverBatch.cs:210)
UnityEditor.EditorApplication:Internal_CallUpdateFunctions ()

(Filename: Assets/_Project/Scripts/Solver/Batch/SolverBatch.cs Line: 193)

[SolverBatch] Stage11 — 88%  843판 굴림
UnityEngine.Debug:ExtractStackTraceNoAlloc (byte*,int,string)
UnityEngine.StackTraceUtility:ExtractStackTrace ()
UnityEngine.DebugLogHandler:Internal_Log (UnityEngine.LogType,UnityEngine.LogOption,string,UnityEngine.Object)
UnityEngine.DebugLogHandler:LogFormat (UnityEngine.LogType,UnityEngine.Object,string,object[])
UnityEngine.Logger:Log (UnityEngine.LogType,object)
UnityEngine.Debug:Log (object)
PPS.Solver.Batch.SolverBatch:Progress () (at Assets/_Project/Scripts/Solver/Batch/SolverBatch.cs:193)
PPS.Solver.Batch.SolverBatch:Tick () (at Assets/_Project/Scripts/Solver/Batch/SolverBatch.cs:210)
UnityEditor.EditorApplication:Internal_CallUpdateFunctions ()

(Filename: Assets/_Project/Scripts/Solver/Batch/SolverBatch.cs Line: 193)

[SolverBatch] Stage11 — 92%  850판 굴림
UnityEngine.Debug:ExtractStackTraceNoAlloc (byte*,int,string)
UnityEngine.StackTraceUtility:ExtractStackTrace ()
UnityEngine.DebugLogHandler:Internal_Log (UnityEngine.LogType,UnityEngine.LogOption,string,UnityEngine.Object)
UnityEngine.DebugLogHandler:LogFormat (UnityEngine.LogType,UnityEngine.Object,string,object[])
UnityEngine.Logger:Log (UnityEngine.LogType,object)
UnityEngine.Debug:Log (object)
PPS.Solver.Batch.SolverBatch:Progress () (at Assets/_Project/Scripts/Solver/Batch/SolverBatch.cs:193)
PPS.Solver.Batch.SolverBatch:Tick () (at Assets/_Project/Scripts/Solver/Batch/SolverBatch.cs:210)
UnityEditor.EditorApplication:Internal_CallUpdateFunctions ()

(Filename: Assets/_Project/Scripts/Solver/Batch/SolverBatch.cs Line: 193)

[SolverBatch] Stage11 — 96%  855판 굴림
UnityEngine.Debug:ExtractStackTraceNoAlloc (byte*,int,string)
UnityEngine.StackTraceUtility:ExtractStackTrace ()
UnityEngine.DebugLogHandler:Internal_Log (UnityEngine.LogType,UnityEngine.LogOption,string,UnityEngine.Object)
UnityEngine.DebugLogHandler:LogFormat (UnityEngine.LogType,UnityEngine.Object,string,object[])
UnityEngine.Logger:Log (UnityEngine.LogType,object)
UnityEngine.Debug:Log (object)
PPS.Solver.Batch.SolverBatch:Progress () (at Assets/_Project/Scripts/Solver/Batch/SolverBatch.cs:193)
PPS.Solver.Batch.SolverBatch:Tick () (at Assets/_Project/Scripts/Solver/Batch/SolverBatch.cs:210)
UnityEditor.EditorApplication:Internal_CallUpdateFunctions ()

(Filename: Assets/_Project/Scripts/Solver/Batch/SolverBatch.cs Line: 193)

[SolverBatch] Stage11 — 99%  863판 굴림
UnityEngine.Debug:ExtractStackTraceNoAlloc (byte*,int,string)
UnityEngine.StackTraceUtility:ExtractStackTrace ()
UnityEngine.DebugLogHandler:Internal_Log (UnityEngine.LogType,UnityEngine.LogOption,string,UnityEngine.Object)
UnityEngine.DebugLogHandler:LogFormat (UnityEngine.LogType,UnityEngine.Object,string,object[])
UnityEngine.Logger:Log (UnityEngine.LogType,object)
UnityEngine.Debug:Log (object)
PPS.Solver.Batch.SolverBatch:Progress () (at Assets/_Project/Scripts/Solver/Batch/SolverBatch.cs:193)
PPS.Solver.Batch.SolverBatch:Tick () (at Assets/_Project/Scripts/Solver/Batch/SolverBatch.cs:210)
UnityEditor.EditorApplication:Internal_CallUpdateFunctions ()

(Filename: Assets/_Project/Scripts/Solver/Batch/SolverBatch.cs Line: 193)

[SolverBatch] [13/22] Stage11 — Corridor 로 풀림 (870회 시도) (128.7초)
UnityEngine.Debug:ExtractStackTraceNoAlloc (byte*,int,string)
UnityEngine.StackTraceUtility:ExtractStackTrace ()
UnityEngine.DebugLogHandler:Internal_Log (UnityEngine.LogType,UnityEngine.LogOption,string,UnityEngine.Object)
UnityEngine.DebugLogHandler:LogFormat (UnityEngine.LogType,UnityEngine.Object,string,object[])
UnityEngine.Logger:Log (UnityEngine.LogType,object)
UnityEngine.Debug:Log (object)
PPS.Solver.Batch.SolverBatch:FinishStage () (at Assets/_Project/Scripts/Solver/Batch/SolverBatch.cs:273)
PPS.Solver.Batch.SolverBatch:Tick () (at Assets/_Project/Scripts/Solver/Batch/SolverBatch.cs:214)
UnityEditor.EditorApplication:Internal_CallUpdateFunctions ()

(Filename: Assets/_Project/Scripts/Solver/Batch/SolverBatch.cs Line: 273)

[SolverBatch] Stage12 — 33%  59판 굴림
UnityEngine.Debug:ExtractStackTraceNoAlloc (byte*,int,string)
UnityEngine.StackTraceUtility:ExtractStackTrace ()
UnityEngine.DebugLogHandler:Internal_Log (UnityEngine.LogType,UnityEngine.LogOption,string,UnityEngine.Object)
UnityEngine.DebugLogHandler:LogFormat (UnityEngine.LogType,UnityEngine.Object,string,object[])
UnityEngine.Logger:Log (UnityEngine.LogType,object)
UnityEngine.Debug:Log (object)
PPS.Solver.Batch.SolverBatch:Progress () (at Assets/_Project/Scripts/Solver/Batch/SolverBatch.cs:193)
PPS.Solver.Batch.SolverBatch:Tick () (at Assets/_Project/Scripts/Solver/Batch/SolverBatch.cs:210)
UnityEditor.EditorApplication:Internal_CallUpdateFunctions ()

(Filename: Assets/_Project/Scripts/Solver/Batch/SolverBatch.cs Line: 193)

[SolverBatch] Stage12 — 34%  148판 굴림
UnityEngine.Debug:ExtractStackTraceNoAlloc (byte*,int,string)
UnityEngine.StackTraceUtility:ExtractStackTrace ()
UnityEngine.DebugLogHandler:Internal_Log (UnityEngine.LogType,UnityEngine.LogOption,string,UnityEngine.Object)
UnityEngine.DebugLogHandler:LogFormat (UnityEngine.LogType,UnityEngine.Object,string,object[])
UnityEngine.Logger:Log (UnityEngine.LogType,object)
UnityEngine.Debug:Log (object)
PPS.Solver.Batch.SolverBatch:Progress () (at Assets/_Project/Scripts/Solver/Batch/SolverBatch.cs:193)
PPS.Solver.Batch.SolverBatch:Tick () (at Assets/_Project/Scripts/Solver/Batch/SolverBatch.cs:210)
UnityEditor.EditorApplication:Internal_CallUpdateFunctions ()

(Filename: Assets/_Project/Scripts/Solver/Batch/SolverBatch.cs Line: 193)

[SolverBatch] Stage12 — 34%  210판 굴림
UnityEngine.Debug:ExtractStackTraceNoAlloc (byte*,int,string)
UnityEngine.StackTraceUtility:ExtractStackTrace ()
UnityEngine.DebugLogHandler:Internal_Log (UnityEngine.LogType,UnityEngine.LogOption,string,UnityEngine.Object)
UnityEngine.DebugLogHandler:LogFormat (UnityEngine.LogType,UnityEngine.Object,string,object[])
UnityEngine.Logger:Log (UnityEngine.LogType,object)
UnityEngine.Debug:Log (object)
PPS.Solver.Batch.SolverBatch:Progress () (at Assets/_Project/Scripts/Solver/Batch/SolverBatch.cs:193)
PPS.Solver.Batch.SolverBatch:Tick () (at Assets/_Project/Scripts/Solver/Batch/SolverBatch.cs:210)
UnityEditor.EditorApplication:Internal_CallUpdateFunctions ()

(Filename: Assets/_Project/Scripts/Solver/Batch/SolverBatch.cs Line: 193)

[SolverBatch] Stage12 — 35%  267판 굴림
UnityEngine.Debug:ExtractStackTraceNoAlloc (byte*,int,string)
UnityEngine.StackTraceUtility:ExtractStackTrace ()
UnityEngine.DebugLogHandler:Internal_Log (UnityEngine.LogType,UnityEngine.LogOption,string,UnityEngine.Object)
UnityEngine.DebugLogHandler:LogFormat (UnityEngine.LogType,UnityEngine.Object,string,object[])
UnityEngine.Logger:Log (UnityEngine.LogType,object)
UnityEngine.Debug:Log (object)
PPS.Solver.Batch.SolverBatch:Progress () (at Assets/_Project/Scripts/Solver/Batch/SolverBatch.cs:193)
PPS.Solver.Batch.SolverBatch:Tick () (at Assets/_Project/Scripts/Solver/Batch/SolverBatch.cs:210)
UnityEditor.EditorApplication:Internal_CallUpdateFunctions ()

(Filename: Assets/_Project/Scripts/Solver/Batch/SolverBatch.cs Line: 193)

[SolverBatch] Stage12 — 35%  325판 굴림
UnityEngine.Debug:ExtractStackTraceNoAlloc (byte*,int,string)
UnityEngine.StackTraceUtility:ExtractStackTrace ()
UnityEngine.DebugLogHandler:Internal_Log (UnityEngine.LogType,UnityEngine.LogOption,string,UnityEngine.Object)
UnityEngine.DebugLogHandler:LogFormat (UnityEngine.LogType,UnityEngine.Object,string,object[])
UnityEngine.Logger:Log (UnityEngine.LogType,object)
UnityEngine.Debug:Log (object)
PPS.Solver.Batch.SolverBatch:Progress () (at Assets/_Project/Scripts/Solver/Batch/SolverBatch.cs:193)
PPS.Solver.Batch.SolverBatch:Tick () (at Assets/_Project/Scripts/Solver/Batch/SolverBatch.cs:210)
UnityEditor.EditorApplication:Internal_CallUpdateFunctions ()

(Filename: Assets/_Project/Scripts/Solver/Batch/SolverBatch.cs Line: 193)

[SolverBatch] Stage12 — 35%  413판 굴림
UnityEngine.Debug:ExtractStackTraceNoAlloc (byte*,int,string)
UnityEngine.StackTraceUtility:ExtractStackTrace ()
UnityEngine.DebugLogHandler:Internal_Log (UnityEngine.LogType,UnityEngine.LogOption,string,UnityEngine.Object)
UnityEngine.DebugLogHandler:LogFormat (UnityEngine.LogType,UnityEngine.Object,string,object[])
UnityEngine.Logger:Log (UnityEngine.LogType,object)
UnityEngine.Debug:Log (object)
PPS.Solver.Batch.SolverBatch:Progress () (at Assets/_Project/Scripts/Solver/Batch/SolverBatch.cs:193)
PPS.Solver.Batch.SolverBatch:Tick () (at Assets/_Project/Scripts/Solver/Batch/SolverBatch.cs:210)
UnityEditor.EditorApplication:Internal_CallUpdateFunctions ()

(Filename: Assets/_Project/Scripts/Solver/Batch/SolverBatch.cs Line: 193)

[SolverBatch] Stage12 — 36%  479판 굴림
UnityEngine.Debug:ExtractStackTraceNoAlloc (byte*,int,string)
UnityEngine.StackTraceUtility:ExtractStackTrace ()
UnityEngine.DebugLogHandler:Internal_Log (UnityEngine.LogType,UnityEngine.LogOption,string,UnityEngine.Object)
UnityEngine.DebugLogHandler:LogFormat (UnityEngine.LogType,UnityEngine.Object,string,object[])
UnityEngine.Logger:Log (UnityEngine.LogType,object)
UnityEngine.Debug:Log (object)
PPS.Solver.Batch.SolverBatch:Progress () (at Assets/_Project/Scripts/Solver/Batch/SolverBatch.cs:193)
PPS.Solver.Batch.SolverBatch:Tick () (at Assets/_Project/Scripts/Solver/Batch/SolverBatch.cs:210)
UnityEditor.EditorApplication:Internal_CallUpdateFunctions ()

(Filename: Assets/_Project/Scripts/Solver/Batch/SolverBatch.cs Line: 193)

[SolverBatch] Stage12 — 38%  557판 굴림
UnityEngine.Debug:ExtractStackTraceNoAlloc (byte*,int,string)
UnityEngine.StackTraceUtility:ExtractStackTrace ()
UnityEngine.DebugLogHandler:Internal_Log (UnityEngine.LogType,UnityEngine.LogOption,string,UnityEngine.Object)
UnityEngine.DebugLogHandler:LogFormat (UnityEngine.LogType,UnityEngine.Object,string,object[])
UnityEngine.Logger:Log (UnityEngine.LogType,object)
UnityEngine.Debug:Log (object)
PPS.Solver.Batch.SolverBatch:Progress () (at Assets/_Project/Scripts/Solver/Batch/SolverBatch.cs:193)
PPS.Solver.Batch.SolverBatch:Tick () (at Assets/_Project/Scripts/Solver/Batch/SolverBatch.cs:210)
UnityEditor.EditorApplication:Internal_CallUpdateFunctions ()

(Filename: Assets/_Project/Scripts/Solver/Batch/SolverBatch.cs Line: 193)

[SolverBatch] Stage12 — 38%  621판 굴림
UnityEngine.Debug:ExtractStackTraceNoAlloc (byte*,int,string)
UnityEngine.StackTraceUtility:ExtractStackTrace ()
UnityEngine.DebugLogHandler:Internal_Log (UnityEngine.LogType,UnityEngine.LogOption,string,UnityEngine.Object)
UnityEngine.DebugLogHandler:LogFormat (UnityEngine.LogType,UnityEngine.Object,string,object[])
UnityEngine.Logger:Log (UnityEngine.LogType,object)
UnityEngine.Debug:Log (object)
PPS.Solver.Batch.SolverBatch:Progress () (at Assets/_Project/Scripts/Solver/Batch/SolverBatch.cs:193)
PPS.Solver.Batch.SolverBatch:Tick () (at Assets/_Project/Scripts/Solver/Batch/SolverBatch.cs:210)
UnityEditor.EditorApplication:Internal_CallUpdateFunctions ()

(Filename: Assets/_Project/Scripts/Solver/Batch/SolverBatch.cs Line: 193)

[SolverBatch] Stage12 — 41%  710판 굴림
UnityEngine.Debug:ExtractStackTraceNoAlloc (byte*,int,string)
UnityEngine.StackTraceUtility:ExtractStackTrace ()
UnityEngine.DebugLogHandler:Internal_Log (UnityEngine.LogType,UnityEngine.LogOption,string,UnityEngine.Object)
UnityEngine.DebugLogHandler:LogFormat (UnityEngine.LogType,UnityEngine.Object,string,object[])
UnityEngine.Logger:Log (UnityEngine.LogType,object)
UnityEngine.Debug:Log (object)
PPS.Solver.Batch.SolverBatch:Progress () (at Assets/_Project/Scripts/Solver/Batch/SolverBatch.cs:193)
PPS.Solver.Batch.SolverBatch:Tick () (at Assets/_Project/Scripts/Solver/Batch/SolverBatch.cs:210)
UnityEditor.EditorApplication:Internal_CallUpdateFunctions ()

(Filename: Assets/_Project/Scripts/Solver/Batch/SolverBatch.cs Line: 193)

[SolverBatch] Stage12 — 41%  774판 굴림
UnityEngine.Debug:ExtractStackTraceNoAlloc (byte*,int,string)
UnityEngine.StackTraceUtility:ExtractStackTrace ()
UnityEngine.DebugLogHandler:Internal_Log (UnityEngine.LogType,UnityEngine.LogOption,string,UnityEngine.Object)
UnityEngine.DebugLogHandler:LogFormat (UnityEngine.LogType,UnityEngine.Object,string,object[])
UnityEngine.Logger:Log (UnityEngine.LogType,object)
UnityEngine.Debug:Log (object)
PPS.Solver.Batch.SolverBatch:Progress () (at Assets/_Project/Scripts/Solver/Batch/SolverBatch.cs:193)
PPS.Solver.Batch.SolverBatch:Tick () (at Assets/_Project/Scripts/Solver/Batch/SolverBatch.cs:210)
UnityEditor.EditorApplication:Internal_CallUpdateFunctions ()

(Filename: Assets/_Project/Scripts/Solver/Batch/SolverBatch.cs Line: 193)

[SolverBatch] Stage12 — 41%  808판 굴림
UnityEngine.Debug:ExtractStackTraceNoAlloc (byte*,int,string)
UnityEngine.StackTraceUtility:ExtractStackTrace ()
UnityEngine.DebugLogHandler:Internal_Log (UnityEngine.LogType,UnityEngine.LogOption,string,UnityEngine.Object)
UnityEngine.DebugLogHandler:LogFormat (UnityEngine.LogType,UnityEngine.Object,string,object[])
UnityEngine.Logger:Log (UnityEngine.LogType,object)
UnityEngine.Debug:Log (object)
PPS.Solver.Batch.SolverBatch:Progress () (at Assets/_Project/Scripts/Solver/Batch/SolverBatch.cs:193)
PPS.Solver.Batch.SolverBatch:Tick () (at Assets/_Project/Scripts/Solver/Batch/SolverBatch.cs:210)
UnityEditor.EditorApplication:Internal_CallUpdateFunctions ()

(Filename: Assets/_Project/Scripts/Solver/Batch/SolverBatch.cs Line: 193)

[SolverBatch] Stage12 — 43%  871판 굴림
UnityEngine.Debug:ExtractStackTraceNoAlloc (byte*,int,string)
UnityEngine.StackTraceUtility:ExtractStackTrace ()
UnityEngine.DebugLogHandler:Internal_Log (UnityEngine.LogType,UnityEngine.LogOption,string,UnityEngine.Object)
UnityEngine.DebugLogHandler:LogFormat (UnityEngine.LogType,UnityEngine.Object,string,object[])
UnityEngine.Logger:Log (UnityEngine.LogType,object)
UnityEngine.Debug:Log (object)
PPS.Solver.Batch.SolverBatch:Progress () (at Assets/_Project/Scripts/Solver/Batch/SolverBatch.cs:193)
PPS.Solver.Batch.SolverBatch:Tick () (at Assets/_Project/Scripts/Solver/Batch/SolverBatch.cs:210)
UnityEditor.EditorApplication:Internal_CallUpdateFunctions ()

(Filename: Assets/_Project/Scripts/Solver/Batch/SolverBatch.cs Line: 193)

[SolverBatch] Stage12 — 43%  936판 굴림
UnityEngine.Debug:ExtractStackTraceNoAlloc (byte*,int,string)
UnityEngine.StackTraceUtility:ExtractStackTrace ()
UnityEngine.DebugLogHandler:Internal_Log (UnityEngine.LogType,UnityEngine.LogOption,string,UnityEngine.Object)
UnityEngine.DebugLogHandler:LogFormat (UnityEngine.LogType,UnityEngine.Object,string,object[])
UnityEngine.Logger:Log (UnityEngine.LogType,object)
UnityEngine.Debug:Log (object)
PPS.Solver.Batch.SolverBatch:Progress () (at Assets/_Project/Scripts/Solver/Batch/SolverBatch.cs:193)
PPS.Solver.Batch.SolverBatch:Tick () (at Assets/_Project/Scripts/Solver/Batch/SolverBatch.cs:210)
UnityEditor.EditorApplication:Internal_CallUpdateFunctions ()

(Filename: Assets/_Project/Scripts/Solver/Batch/SolverBatch.cs Line: 193)

[SolverBatch] Stage12 — 44%  1016판 굴림
UnityEngine.Debug:ExtractStackTraceNoAlloc (byte*,int,string)
UnityEngine.StackTraceUtility:ExtractStackTrace ()
UnityEngine.DebugLogHandler:Internal_Log (UnityEngine.LogType,UnityEngine.LogOption,string,UnityEngine.Object)
UnityEngine.DebugLogHandler:LogFormat (UnityEngine.LogType,UnityEngine.Object,string,object[])
UnityEngine.Logger:Log (UnityEngine.LogType,object)
UnityEngine.Debug:Log (object)
PPS.Solver.Batch.SolverBatch:Progress () (at Assets/_Project/Scripts/Solver/Batch/SolverBatch.cs:193)
PPS.Solver.Batch.SolverBatch:Tick () (at Assets/_Project/Scripts/Solver/Batch/SolverBatch.cs:210)
UnityEditor.EditorApplication:Internal_CallUpdateFunctions ()

(Filename: Assets/_Project/Scripts/Solver/Batch/SolverBatch.cs Line: 193)

[SolverBatch] Stage12 — 44%  1056판 굴림
UnityEngine.Debug:ExtractStackTraceNoAlloc (byte*,int,string)
UnityEngine.StackTraceUtility:ExtractStackTrace ()
UnityEngine.DebugLogHandler:Internal_Log (UnityEngine.LogType,UnityEngine.LogOption,string,UnityEngine.Object)
UnityEngine.DebugLogHandler:LogFormat (UnityEngine.LogType,UnityEngine.Object,string,object[])
UnityEngine.Logger:Log (UnityEngine.LogType,object)
UnityEngine.Debug:Log (object)
PPS.Solver.Batch.SolverBatch:Progress () (at Assets/_Project/Scripts/Solver/Batch/SolverBatch.cs:193)
PPS.Solver.Batch.SolverBatch:Tick () (at Assets/_Project/Scripts/Solver/Batch/SolverBatch.cs:210)
UnityEditor.EditorApplication:Internal_CallUpdateFunctions ()

(Filename: Assets/_Project/Scripts/Solver/Batch/SolverBatch.cs Line: 193)

[SolverBatch] Stage12 — 46%  1127판 굴림
UnityEngine.Debug:ExtractStackTraceNoAlloc (byte*,int,string)
UnityEngine.StackTraceUtility:ExtractStackTrace ()
UnityEngine.DebugLogHandler:Internal_Log (UnityEngine.LogType,UnityEngine.LogOption,string,UnityEngine.Object)
UnityEngine.DebugLogHandler:LogFormat (UnityEngine.LogType,UnityEngine.Object,string,object[])
UnityEngine.Logger:Log (UnityEngine.LogType,object)
UnityEngine.Debug:Log (object)
PPS.Solver.Batch.SolverBatch:Progress () (at Assets/_Project/Scripts/Solver/Batch/SolverBatch.cs:193)
PPS.Solver.Batch.SolverBatch:Tick () (at Assets/_Project/Scripts/Solver/Batch/SolverBatch.cs:210)
UnityEditor.EditorApplication:Internal_CallUpdateFunctions ()

(Filename: Assets/_Project/Scripts/Solver/Batch/SolverBatch.cs Line: 193)

[SolverBatch] Stage12 — 46%  1184판 굴림
UnityEngine.Debug:ExtractStackTraceNoAlloc (byte*,int,string)
UnityEngine.StackTraceUtility:ExtractStackTrace ()
UnityEngine.DebugLogHandler:Internal_Log (UnityEngine.LogType,UnityEngine.LogOption,string,UnityEngine.Object)
UnityEngine.DebugLogHandler:LogFormat (UnityEngine.LogType,UnityEngine.Object,string,object[])
UnityEngine.Logger:Log (UnityEngine.LogType,object)
UnityEngine.Debug:Log (object)
PPS.Solver.Batch.SolverBatch:Progress () (at Assets/_Project/Scripts/Solver/Batch/SolverBatch.cs:193)
PPS.Solver.Batch.SolverBatch:Tick () (at Assets/_Project/Scripts/Solver/Batch/SolverBatch.cs:210)
UnityEditor.EditorApplication:Internal_CallUpdateFunctions ()

(Filename: Assets/_Project/Scripts/Solver/Batch/SolverBatch.cs Line: 193)

[SolverBatch] Stage12 — 47%  1248판 굴림
UnityEngine.Debug:ExtractStackTraceNoAlloc (byte*,int,string)
UnityEngine.StackTraceUtility:ExtractStackTrace ()
UnityEngine.DebugLogHandler:Internal_Log (UnityEngine.LogType,UnityEngine.LogOption,string,UnityEngine.Object)
UnityEngine.DebugLogHandler:LogFormat (UnityEngine.LogType,UnityEngine.Object,string,object[])
UnityEngine.Logger:Log (UnityEngine.LogType,object)
UnityEngine.Debug:Log (object)
PPS.Solver.Batch.SolverBatch:Progress () (at Assets/_Project/Scripts/Solver/Batch/SolverBatch.cs:193)
PPS.Solver.Batch.SolverBatch:Tick () (at Assets/_Project/Scripts/Solver/Batch/SolverBatch.cs:210)
UnityEditor.EditorApplication:Internal_CallUpdateFunctions ()

(Filename: Assets/_Project/Scripts/Solver/Batch/SolverBatch.cs Line: 193)

[SolverBatch] Stage12 — 47%  1302판 굴림
UnityEngine.Debug:ExtractStackTraceNoAlloc (byte*,int,string)
UnityEngine.StackTraceUtility:ExtractStackTrace ()
UnityEngine.DebugLogHandler:Internal_Log (UnityEngine.LogType,UnityEngine.LogOption,string,UnityEngine.Object)
UnityEngine.DebugLogHandler:LogFormat (UnityEngine.LogType,UnityEngine.Object,string,object[])
UnityEngine.Logger:Log (UnityEngine.LogType,object)
UnityEngine.Debug:Log (object)
PPS.Solver.Batch.SolverBatch:Progress () (at Assets/_Project/Scripts/Solver/Batch/SolverBatch.cs:193)
PPS.Solver.Batch.SolverBatch:Tick () (at Assets/_Project/Scripts/Solver/Batch/SolverBatch.cs:210)
UnityEditor.EditorApplication:Internal_CallUpdateFunctions ()

(Filename: Assets/_Project/Scripts/Solver/Batch/SolverBatch.cs Line: 193)

[SolverBatch] Stage12 — 48%  1366판 굴림
UnityEngine.Debug:ExtractStackTraceNoAlloc (byte*,int,string)
UnityEngine.StackTraceUtility:ExtractStackTrace ()
UnityEngine.DebugLogHandler:Internal_Log (UnityEngine.LogType,UnityEngine.LogOption,string,UnityEngine.Object)
UnityEngine.DebugLogHandler:LogFormat (UnityEngine.LogType,UnityEngine.Object,string,object[])
UnityEngine.Logger:Log (UnityEngine.LogType,object)
UnityEngine.Debug:Log (object)
PPS.Solver.Batch.SolverBatch:Progress () (at Assets/_Project/Scripts/Solver/Batch/SolverBatch.cs:193)
PPS.Solver.Batch.SolverBatch:Tick () (at Assets/_Project/Scripts/Solver/Batch/SolverBatch.cs:210)
UnityEditor.EditorApplication:Internal_CallUpdateFunctions ()

(Filename: Assets/_Project/Scripts/Solver/Batch/SolverBatch.cs Line: 193)

[SolverBatch] Stage12 — 48%  1432판 굴림
UnityEngine.Debug:ExtractStackTraceNoAlloc (byte*,int,string)
UnityEngine.StackTraceUtility:ExtractStackTrace ()
UnityEngine.DebugLogHandler:Internal_Log (UnityEngine.LogType,UnityEngine.LogOption,string,UnityEngine.Object)
UnityEngine.DebugLogHandler:LogFormat (UnityEngine.LogType,UnityEngine.Object,string,object[])
UnityEngine.Logger:Log (UnityEngine.LogType,object)
UnityEngine.Debug:Log (object)
PPS.Solver.Batch.SolverBatch:Progress () (at Assets/_Project/Scripts/Solver/Batch/SolverBatch.cs:193)
PPS.Solver.Batch.SolverBatch:Tick () (at Assets/_Project/Scripts/Solver/Batch/SolverBatch.cs:210)
UnityEditor.EditorApplication:Internal_CallUpdateFunctions ()

(Filename: Assets/_Project/Scripts/Solver/Batch/SolverBatch.cs Line: 193)

[SolverBatch] Stage12 — 49%  1498판 굴림
UnityEngine.Debug:ExtractStackTraceNoAlloc (byte*,int,string)
UnityEngine.StackTraceUtility:ExtractStackTrace ()
UnityEngine.DebugLogHandler:Internal_Log (UnityEngine.LogType,UnityEngine.LogOption,string,UnityEngine.Object)
UnityEngine.DebugLogHandler:LogFormat (UnityEngine.LogType,UnityEngine.Object,string,object[])
UnityEngine.Logger:Log (UnityEngine.LogType,object)
UnityEngine.Debug:Log (object)
PPS.Solver.Batch.SolverBatch:Progress () (at Assets/_Project/Scripts/Solver/Batch/SolverBatch.cs:193)
PPS.Solver.Batch.SolverBatch:Tick () (at Assets/_Project/Scripts/Solver/Batch/SolverBatch.cs:210)
UnityEditor.EditorApplication:Internal_CallUpdateFunctions ()

(Filename: Assets/_Project/Scripts/Solver/Batch/SolverBatch.cs Line: 193)

[SolverBatch] Stage12 — 49%  1567판 굴림
UnityEngine.Debug:ExtractStackTraceNoAlloc (byte*,int,string)
UnityEngine.StackTraceUtility:ExtractStackTrace ()
UnityEngine.DebugLogHandler:Internal_Log (UnityEngine.LogType,UnityEngine.LogOption,string,UnityEngine.Object)
UnityEngine.DebugLogHandler:LogFormat (UnityEngine.LogType,UnityEngine.Object,string,object[])
UnityEngine.Logger:Log (UnityEngine.LogType,object)
UnityEngine.Debug:Log (object)
PPS.Solver.Batch.SolverBatch:Progress () (at Assets/_Project/Scripts/Solver/Batch/SolverBatch.cs:193)
PPS.Solver.Batch.SolverBatch:Tick () (at Assets/_Project/Scripts/Solver/Batch/SolverBatch.cs:210)
UnityEditor.EditorApplication:Internal_CallUpdateFunctions ()

(Filename: Assets/_Project/Scripts/Solver/Batch/SolverBatch.cs Line: 193)

[SolverBatch] Stage12 — 49%  1624판 굴림
UnityEngine.Debug:ExtractStackTraceNoAlloc (byte*,int,string)
UnityEngine.StackTraceUtility:ExtractStackTrace ()
UnityEngine.DebugLogHandler:Internal_Log (UnityEngine.LogType,UnityEngine.LogOption,string,UnityEngine.Object)
UnityEngine.DebugLogHandler:LogFormat (UnityEngine.LogType,UnityEngine.Object,string,object[])
UnityEngine.Logger:Log (UnityEngine.LogType,object)
UnityEngine.Debug:Log (object)
PPS.Solver.Batch.SolverBatch:Progress () (at Assets/_Project/Scripts/Solver/Batch/SolverBatch.cs:193)
PPS.Solver.Batch.SolverBatch:Tick () (at Assets/_Project/Scripts/Solver/Batch/SolverBatch.cs:210)
UnityEditor.EditorApplication:Internal_CallUpdateFunctions ()

(Filename: Assets/_Project/Scripts/Solver/Batch/SolverBatch.cs Line: 193)

[SolverBatch] Stage12 — 50%  1681판 굴림
UnityEngine.Debug:ExtractStackTraceNoAlloc (byte*,int,string)
UnityEngine.StackTraceUtility:ExtractStackTrace ()
UnityEngine.DebugLogHandler:Internal_Log (UnityEngine.LogType,UnityEngine.LogOption,string,UnityEngine.Object)
UnityEngine.DebugLogHandler:LogFormat (UnityEngine.LogType,UnityEngine.Object,string,object[])
UnityEngine.Logger:Log (UnityEngine.LogType,object)
UnityEngine.Debug:Log (object)
PPS.Solver.Batch.SolverBatch:Progress () (at Assets/_Project/Scripts/Solver/Batch/SolverBatch.cs:193)
PPS.Solver.Batch.SolverBatch:Tick () (at Assets/_Project/Scripts/Solver/Batch/SolverBatch.cs:210)
UnityEditor.EditorApplication:Internal_CallUpdateFunctions ()

(Filename: Assets/_Project/Scripts/Solver/Batch/SolverBatch.cs Line: 193)

[SolverBatch] Stage12 — 50%  1731판 굴림
UnityEngine.Debug:ExtractStackTraceNoAlloc (byte*,int,string)
UnityEngine.StackTraceUtility:ExtractStackTrace ()
UnityEngine.DebugLogHandler:Internal_Log (UnityEngine.LogType,UnityEngine.LogOption,string,UnityEngine.Object)
UnityEngine.DebugLogHandler:LogFormat (UnityEngine.LogType,UnityEngine.Object,string,object[])
UnityEngine.Logger:Log (UnityEngine.LogType,object)
UnityEngine.Debug:Log (object)
PPS.Solver.Batch.SolverBatch:Progress () (at Assets/_Project/Scripts/Solver/Batch/SolverBatch.cs:193)
PPS.Solver.Batch.SolverBatch:Tick () (at Assets/_Project/Scripts/Solver/Batch/SolverBatch.cs:210)
UnityEditor.EditorApplication:Internal_CallUpdateFunctions ()

(Filename: Assets/_Project/Scripts/Solver/Batch/SolverBatch.cs Line: 193)

[SolverBatch] Stage12 — 50%  1787판 굴림
UnityEngine.Debug:ExtractStackTraceNoAlloc (byte*,int,string)
UnityEngine.StackTraceUtility:ExtractStackTrace ()
UnityEngine.DebugLogHandler:Internal_Log (UnityEngine.LogType,UnityEngine.LogOption,string,UnityEngine.Object)
UnityEngine.DebugLogHandler:LogFormat (UnityEngine.LogType,UnityEngine.Object,string,object[])
UnityEngine.Logger:Log (UnityEngine.LogType,object)
UnityEngine.Debug:Log (object)
PPS.Solver.Batch.SolverBatch:Progress () (at Assets/_Project/Scripts/Solver/Batch/SolverBatch.cs:193)
PPS.Solver.Batch.SolverBatch:Tick () (at Assets/_Project/Scripts/Solver/Batch/SolverBatch.cs:210)
UnityEditor.EditorApplication:Internal_CallUpdateFunctions ()

(Filename: Assets/_Project/Scripts/Solver/Batch/SolverBatch.cs Line: 193)

[SolverBatch] Stage12 — 50%  1804판 굴림
UnityEngine.Debug:ExtractStackTraceNoAlloc (byte*,int,string)
UnityEngine.StackTraceUtility:ExtractStackTrace ()
UnityEngine.DebugLogHandler:Internal_Log (UnityEngine.LogType,UnityEngine.LogOption,string,UnityEngine.Object)
UnityEngine.DebugLogHandler:LogFormat (UnityEngine.LogType,UnityEngine.Object,string,object[])
UnityEngine.Logger:Log (UnityEngine.LogType,object)
UnityEngine.Debug:Log (object)
PPS.Solver.Batch.SolverBatch:Progress () (at Assets/_Project/Scripts/Solver/Batch/SolverBatch.cs:193)
PPS.Solver.Batch.SolverBatch:Tick () (at Assets/_Project/Scripts/Solver/Batch/SolverBatch.cs:210)
UnityEditor.EditorApplication:Internal_CallUpdateFunctions ()

(Filename: Assets/_Project/Scripts/Solver/Batch/SolverBatch.cs Line: 193)

[SolverBatch] Stage12 — 50%  1851판 굴림
UnityEngine.Debug:ExtractStackTraceNoAlloc (byte*,int,string)
UnityEngine.StackTraceUtility:ExtractStackTrace ()
UnityEngine.DebugLogHandler:Internal_Log (UnityEngine.LogType,UnityEngine.LogOption,string,UnityEngine.Object)
UnityEngine.DebugLogHandler:LogFormat (UnityEngine.LogType,UnityEngine.Object,string,object[])
UnityEngine.Logger:Log (UnityEngine.LogType,object)
UnityEngine.Debug:Log (object)
PPS.Solver.Batch.SolverBatch:Progress () (at Assets/_Project/Scripts/Solver/Batch/SolverBatch.cs:193)
PPS.Solver.Batch.SolverBatch:Tick () (at Assets/_Project/Scripts/Solver/Batch/SolverBatch.cs:210)
UnityEditor.EditorApplication:Internal_CallUpdateFunctions ()

(Filename: Assets/_Project/Scripts/Solver/Batch/SolverBatch.cs Line: 193)

[SolverBatch] Stage12 — 51%  1898판 굴림
UnityEngine.Debug:ExtractStackTraceNoAlloc (byte*,int,string)
UnityEngine.StackTraceUtility:ExtractStackTrace ()
UnityEngine.DebugLogHandler:Internal_Log (UnityEngine.LogType,UnityEngine.LogOption,string,UnityEngine.Object)
UnityEngine.DebugLogHandler:LogFormat (UnityEngine.LogType,UnityEngine.Object,string,object[])
UnityEngine.Logger:Log (UnityEngine.LogType,object)
UnityEngine.Debug:Log (object)
PPS.Solver.Batch.SolverBatch:Progress () (at Assets/_Project/Scripts/Solver/Batch/SolverBatch.cs:193)
PPS.Solver.Batch.SolverBatch:Tick () (at Assets/_Project/Scripts/Solver/Batch/SolverBatch.cs:210)
UnityEditor.EditorApplication:Internal_CallUpdateFunctions ()

(Filename: Assets/_Project/Scripts/Solver/Batch/SolverBatch.cs Line: 193)

[SolverBatch] Stage12 — 52%  1942판 굴림
UnityEngine.Debug:ExtractStackTraceNoAlloc (byte*,int,string)
UnityEngine.StackTraceUtility:ExtractStackTrace ()
UnityEngine.DebugLogHandler:Internal_Log (UnityEngine.LogType,UnityEngine.LogOption,string,UnityEngine.Object)
UnityEngine.DebugLogHandler:LogFormat (UnityEngine.LogType,UnityEngine.Object,string,object[])
UnityEngine.Logger:Log (UnityEngine.LogType,object)
UnityEngine.Debug:Log (object)
PPS.Solver.Batch.SolverBatch:Progress () (at Assets/_Project/Scripts/Solver/Batch/SolverBatch.cs:193)
PPS.Solver.Batch.SolverBatch:Tick () (at Assets/_Project/Scripts/Solver/Batch/SolverBatch.cs:210)
UnityEditor.EditorApplication:Internal_CallUpdateFunctions ()

(Filename: Assets/_Project/Scripts/Solver/Batch/SolverBatch.cs Line: 193)

[SolverBatch] Stage12 — 52%  2003판 굴림
UnityEngine.Debug:ExtractStackTraceNoAlloc (byte*,int,string)
UnityEngine.StackTraceUtility:ExtractStackTrace ()
UnityEngine.DebugLogHandler:Internal_Log (UnityEngine.LogType,UnityEngine.LogOption,string,UnityEngine.Object)
UnityEngine.DebugLogHandler:LogFormat (UnityEngine.LogType,UnityEngine.Object,string,object[])
UnityEngine.Logger:Log (UnityEngine.LogType,object)
UnityEngine.Debug:Log (object)
PPS.Solver.Batch.SolverBatch:Progress () (at Assets/_Project/Scripts/Solver/Batch/SolverBatch.cs:193)
PPS.Solver.Batch.SolverBatch:Tick () (at Assets/_Project/Scripts/Solver/Batch/SolverBatch.cs:210)
UnityEditor.EditorApplication:Internal_CallUpdateFunctions ()

(Filename: Assets/_Project/Scripts/Solver/Batch/SolverBatch.cs Line: 193)

[SolverBatch] Stage12 — 68%  2032판 굴림
UnityEngine.Debug:ExtractStackTraceNoAlloc (byte*,int,string)
UnityEngine.StackTraceUtility:ExtractStackTrace ()
UnityEngine.DebugLogHandler:Internal_Log (UnityEngine.LogType,UnityEngine.LogOption,string,UnityEngine.Object)
UnityEngine.DebugLogHandler:LogFormat (UnityEngine.LogType,UnityEngine.Object,string,object[])
UnityEngine.Logger:Log (UnityEngine.LogType,object)
UnityEngine.Debug:Log (object)
PPS.Solver.Batch.SolverBatch:Progress () (at Assets/_Project/Scripts/Solver/Batch/SolverBatch.cs:193)
PPS.Solver.Batch.SolverBatch:Tick () (at Assets/_Project/Scripts/Solver/Batch/SolverBatch.cs:210)
UnityEditor.EditorApplication:Internal_CallUpdateFunctions ()

(Filename: Assets/_Project/Scripts/Solver/Batch/SolverBatch.cs Line: 193)

[SolverBatch] Stage12 — 72%  2052판 굴림
UnityEngine.Debug:ExtractStackTraceNoAlloc (byte*,int,string)
UnityEngine.StackTraceUtility:ExtractStackTrace ()
UnityEngine.DebugLogHandler:Internal_Log (UnityEngine.LogType,UnityEngine.LogOption,string,UnityEngine.Object)
UnityEngine.DebugLogHandler:LogFormat (UnityEngine.LogType,UnityEngine.Object,string,object[])
UnityEngine.Logger:Log (UnityEngine.LogType,object)
UnityEngine.Debug:Log (object)
PPS.Solver.Batch.SolverBatch:Progress () (at Assets/_Project/Scripts/Solver/Batch/SolverBatch.cs:193)
PPS.Solver.Batch.SolverBatch:Tick () (at Assets/_Project/Scripts/Solver/Batch/SolverBatch.cs:210)
UnityEditor.EditorApplication:Internal_CallUpdateFunctions ()

(Filename: Assets/_Project/Scripts/Solver/Batch/SolverBatch.cs Line: 193)

[SolverBatch] Stage12 — 76%  2062판 굴림
UnityEngine.Debug:ExtractStackTraceNoAlloc (byte*,int,string)
UnityEngine.StackTraceUtility:ExtractStackTrace ()
UnityEngine.DebugLogHandler:Internal_Log (UnityEngine.LogType,UnityEngine.LogOption,string,UnityEngine.Object)
UnityEngine.DebugLogHandler:LogFormat (UnityEngine.LogType,UnityEngine.Object,string,object[])
UnityEngine.Logger:Log (UnityEngine.LogType,object)
UnityEngine.Debug:Log (object)
PPS.Solver.Batch.SolverBatch:Progress () (at Assets/_Project/Scripts/Solver/Batch/SolverBatch.cs:193)
PPS.Solver.Batch.SolverBatch:Tick () (at Assets/_Project/Scripts/Solver/Batch/SolverBatch.cs:210)
UnityEditor.EditorApplication:Internal_CallUpdateFunctions ()

(Filename: Assets/_Project/Scripts/Solver/Batch/SolverBatch.cs Line: 193)

[SolverBatch] Stage12 — 79%  2132판 굴림
UnityEngine.Debug:ExtractStackTraceNoAlloc (byte*,int,string)
UnityEngine.StackTraceUtility:ExtractStackTrace ()
UnityEngine.DebugLogHandler:Internal_Log (UnityEngine.LogType,UnityEngine.LogOption,string,UnityEngine.Object)
UnityEngine.DebugLogHandler:LogFormat (UnityEngine.LogType,UnityEngine.Object,string,object[])
UnityEngine.Logger:Log (UnityEngine.LogType,object)
UnityEngine.Debug:Log (object)
PPS.Solver.Batch.SolverBatch:Progress () (at Assets/_Project/Scripts/Solver/Batch/SolverBatch.cs:193)
PPS.Solver.Batch.SolverBatch:Tick () (at Assets/_Project/Scripts/Solver/Batch/SolverBatch.cs:210)
UnityEditor.EditorApplication:Internal_CallUpdateFunctions ()

(Filename: Assets/_Project/Scripts/Solver/Batch/SolverBatch.cs Line: 193)

[SolverBatch] Stage12 — 82%  2165판 굴림
UnityEngine.Debug:ExtractStackTraceNoAlloc (byte*,int,string)
UnityEngine.StackTraceUtility:ExtractStackTrace ()
UnityEngine.DebugLogHandler:Internal_Log (UnityEngine.LogType,UnityEngine.LogOption,string,UnityEngine.Object)
UnityEngine.DebugLogHandler:LogFormat (UnityEngine.LogType,UnityEngine.Object,string,object[])
UnityEngine.Logger:Log (UnityEngine.LogType,object)
UnityEngine.Debug:Log (object)
PPS.Solver.Batch.SolverBatch:Progress () (at Assets/_Project/Scripts/Solver/Batch/SolverBatch.cs:193)
PPS.Solver.Batch.SolverBatch:Tick () (at Assets/_Project/Scripts/Solver/Batch/SolverBatch.cs:210)
UnityEditor.EditorApplication:Internal_CallUpdateFunctions ()

(Filename: Assets/_Project/Scripts/Solver/Batch/SolverBatch.cs Line: 193)

[SolverBatch] Stage12 — 85%  2205판 굴림
UnityEngine.Debug:ExtractStackTraceNoAlloc (byte*,int,string)
UnityEngine.StackTraceUtility:ExtractStackTrace ()
UnityEngine.DebugLogHandler:Internal_Log (UnityEngine.LogType,UnityEngine.LogOption,string,UnityEngine.Object)
UnityEngine.DebugLogHandler:LogFormat (UnityEngine.LogType,UnityEngine.Object,string,object[])
UnityEngine.Logger:Log (UnityEngine.LogType,object)
UnityEngine.Debug:Log (object)
PPS.Solver.Batch.SolverBatch:Progress () (at Assets/_Project/Scripts/Solver/Batch/SolverBatch.cs:193)
PPS.Solver.Batch.SolverBatch:Tick () (at Assets/_Project/Scripts/Solver/Batch/SolverBatch.cs:210)
UnityEditor.EditorApplication:Internal_CallUpdateFunctions ()

(Filename: Assets/_Project/Scripts/Solver/Batch/SolverBatch.cs Line: 193)

[SolverBatch] Stage12 — 88%  2251판 굴림
UnityEngine.Debug:ExtractStackTraceNoAlloc (byte*,int,string)
UnityEngine.StackTraceUtility:ExtractStackTrace ()
UnityEngine.DebugLogHandler:Internal_Log (UnityEngine.LogType,UnityEngine.LogOption,string,UnityEngine.Object)
UnityEngine.DebugLogHandler:LogFormat (UnityEngine.LogType,UnityEngine.Object,string,object[])
UnityEngine.Logger:Log (UnityEngine.LogType,object)
UnityEngine.Debug:Log (object)
PPS.Solver.Batch.SolverBatch:Progress () (at Assets/_Project/Scripts/Solver/Batch/SolverBatch.cs:193)
PPS.Solver.Batch.SolverBatch:Tick () (at Assets/_Project/Scripts/Solver/Batch/SolverBatch.cs:210)
UnityEditor.EditorApplication:Internal_CallUpdateFunctions ()

(Filename: Assets/_Project/Scripts/Solver/Batch/SolverBatch.cs Line: 193)

[SolverBatch] Stage12 — 89%  2312판 굴림
UnityEngine.Debug:ExtractStackTraceNoAlloc (byte*,int,string)
UnityEngine.StackTraceUtility:ExtractStackTrace ()
UnityEngine.DebugLogHandler:Internal_Log (UnityEngine.LogType,UnityEngine.LogOption,string,UnityEngine.Object)
UnityEngine.DebugLogHandler:LogFormat (UnityEngine.LogType,UnityEngine.Object,string,object[])
UnityEngine.Logger:Log (UnityEngine.LogType,object)
UnityEngine.Debug:Log (object)
PPS.Solver.Batch.SolverBatch:Progress () (at Assets/_Project/Scripts/Solver/Batch/SolverBatch.cs:193)
PPS.Solver.Batch.SolverBatch:Tick () (at Assets/_Project/Scripts/Solver/Batch/SolverBatch.cs:210)
UnityEditor.EditorApplication:Internal_CallUpdateFunctions ()

(Filename: Assets/_Project/Scripts/Solver/Batch/SolverBatch.cs Line: 193)

[SolverBatch] Stage12 — 94%  2325판 굴림
UnityEngine.Debug:ExtractStackTraceNoAlloc (byte*,int,string)
UnityEngine.StackTraceUtility:ExtractStackTrace ()
UnityEngine.DebugLogHandler:Internal_Log (UnityEngine.LogType,UnityEngine.LogOption,string,UnityEngine.Object)
UnityEngine.DebugLogHandler:LogFormat (UnityEngine.LogType,UnityEngine.Object,string,object[])
UnityEngine.Logger:Log (UnityEngine.LogType,object)
UnityEngine.Debug:Log (object)
PPS.Solver.Batch.SolverBatch:Progress () (at Assets/_Project/Scripts/Solver/Batch/SolverBatch.cs:193)
PPS.Solver.Batch.SolverBatch:Tick () (at Assets/_Project/Scripts/Solver/Batch/SolverBatch.cs:210)
UnityEditor.EditorApplication:Internal_CallUpdateFunctions ()

(Filename: Assets/_Project/Scripts/Solver/Batch/SolverBatch.cs Line: 193)

[SolverBatch] [14/22] Stage12 — Corridor 로 풀림 (2328회 시도) (91.6초)
UnityEngine.Debug:ExtractStackTraceNoAlloc (byte*,int,string)
UnityEngine.StackTraceUtility:ExtractStackTrace ()
UnityEngine.DebugLogHandler:Internal_Log (UnityEngine.LogType,UnityEngine.LogOption,string,UnityEngine.Object)
UnityEngine.DebugLogHandler:LogFormat (UnityEngine.LogType,UnityEngine.Object,string,object[])
UnityEngine.Logger:Log (UnityEngine.LogType,object)
UnityEngine.Debug:Log (object)
PPS.Solver.Batch.SolverBatch:FinishStage () (at Assets/_Project/Scripts/Solver/Batch/SolverBatch.cs:273)
PPS.Solver.Batch.SolverBatch:Tick () (at Assets/_Project/Scripts/Solver/Batch/SolverBatch.cs:214)
UnityEditor.EditorApplication:Internal_CallUpdateFunctions ()

(Filename: Assets/_Project/Scripts/Solver/Batch/SolverBatch.cs Line: 273)

[SolverBatch] Stage13 — 35%  247판 굴림
UnityEngine.Debug:ExtractStackTraceNoAlloc (byte*,int,string)
UnityEngine.StackTraceUtility:ExtractStackTrace ()
UnityEngine.DebugLogHandler:Internal_Log (UnityEngine.LogType,UnityEngine.LogOption,string,UnityEngine.Object)
UnityEngine.DebugLogHandler:LogFormat (UnityEngine.LogType,UnityEngine.Object,string,object[])
UnityEngine.Logger:Log (UnityEngine.LogType,object)
UnityEngine.Debug:Log (object)
PPS.Solver.Batch.SolverBatch:Progress () (at Assets/_Project/Scripts/Solver/Batch/SolverBatch.cs:193)
PPS.Solver.Batch.SolverBatch:Tick () (at Assets/_Project/Scripts/Solver/Batch/SolverBatch.cs:210)
UnityEditor.EditorApplication:Internal_CallUpdateFunctions ()

(Filename: Assets/_Project/Scripts/Solver/Batch/SolverBatch.cs Line: 193)

[SolverBatch] Stage13 — 39%  486판 굴림
UnityEngine.Debug:ExtractStackTraceNoAlloc (byte*,int,string)
UnityEngine.StackTraceUtility:ExtractStackTrace ()
UnityEngine.DebugLogHandler:Internal_Log (UnityEngine.LogType,UnityEngine.LogOption,string,UnityEngine.Object)
UnityEngine.DebugLogHandler:LogFormat (UnityEngine.LogType,UnityEngine.Object,string,object[])
UnityEngine.Logger:Log (UnityEngine.LogType,object)
UnityEngine.Debug:Log (object)
PPS.Solver.Batch.SolverBatch:Progress () (at Assets/_Project/Scripts/Solver/Batch/SolverBatch.cs:193)
PPS.Solver.Batch.SolverBatch:Tick () (at Assets/_Project/Scripts/Solver/Batch/SolverBatch.cs:210)
UnityEditor.EditorApplication:Internal_CallUpdateFunctions ()

(Filename: Assets/_Project/Scripts/Solver/Batch/SolverBatch.cs Line: 193)

[SolverBatch] Stage13 — 44%  728판 굴림
UnityEngine.Debug:ExtractStackTraceNoAlloc (byte*,int,string)
UnityEngine.StackTraceUtility:ExtractStackTrace ()
UnityEngine.DebugLogHandler:Internal_Log (UnityEngine.LogType,UnityEngine.LogOption,string,UnityEngine.Object)
UnityEngine.DebugLogHandler:LogFormat (UnityEngine.LogType,UnityEngine.Object,string,object[])
UnityEngine.Logger:Log (UnityEngine.LogType,object)
UnityEngine.Debug:Log (object)
PPS.Solver.Batch.SolverBatch:Progress () (at Assets/_Project/Scripts/Solver/Batch/SolverBatch.cs:193)
PPS.Solver.Batch.SolverBatch:Tick () (at Assets/_Project/Scripts/Solver/Batch/SolverBatch.cs:210)
UnityEditor.EditorApplication:Internal_CallUpdateFunctions ()

(Filename: Assets/_Project/Scripts/Solver/Batch/SolverBatch.cs Line: 193)

[SolverBatch] Stage13 — 46%  917판 굴림
UnityEngine.Debug:ExtractStackTraceNoAlloc (byte*,int,string)
UnityEngine.StackTraceUtility:ExtractStackTrace ()
UnityEngine.DebugLogHandler:Internal_Log (UnityEngine.LogType,UnityEngine.LogOption,string,UnityEngine.Object)
UnityEngine.DebugLogHandler:LogFormat (UnityEngine.LogType,UnityEngine.Object,string,object[])
UnityEngine.Logger:Log (UnityEngine.LogType,object)
UnityEngine.Debug:Log (object)
PPS.Solver.Batch.SolverBatch:Progress () (at Assets/_Project/Scripts/Solver/Batch/SolverBatch.cs:193)
PPS.Solver.Batch.SolverBatch:Tick () (at Assets/_Project/Scripts/Solver/Batch/SolverBatch.cs:210)
UnityEditor.EditorApplication:Internal_CallUpdateFunctions ()

(Filename: Assets/_Project/Scripts/Solver/Batch/SolverBatch.cs Line: 193)

[SolverBatch] Stage13 — 48%  1049판 굴림
UnityEngine.Debug:ExtractStackTraceNoAlloc (byte*,int,string)
UnityEngine.StackTraceUtility:ExtractStackTrace ()
UnityEngine.DebugLogHandler:Internal_Log (UnityEngine.LogType,UnityEngine.LogOption,string,UnityEngine.Object)
UnityEngine.DebugLogHandler:LogFormat (UnityEngine.LogType,UnityEngine.Object,string,object[])
UnityEngine.Logger:Log (UnityEngine.LogType,object)
UnityEngine.Debug:Log (object)
PPS.Solver.Batch.SolverBatch:Progress () (at Assets/_Project/Scripts/Solver/Batch/SolverBatch.cs:193)
PPS.Solver.Batch.SolverBatch:Tick () (at Assets/_Project/Scripts/Solver/Batch/SolverBatch.cs:210)
UnityEditor.EditorApplication:Internal_CallUpdateFunctions ()

(Filename: Assets/_Project/Scripts/Solver/Batch/SolverBatch.cs Line: 193)

[SolverBatch] Stage13 — 51%  1279판 굴림
UnityEngine.Debug:ExtractStackTraceNoAlloc (byte*,int,string)
UnityEngine.StackTraceUtility:ExtractStackTrace ()
UnityEngine.DebugLogHandler:Internal_Log (UnityEngine.LogType,UnityEngine.LogOption,string,UnityEngine.Object)
UnityEngine.DebugLogHandler:LogFormat (UnityEngine.LogType,UnityEngine.Object,string,object[])
UnityEngine.Logger:Log (UnityEngine.LogType,object)
UnityEngine.Debug:Log (object)
PPS.Solver.Batch.SolverBatch:Progress () (at Assets/_Project/Scripts/Solver/Batch/SolverBatch.cs:193)
PPS.Solver.Batch.SolverBatch:Tick () (at Assets/_Project/Scripts/Solver/Batch/SolverBatch.cs:210)
UnityEditor.EditorApplication:Internal_CallUpdateFunctions ()

(Filename: Assets/_Project/Scripts/Solver/Batch/SolverBatch.cs Line: 193)

[SolverBatch] Stage13 — 52%  1391판 굴림
UnityEngine.Debug:ExtractStackTraceNoAlloc (byte*,int,string)
UnityEngine.StackTraceUtility:ExtractStackTrace ()
UnityEngine.DebugLogHandler:Internal_Log (UnityEngine.LogType,UnityEngine.LogOption,string,UnityEngine.Object)
UnityEngine.DebugLogHandler:LogFormat (UnityEngine.LogType,UnityEngine.Object,string,object[])
UnityEngine.Logger:Log (UnityEngine.LogType,object)
UnityEngine.Debug:Log (object)
PPS.Solver.Batch.SolverBatch:Progress () (at Assets/_Project/Scripts/Solver/Batch/SolverBatch.cs:193)
PPS.Solver.Batch.SolverBatch:Tick () (at Assets/_Project/Scripts/Solver/Batch/SolverBatch.cs:210)
UnityEditor.EditorApplication:Internal_CallUpdateFunctions ()

(Filename: Assets/_Project/Scripts/Solver/Batch/SolverBatch.cs Line: 193)

[SolverBatch] Stage13 — 54%  1503판 굴림
UnityEngine.Debug:ExtractStackTraceNoAlloc (byte*,int,string)
UnityEngine.StackTraceUtility:ExtractStackTrace ()
UnityEngine.DebugLogHandler:Internal_Log (UnityEngine.LogType,UnityEngine.LogOption,string,UnityEngine.Object)
UnityEngine.DebugLogHandler:LogFormat (UnityEngine.LogType,UnityEngine.Object,string,object[])
UnityEngine.Logger:Log (UnityEngine.LogType,object)
UnityEngine.Debug:Log (object)
PPS.Solver.Batch.SolverBatch:Progress () (at Assets/_Project/Scripts/Solver/Batch/SolverBatch.cs:193)
PPS.Solver.Batch.SolverBatch:Tick () (at Assets/_Project/Scripts/Solver/Batch/SolverBatch.cs:210)
UnityEditor.EditorApplication:Internal_CallUpdateFunctions ()

(Filename: Assets/_Project/Scripts/Solver/Batch/SolverBatch.cs Line: 193)

[SolverBatch] Stage13 — 56%  1612판 굴림
UnityEngine.Debug:ExtractStackTraceNoAlloc (byte*,int,string)
UnityEngine.StackTraceUtility:ExtractStackTrace ()
UnityEngine.DebugLogHandler:Internal_Log (UnityEngine.LogType,UnityEngine.LogOption,string,UnityEngine.Object)
UnityEngine.DebugLogHandler:LogFormat (UnityEngine.LogType,UnityEngine.Object,string,object[])
UnityEngine.Logger:Log (UnityEngine.LogType,object)
UnityEngine.Debug:Log (object)
PPS.Solver.Batch.SolverBatch:Progress () (at Assets/_Project/Scripts/Solver/Batch/SolverBatch.cs:193)
PPS.Solver.Batch.SolverBatch:Tick () (at Assets/_Project/Scripts/Solver/Batch/SolverBatch.cs:210)
UnityEditor.EditorApplication:Internal_CallUpdateFunctions ()

(Filename: Assets/_Project/Scripts/Solver/Batch/SolverBatch.cs Line: 193)

[SolverBatch] Stage13 — 57%  1720판 굴림
UnityEngine.Debug:ExtractStackTraceNoAlloc (byte*,int,string)
UnityEngine.StackTraceUtility:ExtractStackTrace ()
UnityEngine.DebugLogHandler:Internal_Log (UnityEngine.LogType,UnityEngine.LogOption,string,UnityEngine.Object)
UnityEngine.DebugLogHandler:LogFormat (UnityEngine.LogType,UnityEngine.Object,string,object[])
UnityEngine.Logger:Log (UnityEngine.LogType,object)
UnityEngine.Debug:Log (object)
PPS.Solver.Batch.SolverBatch:Progress () (at Assets/_Project/Scripts/Solver/Batch/SolverBatch.cs:193)
PPS.Solver.Batch.SolverBatch:Tick () (at Assets/_Project/Scripts/Solver/Batch/SolverBatch.cs:210)
UnityEditor.EditorApplication:Internal_CallUpdateFunctions ()

(Filename: Assets/_Project/Scripts/Solver/Batch/SolverBatch.cs Line: 193)

[SolverBatch] Stage13 — 58%  1869판 굴림
UnityEngine.Debug:ExtractStackTraceNoAlloc (byte*,int,string)
UnityEngine.StackTraceUtility:ExtractStackTrace ()
UnityEngine.DebugLogHandler:Internal_Log (UnityEngine.LogType,UnityEngine.LogOption,string,UnityEngine.Object)
UnityEngine.DebugLogHandler:LogFormat (UnityEngine.LogType,UnityEngine.Object,string,object[])
UnityEngine.Logger:Log (UnityEngine.LogType,object)
UnityEngine.Debug:Log (object)
PPS.Solver.Batch.SolverBatch:Progress () (at Assets/_Project/Scripts/Solver/Batch/SolverBatch.cs:193)
PPS.Solver.Batch.SolverBatch:Tick () (at Assets/_Project/Scripts/Solver/Batch/SolverBatch.cs:210)
UnityEditor.EditorApplication:Internal_CallUpdateFunctions ()

(Filename: Assets/_Project/Scripts/Solver/Batch/SolverBatch.cs Line: 193)

[SolverBatch] Stage13 — 60%  2010판 굴림
UnityEngine.Debug:ExtractStackTraceNoAlloc (byte*,int,string)
UnityEngine.StackTraceUtility:ExtractStackTrace ()
UnityEngine.DebugLogHandler:Internal_Log (UnityEngine.LogType,UnityEngine.LogOption,string,UnityEngine.Object)
UnityEngine.DebugLogHandler:LogFormat (UnityEngine.LogType,UnityEngine.Object,string,object[])
UnityEngine.Logger:Log (UnityEngine.LogType,object)
UnityEngine.Debug:Log (object)
PPS.Solver.Batch.SolverBatch:Progress () (at Assets/_Project/Scripts/Solver/Batch/SolverBatch.cs:193)
PPS.Solver.Batch.SolverBatch:Tick () (at Assets/_Project/Scripts/Solver/Batch/SolverBatch.cs:210)
UnityEditor.EditorApplication:Internal_CallUpdateFunctions ()

(Filename: Assets/_Project/Scripts/Solver/Batch/SolverBatch.cs Line: 193)

[SolverBatch] Stage13 — 75%  2066판 굴림
UnityEngine.Debug:ExtractStackTraceNoAlloc (byte*,int,string)
UnityEngine.StackTraceUtility:ExtractStackTrace ()
UnityEngine.DebugLogHandler:Internal_Log (UnityEngine.LogType,UnityEngine.LogOption,string,UnityEngine.Object)
UnityEngine.DebugLogHandler:LogFormat (UnityEngine.LogType,UnityEngine.Object,string,object[])
UnityEngine.Logger:Log (UnityEngine.LogType,object)
UnityEngine.Debug:Log (object)
PPS.Solver.Batch.SolverBatch:Progress () (at Assets/_Project/Scripts/Solver/Batch/SolverBatch.cs:193)
PPS.Solver.Batch.SolverBatch:Tick () (at Assets/_Project/Scripts/Solver/Batch/SolverBatch.cs:210)
UnityEditor.EditorApplication:Internal_CallUpdateFunctions ()

(Filename: Assets/_Project/Scripts/Solver/Batch/SolverBatch.cs Line: 193)

[SolverBatch] Stage13 — 88%  2140판 굴림
UnityEngine.Debug:ExtractStackTraceNoAlloc (byte*,int,string)
UnityEngine.StackTraceUtility:ExtractStackTrace ()
UnityEngine.DebugLogHandler:Internal_Log (UnityEngine.LogType,UnityEngine.LogOption,string,UnityEngine.Object)
UnityEngine.DebugLogHandler:LogFormat (UnityEngine.LogType,UnityEngine.Object,string,object[])
UnityEngine.Logger:Log (UnityEngine.LogType,object)
UnityEngine.Debug:Log (object)
PPS.Solver.Batch.SolverBatch:Progress () (at Assets/_Project/Scripts/Solver/Batch/SolverBatch.cs:193)
PPS.Solver.Batch.SolverBatch:Tick () (at Assets/_Project/Scripts/Solver/Batch/SolverBatch.cs:210)
UnityEditor.EditorApplication:Internal_CallUpdateFunctions ()

(Filename: Assets/_Project/Scripts/Solver/Batch/SolverBatch.cs Line: 193)

[SolverBatch] Stage13 — 99%  2210판 굴림
UnityEngine.Debug:ExtractStackTraceNoAlloc (byte*,int,string)
UnityEngine.StackTraceUtility:ExtractStackTrace ()
UnityEngine.DebugLogHandler:Internal_Log (UnityEngine.LogType,UnityEngine.LogOption,string,UnityEngine.Object)
UnityEngine.DebugLogHandler:LogFormat (UnityEngine.LogType,UnityEngine.Object,string,object[])
UnityEngine.Logger:Log (UnityEngine.LogType,object)
UnityEngine.Debug:Log (object)
PPS.Solver.Batch.SolverBatch:Progress () (at Assets/_Project/Scripts/Solver/Batch/SolverBatch.cs:193)
PPS.Solver.Batch.SolverBatch:Tick () (at Assets/_Project/Scripts/Solver/Batch/SolverBatch.cs:210)
UnityEditor.EditorApplication:Internal_CallUpdateFunctions ()

(Filename: Assets/_Project/Scripts/Solver/Batch/SolverBatch.cs Line: 193)

[SolverBatch] [15/22] Stage13 — Corridor 로 풀림 (2218회 시도) (30.5초)
UnityEngine.Debug:ExtractStackTraceNoAlloc (byte*,int,string)
UnityEngine.StackTraceUtility:ExtractStackTrace ()
UnityEngine.DebugLogHandler:Internal_Log (UnityEngine.LogType,UnityEngine.LogOption,string,UnityEngine.Object)
UnityEngine.DebugLogHandler:LogFormat (UnityEngine.LogType,UnityEngine.Object,string,object[])
UnityEngine.Logger:Log (UnityEngine.LogType,object)
UnityEngine.Debug:Log (object)
PPS.Solver.Batch.SolverBatch:FinishStage () (at Assets/_Project/Scripts/Solver/Batch/SolverBatch.cs:273)
PPS.Solver.Batch.SolverBatch:Tick () (at Assets/_Project/Scripts/Solver/Batch/SolverBatch.cs:214)
UnityEditor.EditorApplication:Internal_CallUpdateFunctions ()

(Filename: Assets/_Project/Scripts/Solver/Batch/SolverBatch.cs Line: 273)

[SolverBatch] Stage14 — 33%  26판 굴림
UnityEngine.Debug:ExtractStackTraceNoAlloc (byte*,int,string)
UnityEngine.StackTraceUtility:ExtractStackTrace ()
UnityEngine.DebugLogHandler:Internal_Log (UnityEngine.LogType,UnityEngine.LogOption,string,UnityEngine.Object)
UnityEngine.DebugLogHandler:LogFormat (UnityEngine.LogType,UnityEngine.Object,string,object[])
UnityEngine.Logger:Log (UnityEngine.LogType,object)
UnityEngine.Debug:Log (object)
PPS.Solver.Batch.SolverBatch:Progress () (at Assets/_Project/Scripts/Solver/Batch/SolverBatch.cs:193)
PPS.Solver.Batch.SolverBatch:Tick () (at Assets/_Project/Scripts/Solver/Batch/SolverBatch.cs:210)
UnityEditor.EditorApplication:Internal_CallUpdateFunctions ()

(Filename: Assets/_Project/Scripts/Solver/Batch/SolverBatch.cs Line: 193)

[SolverBatch] Stage14 — 34%  71판 굴림
UnityEngine.Debug:ExtractStackTraceNoAlloc (byte*,int,string)
UnityEngine.StackTraceUtility:ExtractStackTrace ()
UnityEngine.DebugLogHandler:Internal_Log (UnityEngine.LogType,UnityEngine.LogOption,string,UnityEngine.Object)
UnityEngine.DebugLogHandler:LogFormat (UnityEngine.LogType,UnityEngine.Object,string,object[])
UnityEngine.Logger:Log (UnityEngine.LogType,object)
UnityEngine.Debug:Log (object)
PPS.Solver.Batch.SolverBatch:Progress () (at Assets/_Project/Scripts/Solver/Batch/SolverBatch.cs:193)
PPS.Solver.Batch.SolverBatch:Tick () (at Assets/_Project/Scripts/Solver/Batch/SolverBatch.cs:210)
UnityEditor.EditorApplication:Internal_CallUpdateFunctions ()

(Filename: Assets/_Project/Scripts/Solver/Batch/SolverBatch.cs Line: 193)

[SolverBatch] Stage14 — 34%  110판 굴림
UnityEngine.Debug:ExtractStackTraceNoAlloc (byte*,int,string)
UnityEngine.StackTraceUtility:ExtractStackTrace ()
UnityEngine.DebugLogHandler:Internal_Log (UnityEngine.LogType,UnityEngine.LogOption,string,UnityEngine.Object)
UnityEngine.DebugLogHandler:LogFormat (UnityEngine.LogType,UnityEngine.Object,string,object[])
UnityEngine.Logger:Log (UnityEngine.LogType,object)
UnityEngine.Debug:Log (object)
PPS.Solver.Batch.SolverBatch:Progress () (at Assets/_Project/Scripts/Solver/Batch/SolverBatch.cs:193)
PPS.Solver.Batch.SolverBatch:Tick () (at Assets/_Project/Scripts/Solver/Batch/SolverBatch.cs:210)
UnityEditor.EditorApplication:Internal_CallUpdateFunctions ()

(Filename: Assets/_Project/Scripts/Solver/Batch/SolverBatch.cs Line: 193)

[SolverBatch] Stage14 — 35%  138판 굴림
UnityEngine.Debug:ExtractStackTraceNoAlloc (byte*,int,string)
UnityEngine.StackTraceUtility:ExtractStackTrace ()
UnityEngine.DebugLogHandler:Internal_Log (UnityEngine.LogType,UnityEngine.LogOption,string,UnityEngine.Object)
UnityEngine.DebugLogHandler:LogFormat (UnityEngine.LogType,UnityEngine.Object,string,object[])
UnityEngine.Logger:Log (UnityEngine.LogType,object)
UnityEngine.Debug:Log (object)
PPS.Solver.Batch.SolverBatch:Progress () (at Assets/_Project/Scripts/Solver/Batch/SolverBatch.cs:193)
PPS.Solver.Batch.SolverBatch:Tick () (at Assets/_Project/Scripts/Solver/Batch/SolverBatch.cs:210)
UnityEditor.EditorApplication:Internal_CallUpdateFunctions ()

(Filename: Assets/_Project/Scripts/Solver/Batch/SolverBatch.cs Line: 193)

[SolverBatch] Stage14 — 35%  170판 굴림
UnityEngine.Debug:ExtractStackTraceNoAlloc (byte*,int,string)
UnityEngine.StackTraceUtility:ExtractStackTrace ()
UnityEngine.DebugLogHandler:Internal_Log (UnityEngine.LogType,UnityEngine.LogOption,string,UnityEngine.Object)
UnityEngine.DebugLogHandler:LogFormat (UnityEngine.LogType,UnityEngine.Object,string,object[])
UnityEngine.Logger:Log (UnityEngine.LogType,object)
UnityEngine.Debug:Log (object)
PPS.Solver.Batch.SolverBatch:Progress () (at Assets/_Project/Scripts/Solver/Batch/SolverBatch.cs:193)
PPS.Solver.Batch.SolverBatch:Tick () (at Assets/_Project/Scripts/Solver/Batch/SolverBatch.cs:210)
UnityEditor.EditorApplication:Internal_CallUpdateFunctions ()

(Filename: Assets/_Project/Scripts/Solver/Batch/SolverBatch.cs Line: 193)

[SolverBatch] Stage14 — 36%  220판 굴림
UnityEngine.Debug:ExtractStackTraceNoAlloc (byte*,int,string)
UnityEngine.StackTraceUtility:ExtractStackTrace ()
UnityEngine.DebugLogHandler:Internal_Log (UnityEngine.LogType,UnityEngine.LogOption,string,UnityEngine.Object)
UnityEngine.DebugLogHandler:LogFormat (UnityEngine.LogType,UnityEngine.Object,string,object[])
UnityEngine.Logger:Log (UnityEngine.LogType,object)
UnityEngine.Debug:Log (object)
PPS.Solver.Batch.SolverBatch:Progress () (at Assets/_Project/Scripts/Solver/Batch/SolverBatch.cs:193)
PPS.Solver.Batch.SolverBatch:Tick () (at Assets/_Project/Scripts/Solver/Batch/SolverBatch.cs:210)
UnityEditor.EditorApplication:Internal_CallUpdateFunctions ()

(Filename: Assets/_Project/Scripts/Solver/Batch/SolverBatch.cs Line: 193)

[SolverBatch] Stage14 — 38%  268판 굴림
UnityEngine.Debug:ExtractStackTraceNoAlloc (byte*,int,string)
UnityEngine.StackTraceUtility:ExtractStackTrace ()
UnityEngine.DebugLogHandler:Internal_Log (UnityEngine.LogType,UnityEngine.LogOption,string,UnityEngine.Object)
UnityEngine.DebugLogHandler:LogFormat (UnityEngine.LogType,UnityEngine.Object,string,object[])
UnityEngine.Logger:Log (UnityEngine.LogType,object)
UnityEngine.Debug:Log (object)
PPS.Solver.Batch.SolverBatch:Progress () (at Assets/_Project/Scripts/Solver/Batch/SolverBatch.cs:193)
PPS.Solver.Batch.SolverBatch:Tick () (at Assets/_Project/Scripts/Solver/Batch/SolverBatch.cs:210)
UnityEditor.EditorApplication:Internal_CallUpdateFunctions ()

(Filename: Assets/_Project/Scripts/Solver/Batch/SolverBatch.cs Line: 193)

[SolverBatch] Stage14 — 38%  306판 굴림
UnityEngine.Debug:ExtractStackTraceNoAlloc (byte*,int,string)
UnityEngine.StackTraceUtility:ExtractStackTrace ()
UnityEngine.DebugLogHandler:Internal_Log (UnityEngine.LogType,UnityEngine.LogOption,string,UnityEngine.Object)
UnityEngine.DebugLogHandler:LogFormat (UnityEngine.LogType,UnityEngine.Object,string,object[])
UnityEngine.Logger:Log (UnityEngine.LogType,object)
UnityEngine.Debug:Log (object)
PPS.Solver.Batch.SolverBatch:Progress () (at Assets/_Project/Scripts/Solver/Batch/SolverBatch.cs:193)
PPS.Solver.Batch.SolverBatch:Tick () (at Assets/_Project/Scripts/Solver/Batch/SolverBatch.cs:210)
UnityEditor.EditorApplication:Internal_CallUpdateFunctions ()

(Filename: Assets/_Project/Scripts/Solver/Batch/SolverBatch.cs Line: 193)

[SolverBatch] Stage14 — 39%  335판 굴림
UnityEngine.Debug:ExtractStackTraceNoAlloc (byte*,int,string)
UnityEngine.StackTraceUtility:ExtractStackTrace ()
UnityEngine.DebugLogHandler:Internal_Log (UnityEngine.LogType,UnityEngine.LogOption,string,UnityEngine.Object)
UnityEngine.DebugLogHandler:LogFormat (UnityEngine.LogType,UnityEngine.Object,string,object[])
UnityEngine.Logger:Log (UnityEngine.LogType,object)
UnityEngine.Debug:Log (object)
PPS.Solver.Batch.SolverBatch:Progress () (at Assets/_Project/Scripts/Solver/Batch/SolverBatch.cs:193)
PPS.Solver.Batch.SolverBatch:Tick () (at Assets/_Project/Scripts/Solver/Batch/SolverBatch.cs:210)
UnityEditor.EditorApplication:Internal_CallUpdateFunctions ()

(Filename: Assets/_Project/Scripts/Solver/Batch/SolverBatch.cs Line: 193)

[SolverBatch] Stage14 — 39%  372판 굴림
UnityEngine.Debug:ExtractStackTraceNoAlloc (byte*,int,string)
UnityEngine.StackTraceUtility:ExtractStackTrace ()
UnityEngine.DebugLogHandler:Internal_Log (UnityEngine.LogType,UnityEngine.LogOption,string,UnityEngine.Object)
UnityEngine.DebugLogHandler:LogFormat (UnityEngine.LogType,UnityEngine.Object,string,object[])
UnityEngine.Logger:Log (UnityEngine.LogType,object)
UnityEngine.Debug:Log (object)
PPS.Solver.Batch.SolverBatch:Progress () (at Assets/_Project/Scripts/Solver/Batch/SolverBatch.cs:193)
PPS.Solver.Batch.SolverBatch:Tick () (at Assets/_Project/Scripts/Solver/Batch/SolverBatch.cs:210)
UnityEditor.EditorApplication:Internal_CallUpdateFunctions ()

(Filename: Assets/_Project/Scripts/Solver/Batch/SolverBatch.cs Line: 193)

[SolverBatch] Stage14 — 40%  403판 굴림
UnityEngine.Debug:ExtractStackTraceNoAlloc (byte*,int,string)
UnityEngine.StackTraceUtility:ExtractStackTrace ()
UnityEngine.DebugLogHandler:Internal_Log (UnityEngine.LogType,UnityEngine.LogOption,string,UnityEngine.Object)
UnityEngine.DebugLogHandler:LogFormat (UnityEngine.LogType,UnityEngine.Object,string,object[])
UnityEngine.Logger:Log (UnityEngine.LogType,object)
UnityEngine.Debug:Log (object)
PPS.Solver.Batch.SolverBatch:Progress () (at Assets/_Project/Scripts/Solver/Batch/SolverBatch.cs:193)
PPS.Solver.Batch.SolverBatch:Tick () (at Assets/_Project/Scripts/Solver/Batch/SolverBatch.cs:210)
UnityEditor.EditorApplication:Internal_CallUpdateFunctions ()

(Filename: Assets/_Project/Scripts/Solver/Batch/SolverBatch.cs Line: 193)

[SolverBatch] Stage14 — 41%  451판 굴림
UnityEngine.Debug:ExtractStackTraceNoAlloc (byte*,int,string)
UnityEngine.StackTraceUtility:ExtractStackTrace ()
UnityEngine.DebugLogHandler:Internal_Log (UnityEngine.LogType,UnityEngine.LogOption,string,UnityEngine.Object)
UnityEngine.DebugLogHandler:LogFormat (UnityEngine.LogType,UnityEngine.Object,string,object[])
UnityEngine.Logger:Log (UnityEngine.LogType,object)
UnityEngine.Debug:Log (object)
PPS.Solver.Batch.SolverBatch:Progress () (at Assets/_Project/Scripts/Solver/Batch/SolverBatch.cs:193)
PPS.Solver.Batch.SolverBatch:Tick () (at Assets/_Project/Scripts/Solver/Batch/SolverBatch.cs:210)
UnityEditor.EditorApplication:Internal_CallUpdateFunctions ()

(Filename: Assets/_Project/Scripts/Solver/Batch/SolverBatch.cs Line: 193)

[SolverBatch] Stage14 — 42%  502판 굴림
UnityEngine.Debug:ExtractStackTraceNoAlloc (byte*,int,string)
UnityEngine.StackTraceUtility:ExtractStackTrace ()
UnityEngine.DebugLogHandler:Internal_Log (UnityEngine.LogType,UnityEngine.LogOption,string,UnityEngine.Object)
UnityEngine.DebugLogHandler:LogFormat (UnityEngine.LogType,UnityEngine.Object,string,object[])
UnityEngine.Logger:Log (UnityEngine.LogType,object)
UnityEngine.Debug:Log (object)
PPS.Solver.Batch.SolverBatch:Progress () (at Assets/_Project/Scripts/Solver/Batch/SolverBatch.cs:193)
PPS.Solver.Batch.SolverBatch:Tick () (at Assets/_Project/Scripts/Solver/Batch/SolverBatch.cs:210)
UnityEditor.EditorApplication:Internal_CallUpdateFunctions ()

(Filename: Assets/_Project/Scripts/Solver/Batch/SolverBatch.cs Line: 193)

[SolverBatch] Stage14 — 43%  533판 굴림
UnityEngine.Debug:ExtractStackTraceNoAlloc (byte*,int,string)
UnityEngine.StackTraceUtility:ExtractStackTrace ()
UnityEngine.DebugLogHandler:Internal_Log (UnityEngine.LogType,UnityEngine.LogOption,string,UnityEngine.Object)
UnityEngine.DebugLogHandler:LogFormat (UnityEngine.LogType,UnityEngine.Object,string,object[])
UnityEngine.Logger:Log (UnityEngine.LogType,object)
UnityEngine.Debug:Log (object)
PPS.Solver.Batch.SolverBatch:Progress () (at Assets/_Project/Scripts/Solver/Batch/SolverBatch.cs:193)
PPS.Solver.Batch.SolverBatch:Tick () (at Assets/_Project/Scripts/Solver/Batch/SolverBatch.cs:210)
UnityEditor.EditorApplication:Internal_CallUpdateFunctions ()

(Filename: Assets/_Project/Scripts/Solver/Batch/SolverBatch.cs Line: 193)

[SolverBatch] Stage14 — 44%  566판 굴림
UnityEngine.Debug:ExtractStackTraceNoAlloc (byte*,int,string)
UnityEngine.StackTraceUtility:ExtractStackTrace ()
UnityEngine.DebugLogHandler:Internal_Log (UnityEngine.LogType,UnityEngine.LogOption,string,UnityEngine.Object)
UnityEngine.DebugLogHandler:LogFormat (UnityEngine.LogType,UnityEngine.Object,string,object[])
UnityEngine.Logger:Log (UnityEngine.LogType,object)
UnityEngine.Debug:Log (object)
PPS.Solver.Batch.SolverBatch:Progress () (at Assets/_Project/Scripts/Solver/Batch/SolverBatch.cs:193)
PPS.Solver.Batch.SolverBatch:Tick () (at Assets/_Project/Scripts/Solver/Batch/SolverBatch.cs:210)
UnityEditor.EditorApplication:Internal_CallUpdateFunctions ()

(Filename: Assets/_Project/Scripts/Solver/Batch/SolverBatch.cs Line: 193)

[SolverBatch] Stage14 — 44%  608판 굴림
UnityEngine.Debug:ExtractStackTraceNoAlloc (byte*,int,string)
UnityEngine.StackTraceUtility:ExtractStackTrace ()
UnityEngine.DebugLogHandler:Internal_Log (UnityEngine.LogType,UnityEngine.LogOption,string,UnityEngine.Object)
UnityEngine.DebugLogHandler:LogFormat (UnityEngine.LogType,UnityEngine.Object,string,object[])
UnityEngine.Logger:Log (UnityEngine.LogType,object)
UnityEngine.Debug:Log (object)
PPS.Solver.Batch.SolverBatch:Progress () (at Assets/_Project/Scripts/Solver/Batch/SolverBatch.cs:193)
PPS.Solver.Batch.SolverBatch:Tick () (at Assets/_Project/Scripts/Solver/Batch/SolverBatch.cs:210)
UnityEditor.EditorApplication:Internal_CallUpdateFunctions ()

(Filename: Assets/_Project/Scripts/Solver/Batch/SolverBatch.cs Line: 193)

[SolverBatch] Stage14 — 44%  639판 굴림
UnityEngine.Debug:ExtractStackTraceNoAlloc (byte*,int,string)
UnityEngine.StackTraceUtility:ExtractStackTrace ()
UnityEngine.DebugLogHandler:Internal_Log (UnityEngine.LogType,UnityEngine.LogOption,string,UnityEngine.Object)
UnityEngine.DebugLogHandler:LogFormat (UnityEngine.LogType,UnityEngine.Object,string,object[])
UnityEngine.Logger:Log (UnityEngine.LogType,object)
UnityEngine.Debug:Log (object)
PPS.Solver.Batch.SolverBatch:Progress () (at Assets/_Project/Scripts/Solver/Batch/SolverBatch.cs:193)
PPS.Solver.Batch.SolverBatch:Tick () (at Assets/_Project/Scripts/Solver/Batch/SolverBatch.cs:210)
UnityEditor.EditorApplication:Internal_CallUpdateFunctions ()

(Filename: Assets/_Project/Scripts/Solver/Batch/SolverBatch.cs Line: 193)

[SolverBatch] Stage14 — 46%  675판 굴림
UnityEngine.Debug:ExtractStackTraceNoAlloc (byte*,int,string)
UnityEngine.StackTraceUtility:ExtractStackTrace ()
UnityEngine.DebugLogHandler:Internal_Log (UnityEngine.LogType,UnityEngine.LogOption,string,UnityEngine.Object)
UnityEngine.DebugLogHandler:LogFormat (UnityEngine.LogType,UnityEngine.Object,string,object[])
UnityEngine.Logger:Log (UnityEngine.LogType,object)
UnityEngine.Debug:Log (object)
PPS.Solver.Batch.SolverBatch:Progress () (at Assets/_Project/Scripts/Solver/Batch/SolverBatch.cs:193)
PPS.Solver.Batch.SolverBatch:Tick () (at Assets/_Project/Scripts/Solver/Batch/SolverBatch.cs:210)
UnityEditor.EditorApplication:Internal_CallUpdateFunctions ()

(Filename: Assets/_Project/Scripts/Solver/Batch/SolverBatch.cs Line: 193)

[SolverBatch] Stage14 — 46%  702판 굴림
UnityEngine.Debug:ExtractStackTraceNoAlloc (byte*,int,string)
UnityEngine.StackTraceUtility:ExtractStackTrace ()
UnityEngine.DebugLogHandler:Internal_Log (UnityEngine.LogType,UnityEngine.LogOption,string,UnityEngine.Object)
UnityEngine.DebugLogHandler:LogFormat (UnityEngine.LogType,UnityEngine.Object,string,object[])
UnityEngine.Logger:Log (UnityEngine.LogType,object)
UnityEngine.Debug:Log (object)
PPS.Solver.Batch.SolverBatch:Progress () (at Assets/_Project/Scripts/Solver/Batch/SolverBatch.cs:193)
PPS.Solver.Batch.SolverBatch:Tick () (at Assets/_Project/Scripts/Solver/Batch/SolverBatch.cs:210)
UnityEditor.EditorApplication:Internal_CallUpdateFunctions ()

(Filename: Assets/_Project/Scripts/Solver/Batch/SolverBatch.cs Line: 193)

[SolverBatch] Stage14 — 46%  737판 굴림
UnityEngine.Debug:ExtractStackTraceNoAlloc (byte*,int,string)
UnityEngine.StackTraceUtility:ExtractStackTrace ()
UnityEngine.DebugLogHandler:Internal_Log (UnityEngine.LogType,UnityEngine.LogOption,string,UnityEngine.Object)
UnityEngine.DebugLogHandler:LogFormat (UnityEngine.LogType,UnityEngine.Object,string,object[])
UnityEngine.Logger:Log (UnityEngine.LogType,object)
UnityEngine.Debug:Log (object)
PPS.Solver.Batch.SolverBatch:Progress () (at Assets/_Project/Scripts/Solver/Batch/SolverBatch.cs:193)
PPS.Solver.Batch.SolverBatch:Tick () (at Assets/_Project/Scripts/Solver/Batch/SolverBatch.cs:210)
UnityEditor.EditorApplication:Internal_CallUpdateFunctions ()

(Filename: Assets/_Project/Scripts/Solver/Batch/SolverBatch.cs Line: 193)

[SolverBatch] Stage14 — 47%  770판 굴림
UnityEngine.Debug:ExtractStackTraceNoAlloc (byte*,int,string)
UnityEngine.StackTraceUtility:ExtractStackTrace ()
UnityEngine.DebugLogHandler:Internal_Log (UnityEngine.LogType,UnityEngine.LogOption,string,UnityEngine.Object)
UnityEngine.DebugLogHandler:LogFormat (UnityEngine.LogType,UnityEngine.Object,string,object[])
UnityEngine.Logger:Log (UnityEngine.LogType,object)
UnityEngine.Debug:Log (object)
PPS.Solver.Batch.SolverBatch:Progress () (at Assets/_Project/Scripts/Solver/Batch/SolverBatch.cs:193)
PPS.Solver.Batch.SolverBatch:Tick () (at Assets/_Project/Scripts/Solver/Batch/SolverBatch.cs:210)
UnityEditor.EditorApplication:Internal_CallUpdateFunctions ()

(Filename: Assets/_Project/Scripts/Solver/Batch/SolverBatch.cs Line: 193)

[SolverBatch] Stage14 — 47%  792판 굴림
UnityEngine.Debug:ExtractStackTraceNoAlloc (byte*,int,string)
UnityEngine.StackTraceUtility:ExtractStackTrace ()
UnityEngine.DebugLogHandler:Internal_Log (UnityEngine.LogType,UnityEngine.LogOption,string,UnityEngine.Object)
UnityEngine.DebugLogHandler:LogFormat (UnityEngine.LogType,UnityEngine.Object,string,object[])
UnityEngine.Logger:Log (UnityEngine.LogType,object)
UnityEngine.Debug:Log (object)
PPS.Solver.Batch.SolverBatch:Progress () (at Assets/_Project/Scripts/Solver/Batch/SolverBatch.cs:193)
PPS.Solver.Batch.SolverBatch:Tick () (at Assets/_Project/Scripts/Solver/Batch/SolverBatch.cs:210)
UnityEditor.EditorApplication:Internal_CallUpdateFunctions ()

(Filename: Assets/_Project/Scripts/Solver/Batch/SolverBatch.cs Line: 193)

[SolverBatch] Stage14 — 48%  834판 굴림
UnityEngine.Debug:ExtractStackTraceNoAlloc (byte*,int,string)
UnityEngine.StackTraceUtility:ExtractStackTrace ()
UnityEngine.DebugLogHandler:Internal_Log (UnityEngine.LogType,UnityEngine.LogOption,string,UnityEngine.Object)
UnityEngine.DebugLogHandler:LogFormat (UnityEngine.LogType,UnityEngine.Object,string,object[])
UnityEngine.Logger:Log (UnityEngine.LogType,object)
UnityEngine.Debug:Log (object)
PPS.Solver.Batch.SolverBatch:Progress () (at Assets/_Project/Scripts/Solver/Batch/SolverBatch.cs:193)
PPS.Solver.Batch.SolverBatch:Tick () (at Assets/_Project/Scripts/Solver/Batch/SolverBatch.cs:210)
UnityEditor.EditorApplication:Internal_CallUpdateFunctions ()

(Filename: Assets/_Project/Scripts/Solver/Batch/SolverBatch.cs Line: 193)

[SolverBatch] Stage14 — 48%  853판 굴림
UnityEngine.Debug:ExtractStackTraceNoAlloc (byte*,int,string)
UnityEngine.StackTraceUtility:ExtractStackTrace ()
UnityEngine.DebugLogHandler:Internal_Log (UnityEngine.LogType,UnityEngine.LogOption,string,UnityEngine.Object)
UnityEngine.DebugLogHandler:LogFormat (UnityEngine.LogType,UnityEngine.Object,string,object[])
UnityEngine.Logger:Log (UnityEngine.LogType,object)
UnityEngine.Debug:Log (object)
PPS.Solver.Batch.SolverBatch:Progress () (at Assets/_Project/Scripts/Solver/Batch/SolverBatch.cs:193)
PPS.Solver.Batch.SolverBatch:Tick () (at Assets/_Project/Scripts/Solver/Batch/SolverBatch.cs:210)
UnityEditor.EditorApplication:Internal_CallUpdateFunctions ()

(Filename: Assets/_Project/Scripts/Solver/Batch/SolverBatch.cs Line: 193)

[SolverBatch] Stage14 — 49%  898판 굴림
UnityEngine.Debug:ExtractStackTraceNoAlloc (byte*,int,string)
UnityEngine.StackTraceUtility:ExtractStackTrace ()
UnityEngine.DebugLogHandler:Internal_Log (UnityEngine.LogType,UnityEngine.LogOption,string,UnityEngine.Object)
UnityEngine.DebugLogHandler:LogFormat (UnityEngine.LogType,UnityEngine.Object,string,object[])
UnityEngine.Logger:Log (UnityEngine.LogType,object)
UnityEngine.Debug:Log (object)
PPS.Solver.Batch.SolverBatch:Progress () (at Assets/_Project/Scripts/Solver/Batch/SolverBatch.cs:193)
PPS.Solver.Batch.SolverBatch:Tick () (at Assets/_Project/Scripts/Solver/Batch/SolverBatch.cs:210)
UnityEditor.EditorApplication:Internal_CallUpdateFunctions ()

(Filename: Assets/_Project/Scripts/Solver/Batch/SolverBatch.cs Line: 193)

[SolverBatch] Stage14 — 49%  938판 굴림
UnityEngine.Debug:ExtractStackTraceNoAlloc (byte*,int,string)
UnityEngine.StackTraceUtility:ExtractStackTrace ()
UnityEngine.DebugLogHandler:Internal_Log (UnityEngine.LogType,UnityEngine.LogOption,string,UnityEngine.Object)
UnityEngine.DebugLogHandler:LogFormat (UnityEngine.LogType,UnityEngine.Object,string,object[])
UnityEngine.Logger:Log (UnityEngine.LogType,object)
UnityEngine.Debug:Log (object)
PPS.Solver.Batch.SolverBatch:Progress () (at Assets/_Project/Scripts/Solver/Batch/SolverBatch.cs:193)
PPS.Solver.Batch.SolverBatch:Tick () (at Assets/_Project/Scripts/Solver/Batch/SolverBatch.cs:210)
UnityEditor.EditorApplication:Internal_CallUpdateFunctions ()

(Filename: Assets/_Project/Scripts/Solver/Batch/SolverBatch.cs Line: 193)

[SolverBatch] Stage14 — 50%  985판 굴림
UnityEngine.Debug:ExtractStackTraceNoAlloc (byte*,int,string)
UnityEngine.StackTraceUtility:ExtractStackTrace ()
UnityEngine.DebugLogHandler:Internal_Log (UnityEngine.LogType,UnityEngine.LogOption,string,UnityEngine.Object)
UnityEngine.DebugLogHandler:LogFormat (UnityEngine.LogType,UnityEngine.Object,string,object[])
UnityEngine.Logger:Log (UnityEngine.LogType,object)
UnityEngine.Debug:Log (object)
PPS.Solver.Batch.SolverBatch:Progress () (at Assets/_Project/Scripts/Solver/Batch/SolverBatch.cs:193)
PPS.Solver.Batch.SolverBatch:Tick () (at Assets/_Project/Scripts/Solver/Batch/SolverBatch.cs:210)
UnityEditor.EditorApplication:Internal_CallUpdateFunctions ()

(Filename: Assets/_Project/Scripts/Solver/Batch/SolverBatch.cs Line: 193)

[SolverBatch] Stage14 — 51%  1022판 굴림
UnityEngine.Debug:ExtractStackTraceNoAlloc (byte*,int,string)
UnityEngine.StackTraceUtility:ExtractStackTrace ()
UnityEngine.DebugLogHandler:Internal_Log (UnityEngine.LogType,UnityEngine.LogOption,string,UnityEngine.Object)
UnityEngine.DebugLogHandler:LogFormat (UnityEngine.LogType,UnityEngine.Object,string,object[])
UnityEngine.Logger:Log (UnityEngine.LogType,object)
UnityEngine.Debug:Log (object)
PPS.Solver.Batch.SolverBatch:Progress () (at Assets/_Project/Scripts/Solver/Batch/SolverBatch.cs:193)
PPS.Solver.Batch.SolverBatch:Tick () (at Assets/_Project/Scripts/Solver/Batch/SolverBatch.cs:210)
UnityEditor.EditorApplication:Internal_CallUpdateFunctions ()

(Filename: Assets/_Project/Scripts/Solver/Batch/SolverBatch.cs Line: 193)

[SolverBatch] Stage14 — 51%  1052판 굴림
UnityEngine.Debug:ExtractStackTraceNoAlloc (byte*,int,string)
UnityEngine.StackTraceUtility:ExtractStackTrace ()
UnityEngine.DebugLogHandler:Internal_Log (UnityEngine.LogType,UnityEngine.LogOption,string,UnityEngine.Object)
UnityEngine.DebugLogHandler:LogFormat (UnityEngine.LogType,UnityEngine.Object,string,object[])
UnityEngine.Logger:Log (UnityEngine.LogType,object)
UnityEngine.Debug:Log (object)
PPS.Solver.Batch.SolverBatch:Progress () (at Assets/_Project/Scripts/Solver/Batch/SolverBatch.cs:193)
PPS.Solver.Batch.SolverBatch:Tick () (at Assets/_Project/Scripts/Solver/Batch/SolverBatch.cs:210)
UnityEditor.EditorApplication:Internal_CallUpdateFunctions ()

(Filename: Assets/_Project/Scripts/Solver/Batch/SolverBatch.cs Line: 193)

[SolverBatch] Stage14 — 52%  1093판 굴림
UnityEngine.Debug:ExtractStackTraceNoAlloc (byte*,int,string)
UnityEngine.StackTraceUtility:ExtractStackTrace ()
UnityEngine.DebugLogHandler:Internal_Log (UnityEngine.LogType,UnityEngine.LogOption,string,UnityEngine.Object)
UnityEngine.DebugLogHandler:LogFormat (UnityEngine.LogType,UnityEngine.Object,string,object[])
UnityEngine.Logger:Log (UnityEngine.LogType,object)
UnityEngine.Debug:Log (object)
PPS.Solver.Batch.SolverBatch:Progress () (at Assets/_Project/Scripts/Solver/Batch/SolverBatch.cs:193)
PPS.Solver.Batch.SolverBatch:Tick () (at Assets/_Project/Scripts/Solver/Batch/SolverBatch.cs:210)
UnityEditor.EditorApplication:Internal_CallUpdateFunctions ()

(Filename: Assets/_Project/Scripts/Solver/Batch/SolverBatch.cs Line: 193)

[SolverBatch] Stage14 — 52%  1129판 굴림
UnityEngine.Debug:ExtractStackTraceNoAlloc (byte*,int,string)
UnityEngine.StackTraceUtility:ExtractStackTrace ()
UnityEngine.DebugLogHandler:Internal_Log (UnityEngine.LogType,UnityEngine.LogOption,string,UnityEngine.Object)
UnityEngine.DebugLogHandler:LogFormat (UnityEngine.LogType,UnityEngine.Object,string,object[])
UnityEngine.Logger:Log (UnityEngine.LogType,object)
UnityEngine.Debug:Log (object)
PPS.Solver.Batch.SolverBatch:Progress () (at Assets/_Project/Scripts/Solver/Batch/SolverBatch.cs:193)
PPS.Solver.Batch.SolverBatch:Tick () (at Assets/_Project/Scripts/Solver/Batch/SolverBatch.cs:210)
UnityEditor.EditorApplication:Internal_CallUpdateFunctions ()

(Filename: Assets/_Project/Scripts/Solver/Batch/SolverBatch.cs Line: 193)

[SolverBatch] Stage14 — 53%  1152판 굴림
UnityEngine.Debug:ExtractStackTraceNoAlloc (byte*,int,string)
UnityEngine.StackTraceUtility:ExtractStackTrace ()
UnityEngine.DebugLogHandler:Internal_Log (UnityEngine.LogType,UnityEngine.LogOption,string,UnityEngine.Object)
UnityEngine.DebugLogHandler:LogFormat (UnityEngine.LogType,UnityEngine.Object,string,object[])
UnityEngine.Logger:Log (UnityEngine.LogType,object)
UnityEngine.Debug:Log (object)
PPS.Solver.Batch.SolverBatch:Progress () (at Assets/_Project/Scripts/Solver/Batch/SolverBatch.cs:193)
PPS.Solver.Batch.SolverBatch:Tick () (at Assets/_Project/Scripts/Solver/Batch/SolverBatch.cs:210)
UnityEditor.EditorApplication:Internal_CallUpdateFunctions ()

(Filename: Assets/_Project/Scripts/Solver/Batch/SolverBatch.cs Line: 193)

[SolverBatch] Stage14 — 53%  1172판 굴림
UnityEngine.Debug:ExtractStackTraceNoAlloc (byte*,int,string)
UnityEngine.StackTraceUtility:ExtractStackTrace ()
UnityEngine.DebugLogHandler:Internal_Log (UnityEngine.LogType,UnityEngine.LogOption,string,UnityEngine.Object)
UnityEngine.DebugLogHandler:LogFormat (UnityEngine.LogType,UnityEngine.Object,string,object[])
UnityEngine.Logger:Log (UnityEngine.LogType,object)
UnityEngine.Debug:Log (object)
PPS.Solver.Batch.SolverBatch:Progress () (at Assets/_Project/Scripts/Solver/Batch/SolverBatch.cs:193)
PPS.Solver.Batch.SolverBatch:Tick () (at Assets/_Project/Scripts/Solver/Batch/SolverBatch.cs:210)
UnityEditor.EditorApplication:Internal_CallUpdateFunctions ()

(Filename: Assets/_Project/Scripts/Solver/Batch/SolverBatch.cs Line: 193)

[SolverBatch] Stage14 — 53%  1197판 굴림
UnityEngine.Debug:ExtractStackTraceNoAlloc (byte*,int,string)
UnityEngine.StackTraceUtility:ExtractStackTrace ()
UnityEngine.DebugLogHandler:Internal_Log (UnityEngine.LogType,UnityEngine.LogOption,string,UnityEngine.Object)
UnityEngine.DebugLogHandler:LogFormat (UnityEngine.LogType,UnityEngine.Object,string,object[])
UnityEngine.Logger:Log (UnityEngine.LogType,object)
UnityEngine.Debug:Log (object)
PPS.Solver.Batch.SolverBatch:Progress () (at Assets/_Project/Scripts/Solver/Batch/SolverBatch.cs:193)
PPS.Solver.Batch.SolverBatch:Tick () (at Assets/_Project/Scripts/Solver/Batch/SolverBatch.cs:210)
UnityEditor.EditorApplication:Internal_CallUpdateFunctions ()

(Filename: Assets/_Project/Scripts/Solver/Batch/SolverBatch.cs Line: 193)

[SolverBatch] Stage14 — 53%  1204판 굴림
UnityEngine.Debug:ExtractStackTraceNoAlloc (byte*,int,string)
UnityEngine.StackTraceUtility:ExtractStackTrace ()
UnityEngine.DebugLogHandler:Internal_Log (UnityEngine.LogType,UnityEngine.LogOption,string,UnityEngine.Object)
UnityEngine.DebugLogHandler:LogFormat (UnityEngine.LogType,UnityEngine.Object,string,object[])
UnityEngine.Logger:Log (UnityEngine.LogType,object)
UnityEngine.Debug:Log (object)
PPS.Solver.Batch.SolverBatch:Progress () (at Assets/_Project/Scripts/Solver/Batch/SolverBatch.cs:193)
PPS.Solver.Batch.SolverBatch:Tick () (at Assets/_Project/Scripts/Solver/Batch/SolverBatch.cs:210)
UnityEditor.EditorApplication:Internal_CallUpdateFunctions ()

(Filename: Assets/_Project/Scripts/Solver/Batch/SolverBatch.cs Line: 193)

[SolverBatch] Stage14 — 53%  1205판 굴림
UnityEngine.Debug:ExtractStackTraceNoAlloc (byte*,int,string)
UnityEngine.StackTraceUtility:ExtractStackTrace ()
UnityEngine.DebugLogHandler:Internal_Log (UnityEngine.LogType,UnityEngine.LogOption,string,UnityEngine.Object)
UnityEngine.DebugLogHandler:LogFormat (UnityEngine.LogType,UnityEngine.Object,string,object[])
UnityEngine.Logger:Log (UnityEngine.LogType,object)
UnityEngine.Debug:Log (object)
PPS.Solver.Batch.SolverBatch:Progress () (at Assets/_Project/Scripts/Solver/Batch/SolverBatch.cs:193)
PPS.Solver.Batch.SolverBatch:Tick () (at Assets/_Project/Scripts/Solver/Batch/SolverBatch.cs:210)
UnityEditor.EditorApplication:Internal_CallUpdateFunctions ()

(Filename: Assets/_Project/Scripts/Solver/Batch/SolverBatch.cs Line: 193)

[SolverBatch] Stage14 — 53%  1206판 굴림
UnityEngine.Debug:ExtractStackTraceNoAlloc (byte*,int,string)
UnityEngine.StackTraceUtility:ExtractStackTrace ()
UnityEngine.DebugLogHandler:Internal_Log (UnityEngine.LogType,UnityEngine.LogOption,string,UnityEngine.Object)
UnityEngine.DebugLogHandler:LogFormat (UnityEngine.LogType,UnityEngine.Object,string,object[])
UnityEngine.Logger:Log (UnityEngine.LogType,object)
UnityEngine.Debug:Log (object)
PPS.Solver.Batch.SolverBatch:Progress () (at Assets/_Project/Scripts/Solver/Batch/SolverBatch.cs:193)
PPS.Solver.Batch.SolverBatch:Tick () (at Assets/_Project/Scripts/Solver/Batch/SolverBatch.cs:210)
UnityEditor.EditorApplication:Internal_CallUpdateFunctions ()

(Filename: Assets/_Project/Scripts/Solver/Batch/SolverBatch.cs Line: 193)

[SolverBatch] Stage14 — 53%  1207판 굴림
UnityEngine.Debug:ExtractStackTraceNoAlloc (byte*,int,string)
UnityEngine.StackTraceUtility:ExtractStackTrace ()
UnityEngine.DebugLogHandler:Internal_Log (UnityEngine.LogType,UnityEngine.LogOption,string,UnityEngine.Object)
UnityEngine.DebugLogHandler:LogFormat (UnityEngine.LogType,UnityEngine.Object,string,object[])
UnityEngine.Logger:Log (UnityEngine.LogType,object)
UnityEngine.Debug:Log (object)
PPS.Solver.Batch.SolverBatch:Progress () (at Assets/_Project/Scripts/Solver/Batch/SolverBatch.cs:193)
PPS.Solver.Batch.SolverBatch:Tick () (at Assets/_Project/Scripts/Solver/Batch/SolverBatch.cs:210)
UnityEditor.EditorApplication:Internal_CallUpdateFunctions ()

(Filename: Assets/_Project/Scripts/Solver/Batch/SolverBatch.cs Line: 193)

[SolverBatch] Stage14 — 53%  1211판 굴림
UnityEngine.Debug:ExtractStackTraceNoAlloc (byte*,int,string)
UnityEngine.StackTraceUtility:ExtractStackTrace ()
UnityEngine.DebugLogHandler:Internal_Log (UnityEngine.LogType,UnityEngine.LogOption,string,UnityEngine.Object)
UnityEngine.DebugLogHandler:LogFormat (UnityEngine.LogType,UnityEngine.Object,string,object[])
UnityEngine.Logger:Log (UnityEngine.LogType,object)
UnityEngine.Debug:Log (object)
PPS.Solver.Batch.SolverBatch:Progress () (at Assets/_Project/Scripts/Solver/Batch/SolverBatch.cs:193)
PPS.Solver.Batch.SolverBatch:Tick () (at Assets/_Project/Scripts/Solver/Batch/SolverBatch.cs:210)
UnityEditor.EditorApplication:Internal_CallUpdateFunctions ()

(Filename: Assets/_Project/Scripts/Solver/Batch/SolverBatch.cs Line: 193)

[SolverBatch] Stage14 — 53%  1212판 굴림
UnityEngine.Debug:ExtractStackTraceNoAlloc (byte*,int,string)
UnityEngine.StackTraceUtility:ExtractStackTrace ()
UnityEngine.DebugLogHandler:Internal_Log (UnityEngine.LogType,UnityEngine.LogOption,string,UnityEngine.Object)
UnityEngine.DebugLogHandler:LogFormat (UnityEngine.LogType,UnityEngine.Object,string,object[])
UnityEngine.Logger:Log (UnityEngine.LogType,object)
UnityEngine.Debug:Log (object)
PPS.Solver.Batch.SolverBatch:Progress () (at Assets/_Project/Scripts/Solver/Batch/SolverBatch.cs:193)
PPS.Solver.Batch.SolverBatch:Tick () (at Assets/_Project/Scripts/Solver/Batch/SolverBatch.cs:210)
UnityEditor.EditorApplication:Internal_CallUpdateFunctions ()

(Filename: Assets/_Project/Scripts/Solver/Batch/SolverBatch.cs Line: 193)

[SolverBatch] Stage14 — 54%  1241판 굴림
UnityEngine.Debug:ExtractStackTraceNoAlloc (byte*,int,string)
UnityEngine.StackTraceUtility:ExtractStackTrace ()
UnityEngine.DebugLogHandler:Internal_Log (UnityEngine.LogType,UnityEngine.LogOption,string,UnityEngine.Object)
UnityEngine.DebugLogHandler:LogFormat (UnityEngine.LogType,UnityEngine.Object,string,object[])
UnityEngine.Logger:Log (UnityEngine.LogType,object)
UnityEngine.Debug:Log (object)
PPS.Solver.Batch.SolverBatch:Progress () (at Assets/_Project/Scripts/Solver/Batch/SolverBatch.cs:193)
PPS.Solver.Batch.SolverBatch:Tick () (at Assets/_Project/Scripts/Solver/Batch/SolverBatch.cs:210)
UnityEditor.EditorApplication:Internal_CallUpdateFunctions ()

(Filename: Assets/_Project/Scripts/Solver/Batch/SolverBatch.cs Line: 193)

[SolverBatch] Stage14 — 54%  1264판 굴림
UnityEngine.Debug:ExtractStackTraceNoAlloc (byte*,int,string)
UnityEngine.StackTraceUtility:ExtractStackTrace ()
UnityEngine.DebugLogHandler:Internal_Log (UnityEngine.LogType,UnityEngine.LogOption,string,UnityEngine.Object)
UnityEngine.DebugLogHandler:LogFormat (UnityEngine.LogType,UnityEngine.Object,string,object[])
UnityEngine.Logger:Log (UnityEngine.LogType,object)
UnityEngine.Debug:Log (object)
PPS.Solver.Batch.SolverBatch:Progress () (at Assets/_Project/Scripts/Solver/Batch/SolverBatch.cs:193)
PPS.Solver.Batch.SolverBatch:Tick () (at Assets/_Project/Scripts/Solver/Batch/SolverBatch.cs:210)
UnityEditor.EditorApplication:Internal_CallUpdateFunctions ()

(Filename: Assets/_Project/Scripts/Solver/Batch/SolverBatch.cs Line: 193)

[SolverBatch] Stage14 — 55%  1277판 굴림
UnityEngine.Debug:ExtractStackTraceNoAlloc (byte*,int,string)
UnityEngine.StackTraceUtility:ExtractStackTrace ()
UnityEngine.DebugLogHandler:Internal_Log (UnityEngine.LogType,UnityEngine.LogOption,string,UnityEngine.Object)
UnityEngine.DebugLogHandler:LogFormat (UnityEngine.LogType,UnityEngine.Object,string,object[])
UnityEngine.Logger:Log (UnityEngine.LogType,object)
UnityEngine.Debug:Log (object)
PPS.Solver.Batch.SolverBatch:Progress () (at Assets/_Project/Scripts/Solver/Batch/SolverBatch.cs:193)
PPS.Solver.Batch.SolverBatch:Tick () (at Assets/_Project/Scripts/Solver/Batch/SolverBatch.cs:210)
UnityEditor.EditorApplication:Internal_CallUpdateFunctions ()

(Filename: Assets/_Project/Scripts/Solver/Batch/SolverBatch.cs Line: 193)

[SolverBatch] Stage14 — 55%  1298판 굴림
UnityEngine.Debug:ExtractStackTraceNoAlloc (byte*,int,string)
UnityEngine.StackTraceUtility:ExtractStackTrace ()
UnityEngine.DebugLogHandler:Internal_Log (UnityEngine.LogType,UnityEngine.LogOption,string,UnityEngine.Object)
UnityEngine.DebugLogHandler:LogFormat (UnityEngine.LogType,UnityEngine.Object,string,object[])
UnityEngine.Logger:Log (UnityEngine.LogType,object)
UnityEngine.Debug:Log (object)
PPS.Solver.Batch.SolverBatch:Progress () (at Assets/_Project/Scripts/Solver/Batch/SolverBatch.cs:193)
PPS.Solver.Batch.SolverBatch:Tick () (at Assets/_Project/Scripts/Solver/Batch/SolverBatch.cs:210)
UnityEditor.EditorApplication:Internal_CallUpdateFunctions ()

(Filename: Assets/_Project/Scripts/Solver/Batch/SolverBatch.cs Line: 193)

[SolverBatch] Stage14 — 55%  1310판 굴림
UnityEngine.Debug:ExtractStackTraceNoAlloc (byte*,int,string)
UnityEngine.StackTraceUtility:ExtractStackTrace ()
UnityEngine.DebugLogHandler:Internal_Log (UnityEngine.LogType,UnityEngine.LogOption,string,UnityEngine.Object)
UnityEngine.DebugLogHandler:LogFormat (UnityEngine.LogType,UnityEngine.Object,string,object[])
UnityEngine.Logger:Log (UnityEngine.LogType,object)
UnityEngine.Debug:Log (object)
PPS.Solver.Batch.SolverBatch:Progress () (at Assets/_Project/Scripts/Solver/Batch/SolverBatch.cs:193)
PPS.Solver.Batch.SolverBatch:Tick () (at Assets/_Project/Scripts/Solver/Batch/SolverBatch.cs:210)
UnityEditor.EditorApplication:Internal_CallUpdateFunctions ()

(Filename: Assets/_Project/Scripts/Solver/Batch/SolverBatch.cs Line: 193)

[SolverBatch] Stage14 — 55%  1325판 굴림
UnityEngine.Debug:ExtractStackTraceNoAlloc (byte*,int,string)
UnityEngine.StackTraceUtility:ExtractStackTrace ()
UnityEngine.DebugLogHandler:Internal_Log (UnityEngine.LogType,UnityEngine.LogOption,string,UnityEngine.Object)
UnityEngine.DebugLogHandler:LogFormat (UnityEngine.LogType,UnityEngine.Object,string,object[])
UnityEngine.Logger:Log (UnityEngine.LogType,object)
UnityEngine.Debug:Log (object)
PPS.Solver.Batch.SolverBatch:Progress () (at Assets/_Project/Scripts/Solver/Batch/SolverBatch.cs:193)
PPS.Solver.Batch.SolverBatch:Tick () (at Assets/_Project/Scripts/Solver/Batch/SolverBatch.cs:210)
UnityEditor.EditorApplication:Internal_CallUpdateFunctions ()

(Filename: Assets/_Project/Scripts/Solver/Batch/SolverBatch.cs Line: 193)

[SolverBatch] Stage14 — 56%  1346판 굴림
UnityEngine.Debug:ExtractStackTraceNoAlloc (byte*,int,string)
UnityEngine.StackTraceUtility:ExtractStackTrace ()
UnityEngine.DebugLogHandler:Internal_Log (UnityEngine.LogType,UnityEngine.LogOption,string,UnityEngine.Object)
UnityEngine.DebugLogHandler:LogFormat (UnityEngine.LogType,UnityEngine.Object,string,object[])
UnityEngine.Logger:Log (UnityEngine.LogType,object)
UnityEngine.Debug:Log (object)
PPS.Solver.Batch.SolverBatch:Progress () (at Assets/_Project/Scripts/Solver/Batch/SolverBatch.cs:193)
PPS.Solver.Batch.SolverBatch:Tick () (at Assets/_Project/Scripts/Solver/Batch/SolverBatch.cs:210)
UnityEditor.EditorApplication:Internal_CallUpdateFunctions ()

(Filename: Assets/_Project/Scripts/Solver/Batch/SolverBatch.cs Line: 193)

[SolverBatch] Stage14 — 56%  1371판 굴림
UnityEngine.Debug:ExtractStackTraceNoAlloc (byte*,int,string)
UnityEngine.StackTraceUtility:ExtractStackTrace ()
UnityEngine.DebugLogHandler:Internal_Log (UnityEngine.LogType,UnityEngine.LogOption,string,UnityEngine.Object)
UnityEngine.DebugLogHandler:LogFormat (UnityEngine.LogType,UnityEngine.Object,string,object[])
UnityEngine.Logger:Log (UnityEngine.LogType,object)
UnityEngine.Debug:Log (object)
PPS.Solver.Batch.SolverBatch:Progress () (at Assets/_Project/Scripts/Solver/Batch/SolverBatch.cs:193)
PPS.Solver.Batch.SolverBatch:Tick () (at Assets/_Project/Scripts/Solver/Batch/SolverBatch.cs:210)
UnityEditor.EditorApplication:Internal_CallUpdateFunctions ()

(Filename: Assets/_Project/Scripts/Solver/Batch/SolverBatch.cs Line: 193)

[SolverBatch] Stage14 — 56%  1392판 굴림
UnityEngine.Debug:ExtractStackTraceNoAlloc (byte*,int,string)
UnityEngine.StackTraceUtility:ExtractStackTrace ()
UnityEngine.DebugLogHandler:Internal_Log (UnityEngine.LogType,UnityEngine.LogOption,string,UnityEngine.Object)
UnityEngine.DebugLogHandler:LogFormat (UnityEngine.LogType,UnityEngine.Object,string,object[])
UnityEngine.Logger:Log (UnityEngine.LogType,object)
UnityEngine.Debug:Log (object)
PPS.Solver.Batch.SolverBatch:Progress () (at Assets/_Project/Scripts/Solver/Batch/SolverBatch.cs:193)
PPS.Solver.Batch.SolverBatch:Tick () (at Assets/_Project/Scripts/Solver/Batch/SolverBatch.cs:210)
UnityEditor.EditorApplication:Internal_CallUpdateFunctions ()

(Filename: Assets/_Project/Scripts/Solver/Batch/SolverBatch.cs Line: 193)

[SolverBatch] Stage14 — 57%  1416판 굴림
UnityEngine.Debug:ExtractStackTraceNoAlloc (byte*,int,string)
UnityEngine.StackTraceUtility:ExtractStackTrace ()
UnityEngine.DebugLogHandler:Internal_Log (UnityEngine.LogType,UnityEngine.LogOption,string,UnityEngine.Object)
UnityEngine.DebugLogHandler:LogFormat (UnityEngine.LogType,UnityEngine.Object,string,object[])
UnityEngine.Logger:Log (UnityEngine.LogType,object)
UnityEngine.Debug:Log (object)
PPS.Solver.Batch.SolverBatch:Progress () (at Assets/_Project/Scripts/Solver/Batch/SolverBatch.cs:193)
PPS.Solver.Batch.SolverBatch:Tick () (at Assets/_Project/Scripts/Solver/Batch/SolverBatch.cs:210)
UnityEditor.EditorApplication:Internal_CallUpdateFunctions ()

(Filename: Assets/_Project/Scripts/Solver/Batch/SolverBatch.cs Line: 193)

[SolverBatch] Stage14 — 57%  1451판 굴림
UnityEngine.Debug:ExtractStackTraceNoAlloc (byte*,int,string)
UnityEngine.StackTraceUtility:ExtractStackTrace ()
UnityEngine.DebugLogHandler:Internal_Log (UnityEngine.LogType,UnityEngine.LogOption,string,UnityEngine.Object)
UnityEngine.DebugLogHandler:LogFormat (UnityEngine.LogType,UnityEngine.Object,string,object[])
UnityEngine.Logger:Log (UnityEngine.LogType,object)
UnityEngine.Debug:Log (object)
PPS.Solver.Batch.SolverBatch:Progress () (at Assets/_Project/Scripts/Solver/Batch/SolverBatch.cs:193)
PPS.Solver.Batch.SolverBatch:Tick () (at Assets/_Project/Scripts/Solver/Batch/SolverBatch.cs:210)
UnityEditor.EditorApplication:Internal_CallUpdateFunctions ()

(Filename: Assets/_Project/Scripts/Solver/Batch/SolverBatch.cs Line: 193)

[SolverBatch] Stage14 — 58%  1479판 굴림
UnityEngine.Debug:ExtractStackTraceNoAlloc (byte*,int,string)
UnityEngine.StackTraceUtility:ExtractStackTrace ()
UnityEngine.DebugLogHandler:Internal_Log (UnityEngine.LogType,UnityEngine.LogOption,string,UnityEngine.Object)
UnityEngine.DebugLogHandler:LogFormat (UnityEngine.LogType,UnityEngine.Object,string,object[])
UnityEngine.Logger:Log (UnityEngine.LogType,object)
UnityEngine.Debug:Log (object)
PPS.Solver.Batch.SolverBatch:Progress () (at Assets/_Project/Scripts/Solver/Batch/SolverBatch.cs:193)
PPS.Solver.Batch.SolverBatch:Tick () (at Assets/_Project/Scripts/Solver/Batch/SolverBatch.cs:210)
UnityEditor.EditorApplication:Internal_CallUpdateFunctions ()

(Filename: Assets/_Project/Scripts/Solver/Batch/SolverBatch.cs Line: 193)

[SolverBatch] Stage14 — 58%  1506판 굴림
UnityEngine.Debug:ExtractStackTraceNoAlloc (byte*,int,string)
UnityEngine.StackTraceUtility:ExtractStackTrace ()
UnityEngine.DebugLogHandler:Internal_Log (UnityEngine.LogType,UnityEngine.LogOption,string,UnityEngine.Object)
UnityEngine.DebugLogHandler:LogFormat (UnityEngine.LogType,UnityEngine.Object,string,object[])
UnityEngine.Logger:Log (UnityEngine.LogType,object)
UnityEngine.Debug:Log (object)
PPS.Solver.Batch.SolverBatch:Progress () (at Assets/_Project/Scripts/Solver/Batch/SolverBatch.cs:193)
PPS.Solver.Batch.SolverBatch:Tick () (at Assets/_Project/Scripts/Solver/Batch/SolverBatch.cs:210)
UnityEditor.EditorApplication:Internal_CallUpdateFunctions ()

(Filename: Assets/_Project/Scripts/Solver/Batch/SolverBatch.cs Line: 193)

[SolverBatch] Stage14 — 58%  1534판 굴림
UnityEngine.Debug:ExtractStackTraceNoAlloc (byte*,int,string)
UnityEngine.StackTraceUtility:ExtractStackTrace ()
UnityEngine.DebugLogHandler:Internal_Log (UnityEngine.LogType,UnityEngine.LogOption,string,UnityEngine.Object)
UnityEngine.DebugLogHandler:LogFormat (UnityEngine.LogType,UnityEngine.Object,string,object[])
UnityEngine.Logger:Log (UnityEngine.LogType,object)
UnityEngine.Debug:Log (object)
PPS.Solver.Batch.SolverBatch:Progress () (at Assets/_Project/Scripts/Solver/Batch/SolverBatch.cs:193)
PPS.Solver.Batch.SolverBatch:Tick () (at Assets/_Project/Scripts/Solver/Batch/SolverBatch.cs:210)
UnityEditor.EditorApplication:Internal_CallUpdateFunctions ()

(Filename: Assets/_Project/Scripts/Solver/Batch/SolverBatch.cs Line: 193)

[SolverBatch] Stage14 — 58%  1553판 굴림
UnityEngine.Debug:ExtractStackTraceNoAlloc (byte*,int,string)
UnityEngine.StackTraceUtility:ExtractStackTrace ()
UnityEngine.DebugLogHandler:Internal_Log (UnityEngine.LogType,UnityEngine.LogOption,string,UnityEngine.Object)
UnityEngine.DebugLogHandler:LogFormat (UnityEngine.LogType,UnityEngine.Object,string,object[])
UnityEngine.Logger:Log (UnityEngine.LogType,object)
UnityEngine.Debug:Log (object)
PPS.Solver.Batch.SolverBatch:Progress () (at Assets/_Project/Scripts/Solver/Batch/SolverBatch.cs:193)
PPS.Solver.Batch.SolverBatch:Tick () (at Assets/_Project/Scripts/Solver/Batch/SolverBatch.cs:210)
UnityEditor.EditorApplication:Internal_CallUpdateFunctions ()

(Filename: Assets/_Project/Scripts/Solver/Batch/SolverBatch.cs Line: 193)

[SolverBatch] Stage14 — 59%  1594판 굴림
UnityEngine.Debug:ExtractStackTraceNoAlloc (byte*,int,string)
UnityEngine.StackTraceUtility:ExtractStackTrace ()
UnityEngine.DebugLogHandler:Internal_Log (UnityEngine.LogType,UnityEngine.LogOption,string,UnityEngine.Object)
UnityEngine.DebugLogHandler:LogFormat (UnityEngine.LogType,UnityEngine.Object,string,object[])
UnityEngine.Logger:Log (UnityEngine.LogType,object)
UnityEngine.Debug:Log (object)
PPS.Solver.Batch.SolverBatch:Progress () (at Assets/_Project/Scripts/Solver/Batch/SolverBatch.cs:193)
PPS.Solver.Batch.SolverBatch:Tick () (at Assets/_Project/Scripts/Solver/Batch/SolverBatch.cs:210)
UnityEditor.EditorApplication:Internal_CallUpdateFunctions ()

(Filename: Assets/_Project/Scripts/Solver/Batch/SolverBatch.cs Line: 193)

[SolverBatch] Stage14 — 59%  1637판 굴림
UnityEngine.Debug:ExtractStackTraceNoAlloc (byte*,int,string)
UnityEngine.StackTraceUtility:ExtractStackTrace ()
UnityEngine.DebugLogHandler:Internal_Log (UnityEngine.LogType,UnityEngine.LogOption,string,UnityEngine.Object)
UnityEngine.DebugLogHandler:LogFormat (UnityEngine.LogType,UnityEngine.Object,string,object[])
UnityEngine.Logger:Log (UnityEngine.LogType,object)
UnityEngine.Debug:Log (object)
PPS.Solver.Batch.SolverBatch:Progress () (at Assets/_Project/Scripts/Solver/Batch/SolverBatch.cs:193)
PPS.Solver.Batch.SolverBatch:Tick () (at Assets/_Project/Scripts/Solver/Batch/SolverBatch.cs:210)
UnityEditor.EditorApplication:Internal_CallUpdateFunctions ()

(Filename: Assets/_Project/Scripts/Solver/Batch/SolverBatch.cs Line: 193)

[SolverBatch] Stage14 — 60%  1670판 굴림
UnityEngine.Debug:ExtractStackTraceNoAlloc (byte*,int,string)
UnityEngine.StackTraceUtility:ExtractStackTrace ()
UnityEngine.DebugLogHandler:Internal_Log (UnityEngine.LogType,UnityEngine.LogOption,string,UnityEngine.Object)
UnityEngine.DebugLogHandler:LogFormat (UnityEngine.LogType,UnityEngine.Object,string,object[])
UnityEngine.Logger:Log (UnityEngine.LogType,object)
UnityEngine.Debug:Log (object)
PPS.Solver.Batch.SolverBatch:Progress () (at Assets/_Project/Scripts/Solver/Batch/SolverBatch.cs:193)
PPS.Solver.Batch.SolverBatch:Tick () (at Assets/_Project/Scripts/Solver/Batch/SolverBatch.cs:210)
UnityEditor.EditorApplication:Internal_CallUpdateFunctions ()

(Filename: Assets/_Project/Scripts/Solver/Batch/SolverBatch.cs Line: 193)

[SolverBatch] Stage14 — 60%  1705판 굴림
UnityEngine.Debug:ExtractStackTraceNoAlloc (byte*,int,string)
UnityEngine.StackTraceUtility:ExtractStackTrace ()
UnityEngine.DebugLogHandler:Internal_Log (UnityEngine.LogType,UnityEngine.LogOption,string,UnityEngine.Object)
UnityEngine.DebugLogHandler:LogFormat (UnityEngine.LogType,UnityEngine.Object,string,object[])
UnityEngine.Logger:Log (UnityEngine.LogType,object)
UnityEngine.Debug:Log (object)
PPS.Solver.Batch.SolverBatch:Progress () (at Assets/_Project/Scripts/Solver/Batch/SolverBatch.cs:193)
PPS.Solver.Batch.SolverBatch:Tick () (at Assets/_Project/Scripts/Solver/Batch/SolverBatch.cs:210)
UnityEditor.EditorApplication:Internal_CallUpdateFunctions ()

(Filename: Assets/_Project/Scripts/Solver/Batch/SolverBatch.cs Line: 193)

[SolverBatch] Stage14 — 60%  1725판 굴림
UnityEngine.Debug:ExtractStackTraceNoAlloc (byte*,int,string)
UnityEngine.StackTraceUtility:ExtractStackTrace ()
UnityEngine.DebugLogHandler:Internal_Log (UnityEngine.LogType,UnityEngine.LogOption,string,UnityEngine.Object)
UnityEngine.DebugLogHandler:LogFormat (UnityEngine.LogType,UnityEngine.Object,string,object[])
UnityEngine.Logger:Log (UnityEngine.LogType,object)
UnityEngine.Debug:Log (object)
PPS.Solver.Batch.SolverBatch:Progress () (at Assets/_Project/Scripts/Solver/Batch/SolverBatch.cs:193)
PPS.Solver.Batch.SolverBatch:Tick () (at Assets/_Project/Scripts/Solver/Batch/SolverBatch.cs:210)
UnityEditor.EditorApplication:Internal_CallUpdateFunctions ()

(Filename: Assets/_Project/Scripts/Solver/Batch/SolverBatch.cs Line: 193)

[SolverBatch] Stage14 — 60%  1752판 굴림
UnityEngine.Debug:ExtractStackTraceNoAlloc (byte*,int,string)
UnityEngine.StackTraceUtility:ExtractStackTrace ()
UnityEngine.DebugLogHandler:Internal_Log (UnityEngine.LogType,UnityEngine.LogOption,string,UnityEngine.Object)
UnityEngine.DebugLogHandler:LogFormat (UnityEngine.LogType,UnityEngine.Object,string,object[])
UnityEngine.Logger:Log (UnityEngine.LogType,object)
UnityEngine.Debug:Log (object)
PPS.Solver.Batch.SolverBatch:Progress () (at Assets/_Project/Scripts/Solver/Batch/SolverBatch.cs:193)
PPS.Solver.Batch.SolverBatch:Tick () (at Assets/_Project/Scripts/Solver/Batch/SolverBatch.cs:210)
UnityEditor.EditorApplication:Internal_CallUpdateFunctions ()

(Filename: Assets/_Project/Scripts/Solver/Batch/SolverBatch.cs Line: 193)

[SolverBatch] Stage14 — 61%  1782판 굴림
UnityEngine.Debug:ExtractStackTraceNoAlloc (byte*,int,string)
UnityEngine.StackTraceUtility:ExtractStackTrace ()
UnityEngine.DebugLogHandler:Internal_Log (UnityEngine.LogType,UnityEngine.LogOption,string,UnityEngine.Object)
UnityEngine.DebugLogHandler:LogFormat (UnityEngine.LogType,UnityEngine.Object,string,object[])
UnityEngine.Logger:Log (UnityEngine.LogType,object)
UnityEngine.Debug:Log (object)
PPS.Solver.Batch.SolverBatch:Progress () (at Assets/_Project/Scripts/Solver/Batch/SolverBatch.cs:193)
PPS.Solver.Batch.SolverBatch:Tick () (at Assets/_Project/Scripts/Solver/Batch/SolverBatch.cs:210)
UnityEditor.EditorApplication:Internal_CallUpdateFunctions ()

(Filename: Assets/_Project/Scripts/Solver/Batch/SolverBatch.cs Line: 193)

[SolverBatch] Stage14 — 61%  1810판 굴림
UnityEngine.Debug:ExtractStackTraceNoAlloc (byte*,int,string)
UnityEngine.StackTraceUtility:ExtractStackTrace ()
UnityEngine.DebugLogHandler:Internal_Log (UnityEngine.LogType,UnityEngine.LogOption,string,UnityEngine.Object)
UnityEngine.DebugLogHandler:LogFormat (UnityEngine.LogType,UnityEngine.Object,string,object[])
UnityEngine.Logger:Log (UnityEngine.LogType,object)
UnityEngine.Debug:Log (object)
PPS.Solver.Batch.SolverBatch:Progress () (at Assets/_Project/Scripts/Solver/Batch/SolverBatch.cs:193)
PPS.Solver.Batch.SolverBatch:Tick () (at Assets/_Project/Scripts/Solver/Batch/SolverBatch.cs:210)
UnityEditor.EditorApplication:Internal_CallUpdateFunctions ()

(Filename: Assets/_Project/Scripts/Solver/Batch/SolverBatch.cs Line: 193)

[SolverBatch] Stage14 — 61%  1844판 굴림
UnityEngine.Debug:ExtractStackTraceNoAlloc (byte*,int,string)
UnityEngine.StackTraceUtility:ExtractStackTrace ()
UnityEngine.DebugLogHandler:Internal_Log (UnityEngine.LogType,UnityEngine.LogOption,string,UnityEngine.Object)
UnityEngine.DebugLogHandler:LogFormat (UnityEngine.LogType,UnityEngine.Object,string,object[])
UnityEngine.Logger:Log (UnityEngine.LogType,object)
UnityEngine.Debug:Log (object)
PPS.Solver.Batch.SolverBatch:Progress () (at Assets/_Project/Scripts/Solver/Batch/SolverBatch.cs:193)
PPS.Solver.Batch.SolverBatch:Tick () (at Assets/_Project/Scripts/Solver/Batch/SolverBatch.cs:210)
UnityEditor.EditorApplication:Internal_CallUpdateFunctions ()

(Filename: Assets/_Project/Scripts/Solver/Batch/SolverBatch.cs Line: 193)

[SolverBatch] Stage14 — 62%  1861판 굴림
UnityEngine.Debug:ExtractStackTraceNoAlloc (byte*,int,string)
UnityEngine.StackTraceUtility:ExtractStackTrace ()
UnityEngine.DebugLogHandler:Internal_Log (UnityEngine.LogType,UnityEngine.LogOption,string,UnityEngine.Object)
UnityEngine.DebugLogHandler:LogFormat (UnityEngine.LogType,UnityEngine.Object,string,object[])
UnityEngine.Logger:Log (UnityEngine.LogType,object)
UnityEngine.Debug:Log (object)
PPS.Solver.Batch.SolverBatch:Progress () (at Assets/_Project/Scripts/Solver/Batch/SolverBatch.cs:193)
PPS.Solver.Batch.SolverBatch:Tick () (at Assets/_Project/Scripts/Solver/Batch/SolverBatch.cs:210)
UnityEditor.EditorApplication:Internal_CallUpdateFunctions ()

(Filename: Assets/_Project/Scripts/Solver/Batch/SolverBatch.cs Line: 193)

[SolverBatch] Stage14 — 62%  1882판 굴림
UnityEngine.Debug:ExtractStackTraceNoAlloc (byte*,int,string)
UnityEngine.StackTraceUtility:ExtractStackTrace ()
UnityEngine.DebugLogHandler:Internal_Log (UnityEngine.LogType,UnityEngine.LogOption,string,UnityEngine.Object)
UnityEngine.DebugLogHandler:LogFormat (UnityEngine.LogType,UnityEngine.Object,string,object[])
UnityEngine.Logger:Log (UnityEngine.LogType,object)
UnityEngine.Debug:Log (object)
PPS.Solver.Batch.SolverBatch:Progress () (at Assets/_Project/Scripts/Solver/Batch/SolverBatch.cs:193)
PPS.Solver.Batch.SolverBatch:Tick () (at Assets/_Project/Scripts/Solver/Batch/SolverBatch.cs:210)
UnityEditor.EditorApplication:Internal_CallUpdateFunctions ()

(Filename: Assets/_Project/Scripts/Solver/Batch/SolverBatch.cs Line: 193)

[SolverBatch] Stage14 — 62%  1901판 굴림
UnityEngine.Debug:ExtractStackTraceNoAlloc (byte*,int,string)
UnityEngine.StackTraceUtility:ExtractStackTrace ()
UnityEngine.DebugLogHandler:Internal_Log (UnityEngine.LogType,UnityEngine.LogOption,string,UnityEngine.Object)
UnityEngine.DebugLogHandler:LogFormat (UnityEngine.LogType,UnityEngine.Object,string,object[])
UnityEngine.Logger:Log (UnityEngine.LogType,object)
UnityEngine.Debug:Log (object)
PPS.Solver.Batch.SolverBatch:Progress () (at Assets/_Project/Scripts/Solver/Batch/SolverBatch.cs:193)
PPS.Solver.Batch.SolverBatch:Tick () (at Assets/_Project/Scripts/Solver/Batch/SolverBatch.cs:210)
UnityEditor.EditorApplication:Internal_CallUpdateFunctions ()

(Filename: Assets/_Project/Scripts/Solver/Batch/SolverBatch.cs Line: 193)

[SolverBatch] Stage14 — 62%  1916판 굴림
UnityEngine.Debug:ExtractStackTraceNoAlloc (byte*,int,string)
UnityEngine.StackTraceUtility:ExtractStackTrace ()
UnityEngine.DebugLogHandler:Internal_Log (UnityEngine.LogType,UnityEngine.LogOption,string,UnityEngine.Object)
UnityEngine.DebugLogHandler:LogFormat (UnityEngine.LogType,UnityEngine.Object,string,object[])
UnityEngine.Logger:Log (UnityEngine.LogType,object)
UnityEngine.Debug:Log (object)
PPS.Solver.Batch.SolverBatch:Progress () (at Assets/_Project/Scripts/Solver/Batch/SolverBatch.cs:193)
PPS.Solver.Batch.SolverBatch:Tick () (at Assets/_Project/Scripts/Solver/Batch/SolverBatch.cs:210)
UnityEditor.EditorApplication:Internal_CallUpdateFunctions ()

(Filename: Assets/_Project/Scripts/Solver/Batch/SolverBatch.cs Line: 193)

[SolverBatch] Stage14 — 62%  1928판 굴림
UnityEngine.Debug:ExtractStackTraceNoAlloc (byte*,int,string)
UnityEngine.StackTraceUtility:ExtractStackTrace ()
UnityEngine.DebugLogHandler:Internal_Log (UnityEngine.LogType,UnityEngine.LogOption,string,UnityEngine.Object)
UnityEngine.DebugLogHandler:LogFormat (UnityEngine.LogType,UnityEngine.Object,string,object[])
UnityEngine.Logger:Log (UnityEngine.LogType,object)
UnityEngine.Debug:Log (object)
PPS.Solver.Batch.SolverBatch:Progress () (at Assets/_Project/Scripts/Solver/Batch/SolverBatch.cs:193)
PPS.Solver.Batch.SolverBatch:Tick () (at Assets/_Project/Scripts/Solver/Batch/SolverBatch.cs:210)
UnityEditor.EditorApplication:Internal_CallUpdateFunctions ()

(Filename: Assets/_Project/Scripts/Solver/Batch/SolverBatch.cs Line: 193)

[SolverBatch] Stage14 — 63%  1957판 굴림
UnityEngine.Debug:ExtractStackTraceNoAlloc (byte*,int,string)
UnityEngine.StackTraceUtility:ExtractStackTrace ()
UnityEngine.DebugLogHandler:Internal_Log (UnityEngine.LogType,UnityEngine.LogOption,string,UnityEngine.Object)
UnityEngine.DebugLogHandler:LogFormat (UnityEngine.LogType,UnityEngine.Object,string,object[])
UnityEngine.Logger:Log (UnityEngine.LogType,object)
UnityEngine.Debug:Log (object)
PPS.Solver.Batch.SolverBatch:Progress () (at Assets/_Project/Scripts/Solver/Batch/SolverBatch.cs:193)
PPS.Solver.Batch.SolverBatch:Tick () (at Assets/_Project/Scripts/Solver/Batch/SolverBatch.cs:210)
UnityEditor.EditorApplication:Internal_CallUpdateFunctions ()

(Filename: Assets/_Project/Scripts/Solver/Batch/SolverBatch.cs Line: 193)

[SolverBatch] Stage14 — 63%  1979판 굴림
UnityEngine.Debug:ExtractStackTraceNoAlloc (byte*,int,string)
UnityEngine.StackTraceUtility:ExtractStackTrace ()
UnityEngine.DebugLogHandler:Internal_Log (UnityEngine.LogType,UnityEngine.LogOption,string,UnityEngine.Object)
UnityEngine.DebugLogHandler:LogFormat (UnityEngine.LogType,UnityEngine.Object,string,object[])
UnityEngine.Logger:Log (UnityEngine.LogType,object)
UnityEngine.Debug:Log (object)
PPS.Solver.Batch.SolverBatch:Progress () (at Assets/_Project/Scripts/Solver/Batch/SolverBatch.cs:193)
PPS.Solver.Batch.SolverBatch:Tick () (at Assets/_Project/Scripts/Solver/Batch/SolverBatch.cs:210)
UnityEditor.EditorApplication:Internal_CallUpdateFunctions ()

(Filename: Assets/_Project/Scripts/Solver/Batch/SolverBatch.cs Line: 193)

[SolverBatch] Stage14 — 67%  2013판 굴림
UnityEngine.Debug:ExtractStackTraceNoAlloc (byte*,int,string)
UnityEngine.StackTraceUtility:ExtractStackTrace ()
UnityEngine.DebugLogHandler:Internal_Log (UnityEngine.LogType,UnityEngine.LogOption,string,UnityEngine.Object)
UnityEngine.DebugLogHandler:LogFormat (UnityEngine.LogType,UnityEngine.Object,string,object[])
UnityEngine.Logger:Log (UnityEngine.LogType,object)
UnityEngine.Debug:Log (object)
PPS.Solver.Batch.SolverBatch:Progress () (at Assets/_Project/Scripts/Solver/Batch/SolverBatch.cs:193)
PPS.Solver.Batch.SolverBatch:Tick () (at Assets/_Project/Scripts/Solver/Batch/SolverBatch.cs:210)
UnityEditor.EditorApplication:Internal_CallUpdateFunctions ()

(Filename: Assets/_Project/Scripts/Solver/Batch/SolverBatch.cs Line: 193)

[SolverBatch] Stage14 — 71%  2023판 굴림
UnityEngine.Debug:ExtractStackTraceNoAlloc (byte*,int,string)
UnityEngine.StackTraceUtility:ExtractStackTrace ()
UnityEngine.DebugLogHandler:Internal_Log (UnityEngine.LogType,UnityEngine.LogOption,string,UnityEngine.Object)
UnityEngine.DebugLogHandler:LogFormat (UnityEngine.LogType,UnityEngine.Object,string,object[])
UnityEngine.Logger:Log (UnityEngine.LogType,object)
UnityEngine.Debug:Log (object)
PPS.Solver.Batch.SolverBatch:Progress () (at Assets/_Project/Scripts/Solver/Batch/SolverBatch.cs:193)
PPS.Solver.Batch.SolverBatch:Tick () (at Assets/_Project/Scripts/Solver/Batch/SolverBatch.cs:210)
UnityEditor.EditorApplication:Internal_CallUpdateFunctions ()

(Filename: Assets/_Project/Scripts/Solver/Batch/SolverBatch.cs Line: 193)

[SolverBatch] Stage14 — 75%  2030판 굴림
UnityEngine.Debug:ExtractStackTraceNoAlloc (byte*,int,string)
UnityEngine.StackTraceUtility:ExtractStackTrace ()
UnityEngine.DebugLogHandler:Internal_Log (UnityEngine.LogType,UnityEngine.LogOption,string,UnityEngine.Object)
UnityEngine.DebugLogHandler:LogFormat (UnityEngine.LogType,UnityEngine.Object,string,object[])
UnityEngine.Logger:Log (UnityEngine.LogType,object)
UnityEngine.Debug:Log (object)
PPS.Solver.Batch.SolverBatch:Progress () (at Assets/_Project/Scripts/Solver/Batch/SolverBatch.cs:193)
PPS.Solver.Batch.SolverBatch:Tick () (at Assets/_Project/Scripts/Solver/Batch/SolverBatch.cs:210)
UnityEditor.EditorApplication:Internal_CallUpdateFunctions ()

(Filename: Assets/_Project/Scripts/Solver/Batch/SolverBatch.cs Line: 193)

[SolverBatch] Stage14 — 79%  2045판 굴림
UnityEngine.Debug:ExtractStackTraceNoAlloc (byte*,int,string)
UnityEngine.StackTraceUtility:ExtractStackTrace ()
UnityEngine.DebugLogHandler:Internal_Log (UnityEngine.LogType,UnityEngine.LogOption,string,UnityEngine.Object)
UnityEngine.DebugLogHandler:LogFormat (UnityEngine.LogType,UnityEngine.Object,string,object[])
UnityEngine.Logger:Log (UnityEngine.LogType,object)
UnityEngine.Debug:Log (object)
PPS.Solver.Batch.SolverBatch:Progress () (at Assets/_Project/Scripts/Solver/Batch/SolverBatch.cs:193)
PPS.Solver.Batch.SolverBatch:Tick () (at Assets/_Project/Scripts/Solver/Batch/SolverBatch.cs:210)
UnityEditor.EditorApplication:Internal_CallUpdateFunctions ()

(Filename: Assets/_Project/Scripts/Solver/Batch/SolverBatch.cs Line: 193)

[SolverBatch] Stage14 — 83%  2059판 굴림
UnityEngine.Debug:ExtractStackTraceNoAlloc (byte*,int,string)
UnityEngine.StackTraceUtility:ExtractStackTrace ()
UnityEngine.DebugLogHandler:Internal_Log (UnityEngine.LogType,UnityEngine.LogOption,string,UnityEngine.Object)
UnityEngine.DebugLogHandler:LogFormat (UnityEngine.LogType,UnityEngine.Object,string,object[])
UnityEngine.Logger:Log (UnityEngine.LogType,object)
UnityEngine.Debug:Log (object)
PPS.Solver.Batch.SolverBatch:Progress () (at Assets/_Project/Scripts/Solver/Batch/SolverBatch.cs:193)
PPS.Solver.Batch.SolverBatch:Tick () (at Assets/_Project/Scripts/Solver/Batch/SolverBatch.cs:210)
UnityEditor.EditorApplication:Internal_CallUpdateFunctions ()

(Filename: Assets/_Project/Scripts/Solver/Batch/SolverBatch.cs Line: 193)

[SolverBatch] Stage14 — 88%  2076판 굴림
UnityEngine.Debug:ExtractStackTraceNoAlloc (byte*,int,string)
UnityEngine.StackTraceUtility:ExtractStackTrace ()
UnityEngine.DebugLogHandler:Internal_Log (UnityEngine.LogType,UnityEngine.LogOption,string,UnityEngine.Object)
UnityEngine.DebugLogHandler:LogFormat (UnityEngine.LogType,UnityEngine.Object,string,object[])
UnityEngine.Logger:Log (UnityEngine.LogType,object)
UnityEngine.Debug:Log (object)
PPS.Solver.Batch.SolverBatch:Progress () (at Assets/_Project/Scripts/Solver/Batch/SolverBatch.cs:193)
PPS.Solver.Batch.SolverBatch:Tick () (at Assets/_Project/Scripts/Solver/Batch/SolverBatch.cs:210)
UnityEditor.EditorApplication:Internal_CallUpdateFunctions ()

(Filename: Assets/_Project/Scripts/Solver/Batch/SolverBatch.cs Line: 193)

[SolverBatch] Stage14 — 92%  2088판 굴림
UnityEngine.Debug:ExtractStackTraceNoAlloc (byte*,int,string)
UnityEngine.StackTraceUtility:ExtractStackTrace ()
UnityEngine.DebugLogHandler:Internal_Log (UnityEngine.LogType,UnityEngine.LogOption,string,UnityEngine.Object)
UnityEngine.DebugLogHandler:LogFormat (UnityEngine.LogType,UnityEngine.Object,string,object[])
UnityEngine.Logger:Log (UnityEngine.LogType,object)
UnityEngine.Debug:Log (object)
PPS.Solver.Batch.SolverBatch:Progress () (at Assets/_Project/Scripts/Solver/Batch/SolverBatch.cs:193)
PPS.Solver.Batch.SolverBatch:Tick () (at Assets/_Project/Scripts/Solver/Batch/SolverBatch.cs:210)
UnityEditor.EditorApplication:Internal_CallUpdateFunctions ()

(Filename: Assets/_Project/Scripts/Solver/Batch/SolverBatch.cs Line: 193)

[SolverBatch] Stage14 — 96%  2105판 굴림
UnityEngine.Debug:ExtractStackTraceNoAlloc (byte*,int,string)
UnityEngine.StackTraceUtility:ExtractStackTrace ()
UnityEngine.DebugLogHandler:Internal_Log (UnityEngine.LogType,UnityEngine.LogOption,string,UnityEngine.Object)
UnityEngine.DebugLogHandler:LogFormat (UnityEngine.LogType,UnityEngine.Object,string,object[])
UnityEngine.Logger:Log (UnityEngine.LogType,object)
UnityEngine.Debug:Log (object)
PPS.Solver.Batch.SolverBatch:Progress () (at Assets/_Project/Scripts/Solver/Batch/SolverBatch.cs:193)
PPS.Solver.Batch.SolverBatch:Tick () (at Assets/_Project/Scripts/Solver/Batch/SolverBatch.cs:210)
UnityEditor.EditorApplication:Internal_CallUpdateFunctions ()

(Filename: Assets/_Project/Scripts/Solver/Batch/SolverBatch.cs Line: 193)

[SolverBatch] [16/22] Stage14 — Corridor 로 풀림 (2112회 시도) (184.0초)
UnityEngine.Debug:ExtractStackTraceNoAlloc (byte*,int,string)
UnityEngine.StackTraceUtility:ExtractStackTrace ()
UnityEngine.DebugLogHandler:Internal_Log (UnityEngine.LogType,UnityEngine.LogOption,string,UnityEngine.Object)
UnityEngine.DebugLogHandler:LogFormat (UnityEngine.LogType,UnityEngine.Object,string,object[])
UnityEngine.Logger:Log (UnityEngine.LogType,object)
UnityEngine.Debug:Log (object)
PPS.Solver.Batch.SolverBatch:FinishStage () (at Assets/_Project/Scripts/Solver/Batch/SolverBatch.cs:273)
PPS.Solver.Batch.SolverBatch:Tick () (at Assets/_Project/Scripts/Solver/Batch/SolverBatch.cs:214)
UnityEditor.EditorApplication:Internal_CallUpdateFunctions ()

(Filename: Assets/_Project/Scripts/Solver/Batch/SolverBatch.cs Line: 273)

[SolverBatch] Stage15 — 34%  105판 굴림
UnityEngine.Debug:ExtractStackTraceNoAlloc (byte*,int,string)
UnityEngine.StackTraceUtility:ExtractStackTrace ()
UnityEngine.DebugLogHandler:Internal_Log (UnityEngine.LogType,UnityEngine.LogOption,string,UnityEngine.Object)
UnityEngine.DebugLogHandler:LogFormat (UnityEngine.LogType,UnityEngine.Object,string,object[])
UnityEngine.Logger:Log (UnityEngine.LogType,object)
UnityEngine.Debug:Log (object)
PPS.Solver.Batch.SolverBatch:Progress () (at Assets/_Project/Scripts/Solver/Batch/SolverBatch.cs:193)
PPS.Solver.Batch.SolverBatch:Tick () (at Assets/_Project/Scripts/Solver/Batch/SolverBatch.cs:210)
UnityEditor.EditorApplication:Internal_CallUpdateFunctions ()

(Filename: Assets/_Project/Scripts/Solver/Batch/SolverBatch.cs Line: 193)

[SolverBatch] Stage15 — 35%  217판 굴림
UnityEngine.Debug:ExtractStackTraceNoAlloc (byte*,int,string)
UnityEngine.StackTraceUtility:ExtractStackTrace ()
UnityEngine.DebugLogHandler:Internal_Log (UnityEngine.LogType,UnityEngine.LogOption,string,UnityEngine.Object)
UnityEngine.DebugLogHandler:LogFormat (UnityEngine.LogType,UnityEngine.Object,string,object[])
UnityEngine.Logger:Log (UnityEngine.LogType,object)
UnityEngine.Debug:Log (object)
PPS.Solver.Batch.SolverBatch:Progress () (at Assets/_Project/Scripts/Solver/Batch/SolverBatch.cs:193)
PPS.Solver.Batch.SolverBatch:Tick () (at Assets/_Project/Scripts/Solver/Batch/SolverBatch.cs:210)
UnityEditor.EditorApplication:Internal_CallUpdateFunctions ()

(Filename: Assets/_Project/Scripts/Solver/Batch/SolverBatch.cs Line: 193)

[SolverBatch] Stage15 — 38%  336판 굴림
UnityEngine.Debug:ExtractStackTraceNoAlloc (byte*,int,string)
UnityEngine.StackTraceUtility:ExtractStackTrace ()
UnityEngine.DebugLogHandler:Internal_Log (UnityEngine.LogType,UnityEngine.LogOption,string,UnityEngine.Object)
UnityEngine.DebugLogHandler:LogFormat (UnityEngine.LogType,UnityEngine.Object,string,object[])
UnityEngine.Logger:Log (UnityEngine.LogType,object)
UnityEngine.Debug:Log (object)
PPS.Solver.Batch.SolverBatch:Progress () (at Assets/_Project/Scripts/Solver/Batch/SolverBatch.cs:193)
PPS.Solver.Batch.SolverBatch:Tick () (at Assets/_Project/Scripts/Solver/Batch/SolverBatch.cs:210)
UnityEditor.EditorApplication:Internal_CallUpdateFunctions ()

(Filename: Assets/_Project/Scripts/Solver/Batch/SolverBatch.cs Line: 193)

[SolverBatch] Stage15 — 39%  439판 굴림
UnityEngine.Debug:ExtractStackTraceNoAlloc (byte*,int,string)
UnityEngine.StackTraceUtility:ExtractStackTrace ()
UnityEngine.DebugLogHandler:Internal_Log (UnityEngine.LogType,UnityEngine.LogOption,string,UnityEngine.Object)
UnityEngine.DebugLogHandler:LogFormat (UnityEngine.LogType,UnityEngine.Object,string,object[])
UnityEngine.Logger:Log (UnityEngine.LogType,object)
UnityEngine.Debug:Log (object)
PPS.Solver.Batch.SolverBatch:Progress () (at Assets/_Project/Scripts/Solver/Batch/SolverBatch.cs:193)
PPS.Solver.Batch.SolverBatch:Tick () (at Assets/_Project/Scripts/Solver/Batch/SolverBatch.cs:210)
UnityEditor.EditorApplication:Internal_CallUpdateFunctions ()

(Filename: Assets/_Project/Scripts/Solver/Batch/SolverBatch.cs Line: 193)

[SolverBatch] Stage15 — 40%  540판 굴림
UnityEngine.Debug:ExtractStackTraceNoAlloc (byte*,int,string)
UnityEngine.StackTraceUtility:ExtractStackTrace ()
UnityEngine.DebugLogHandler:Internal_Log (UnityEngine.LogType,UnityEngine.LogOption,string,UnityEngine.Object)
UnityEngine.DebugLogHandler:LogFormat (UnityEngine.LogType,UnityEngine.Object,string,object[])
UnityEngine.Logger:Log (UnityEngine.LogType,object)
UnityEngine.Debug:Log (object)
PPS.Solver.Batch.SolverBatch:Progress () (at Assets/_Project/Scripts/Solver/Batch/SolverBatch.cs:193)
PPS.Solver.Batch.SolverBatch:Tick () (at Assets/_Project/Scripts/Solver/Batch/SolverBatch.cs:210)
UnityEditor.EditorApplication:Internal_CallUpdateFunctions ()

(Filename: Assets/_Project/Scripts/Solver/Batch/SolverBatch.cs Line: 193)

[SolverBatch] Stage15 — 43%  642판 굴림
UnityEngine.Debug:ExtractStackTraceNoAlloc (byte*,int,string)
UnityEngine.StackTraceUtility:ExtractStackTrace ()
UnityEngine.DebugLogHandler:Internal_Log (UnityEngine.LogType,UnityEngine.LogOption,string,UnityEngine.Object)
UnityEngine.DebugLogHandler:LogFormat (UnityEngine.LogType,UnityEngine.Object,string,object[])
UnityEngine.Logger:Log (UnityEngine.LogType,object)
UnityEngine.Debug:Log (object)
PPS.Solver.Batch.SolverBatch:Progress () (at Assets/_Project/Scripts/Solver/Batch/SolverBatch.cs:193)
PPS.Solver.Batch.SolverBatch:Tick () (at Assets/_Project/Scripts/Solver/Batch/SolverBatch.cs:210)
UnityEditor.EditorApplication:Internal_CallUpdateFunctions ()

(Filename: Assets/_Project/Scripts/Solver/Batch/SolverBatch.cs Line: 193)

[SolverBatch] Stage15 — 44%  747판 굴림
UnityEngine.Debug:ExtractStackTraceNoAlloc (byte*,int,string)
UnityEngine.StackTraceUtility:ExtractStackTrace ()
UnityEngine.DebugLogHandler:Internal_Log (UnityEngine.LogType,UnityEngine.LogOption,string,UnityEngine.Object)
UnityEngine.DebugLogHandler:LogFormat (UnityEngine.LogType,UnityEngine.Object,string,object[])
UnityEngine.Logger:Log (UnityEngine.LogType,object)
UnityEngine.Debug:Log (object)
PPS.Solver.Batch.SolverBatch:Progress () (at Assets/_Project/Scripts/Solver/Batch/SolverBatch.cs:193)
PPS.Solver.Batch.SolverBatch:Tick () (at Assets/_Project/Scripts/Solver/Batch/SolverBatch.cs:210)
UnityEditor.EditorApplication:Internal_CallUpdateFunctions ()

(Filename: Assets/_Project/Scripts/Solver/Batch/SolverBatch.cs Line: 193)

[SolverBatch] Stage15 — 46%  854판 굴림
UnityEngine.Debug:ExtractStackTraceNoAlloc (byte*,int,string)
UnityEngine.StackTraceUtility:ExtractStackTrace ()
UnityEngine.DebugLogHandler:Internal_Log (UnityEngine.LogType,UnityEngine.LogOption,string,UnityEngine.Object)
UnityEngine.DebugLogHandler:LogFormat (UnityEngine.LogType,UnityEngine.Object,string,object[])
UnityEngine.Logger:Log (UnityEngine.LogType,object)
UnityEngine.Debug:Log (object)
PPS.Solver.Batch.SolverBatch:Progress () (at Assets/_Project/Scripts/Solver/Batch/SolverBatch.cs:193)
PPS.Solver.Batch.SolverBatch:Tick () (at Assets/_Project/Scripts/Solver/Batch/SolverBatch.cs:210)
UnityEditor.EditorApplication:Internal_CallUpdateFunctions ()

(Filename: Assets/_Project/Scripts/Solver/Batch/SolverBatch.cs Line: 193)

[SolverBatch] Stage15 — 46%  942판 굴림
UnityEngine.Debug:ExtractStackTraceNoAlloc (byte*,int,string)
UnityEngine.StackTraceUtility:ExtractStackTrace ()
UnityEngine.DebugLogHandler:Internal_Log (UnityEngine.LogType,UnityEngine.LogOption,string,UnityEngine.Object)
UnityEngine.DebugLogHandler:LogFormat (UnityEngine.LogType,UnityEngine.Object,string,object[])
UnityEngine.Logger:Log (UnityEngine.LogType,object)
UnityEngine.Debug:Log (object)
PPS.Solver.Batch.SolverBatch:Progress () (at Assets/_Project/Scripts/Solver/Batch/SolverBatch.cs:193)
PPS.Solver.Batch.SolverBatch:Tick () (at Assets/_Project/Scripts/Solver/Batch/SolverBatch.cs:210)
UnityEditor.EditorApplication:Internal_CallUpdateFunctions ()

(Filename: Assets/_Project/Scripts/Solver/Batch/SolverBatch.cs Line: 193)

[SolverBatch] Stage15 — 48%  1029판 굴림
UnityEngine.Debug:ExtractStackTraceNoAlloc (byte*,int,string)
UnityEngine.StackTraceUtility:ExtractStackTrace ()
UnityEngine.DebugLogHandler:Internal_Log (UnityEngine.LogType,UnityEngine.LogOption,string,UnityEngine.Object)
UnityEngine.DebugLogHandler:LogFormat (UnityEngine.LogType,UnityEngine.Object,string,object[])
UnityEngine.Logger:Log (UnityEngine.LogType,object)
UnityEngine.Debug:Log (object)
PPS.Solver.Batch.SolverBatch:Progress () (at Assets/_Project/Scripts/Solver/Batch/SolverBatch.cs:193)
PPS.Solver.Batch.SolverBatch:Tick () (at Assets/_Project/Scripts/Solver/Batch/SolverBatch.cs:210)
UnityEditor.EditorApplication:Internal_CallUpdateFunctions ()

(Filename: Assets/_Project/Scripts/Solver/Batch/SolverBatch.cs Line: 193)

[SolverBatch] Stage15 — 49%  1127판 굴림
UnityEngine.Debug:ExtractStackTraceNoAlloc (byte*,int,string)
UnityEngine.StackTraceUtility:ExtractStackTrace ()
UnityEngine.DebugLogHandler:Internal_Log (UnityEngine.LogType,UnityEngine.LogOption,string,UnityEngine.Object)
UnityEngine.DebugLogHandler:LogFormat (UnityEngine.LogType,UnityEngine.Object,string,object[])
UnityEngine.Logger:Log (UnityEngine.LogType,object)
UnityEngine.Debug:Log (object)
PPS.Solver.Batch.SolverBatch:Progress () (at Assets/_Project/Scripts/Solver/Batch/SolverBatch.cs:193)
PPS.Solver.Batch.SolverBatch:Tick () (at Assets/_Project/Scripts/Solver/Batch/SolverBatch.cs:210)
UnityEditor.EditorApplication:Internal_CallUpdateFunctions ()

(Filename: Assets/_Project/Scripts/Solver/Batch/SolverBatch.cs Line: 193)

[SolverBatch] Stage15 — 50%  1235판 굴림
UnityEngine.Debug:ExtractStackTraceNoAlloc (byte*,int,string)
UnityEngine.StackTraceUtility:ExtractStackTrace ()
UnityEngine.DebugLogHandler:Internal_Log (UnityEngine.LogType,UnityEngine.LogOption,string,UnityEngine.Object)
UnityEngine.DebugLogHandler:LogFormat (UnityEngine.LogType,UnityEngine.Object,string,object[])
UnityEngine.Logger:Log (UnityEngine.LogType,object)
UnityEngine.Debug:Log (object)
PPS.Solver.Batch.SolverBatch:Progress () (at Assets/_Project/Scripts/Solver/Batch/SolverBatch.cs:193)
PPS.Solver.Batch.SolverBatch:Tick () (at Assets/_Project/Scripts/Solver/Batch/SolverBatch.cs:210)
UnityEditor.EditorApplication:Internal_CallUpdateFunctions ()

(Filename: Assets/_Project/Scripts/Solver/Batch/SolverBatch.cs Line: 193)

[SolverBatch] Stage15 — 51%  1316판 굴림
UnityEngine.Debug:ExtractStackTraceNoAlloc (byte*,int,string)
UnityEngine.StackTraceUtility:ExtractStackTrace ()
UnityEngine.DebugLogHandler:Internal_Log (UnityEngine.LogType,UnityEngine.LogOption,string,UnityEngine.Object)
UnityEngine.DebugLogHandler:LogFormat (UnityEngine.LogType,UnityEngine.Object,string,object[])
UnityEngine.Logger:Log (UnityEngine.LogType,object)
UnityEngine.Debug:Log (object)
PPS.Solver.Batch.SolverBatch:Progress () (at Assets/_Project/Scripts/Solver/Batch/SolverBatch.cs:193)
PPS.Solver.Batch.SolverBatch:Tick () (at Assets/_Project/Scripts/Solver/Batch/SolverBatch.cs:210)
UnityEditor.EditorApplication:Internal_CallUpdateFunctions ()

(Filename: Assets/_Project/Scripts/Solver/Batch/SolverBatch.cs Line: 193)

[SolverBatch] Stage15 — 52%  1391판 굴림
UnityEngine.Debug:ExtractStackTraceNoAlloc (byte*,int,string)
UnityEngine.StackTraceUtility:ExtractStackTrace ()
UnityEngine.DebugLogHandler:Internal_Log (UnityEngine.LogType,UnityEngine.LogOption,string,UnityEngine.Object)
UnityEngine.DebugLogHandler:LogFormat (UnityEngine.LogType,UnityEngine.Object,string,object[])
UnityEngine.Logger:Log (UnityEngine.LogType,object)
UnityEngine.Debug:Log (object)
PPS.Solver.Batch.SolverBatch:Progress () (at Assets/_Project/Scripts/Solver/Batch/SolverBatch.cs:193)
PPS.Solver.Batch.SolverBatch:Tick () (at Assets/_Project/Scripts/Solver/Batch/SolverBatch.cs:210)
UnityEditor.EditorApplication:Internal_CallUpdateFunctions ()

(Filename: Assets/_Project/Scripts/Solver/Batch/SolverBatch.cs Line: 193)

[SolverBatch] Stage15 — 53%  1472판 굴림
UnityEngine.Debug:ExtractStackTraceNoAlloc (byte*,int,string)
UnityEngine.StackTraceUtility:ExtractStackTrace ()
UnityEngine.DebugLogHandler:Internal_Log (UnityEngine.LogType,UnityEngine.LogOption,string,UnityEngine.Object)
UnityEngine.DebugLogHandler:LogFormat (UnityEngine.LogType,UnityEngine.Object,string,object[])
UnityEngine.Logger:Log (UnityEngine.LogType,object)
UnityEngine.Debug:Log (object)
PPS.Solver.Batch.SolverBatch:Progress () (at Assets/_Project/Scripts/Solver/Batch/SolverBatch.cs:193)
PPS.Solver.Batch.SolverBatch:Tick () (at Assets/_Project/Scripts/Solver/Batch/SolverBatch.cs:210)
UnityEditor.EditorApplication:Internal_CallUpdateFunctions ()

(Filename: Assets/_Project/Scripts/Solver/Batch/SolverBatch.cs Line: 193)

[SolverBatch] Stage15 — 54%  1556판 굴림
UnityEngine.Debug:ExtractStackTraceNoAlloc (byte*,int,string)
UnityEngine.StackTraceUtility:ExtractStackTrace ()
UnityEngine.DebugLogHandler:Internal_Log (UnityEngine.LogType,UnityEngine.LogOption,string,UnityEngine.Object)
UnityEngine.DebugLogHandler:LogFormat (UnityEngine.LogType,UnityEngine.Object,string,object[])
UnityEngine.Logger:Log (UnityEngine.LogType,object)
UnityEngine.Debug:Log (object)
PPS.Solver.Batch.SolverBatch:Progress () (at Assets/_Project/Scripts/Solver/Batch/SolverBatch.cs:193)
PPS.Solver.Batch.SolverBatch:Tick () (at Assets/_Project/Scripts/Solver/Batch/SolverBatch.cs:210)
UnityEditor.EditorApplication:Internal_CallUpdateFunctions ()

(Filename: Assets/_Project/Scripts/Solver/Batch/SolverBatch.cs Line: 193)

[SolverBatch] Stage15 — 55%  1635판 굴림
UnityEngine.Debug:ExtractStackTraceNoAlloc (byte*,int,string)
UnityEngine.StackTraceUtility:ExtractStackTrace ()
UnityEngine.DebugLogHandler:Internal_Log (UnityEngine.LogType,UnityEngine.LogOption,string,UnityEngine.Object)
UnityEngine.DebugLogHandler:LogFormat (UnityEngine.LogType,UnityEngine.Object,string,object[])
UnityEngine.Logger:Log (UnityEngine.LogType,object)
UnityEngine.Debug:Log (object)
PPS.Solver.Batch.SolverBatch:Progress () (at Assets/_Project/Scripts/Solver/Batch/SolverBatch.cs:193)
PPS.Solver.Batch.SolverBatch:Tick () (at Assets/_Project/Scripts/Solver/Batch/SolverBatch.cs:210)
UnityEditor.EditorApplication:Internal_CallUpdateFunctions ()

(Filename: Assets/_Project/Scripts/Solver/Batch/SolverBatch.cs Line: 193)

[SolverBatch] Stage15 — 56%  1703판 굴림
UnityEngine.Debug:ExtractStackTraceNoAlloc (byte*,int,string)
UnityEngine.StackTraceUtility:ExtractStackTrace ()
UnityEngine.DebugLogHandler:Internal_Log (UnityEngine.LogType,UnityEngine.LogOption,string,UnityEngine.Object)
UnityEngine.DebugLogHandler:LogFormat (UnityEngine.LogType,UnityEngine.Object,string,object[])
UnityEngine.Logger:Log (UnityEngine.LogType,object)
UnityEngine.Debug:Log (object)
PPS.Solver.Batch.SolverBatch:Progress () (at Assets/_Project/Scripts/Solver/Batch/SolverBatch.cs:193)
PPS.Solver.Batch.SolverBatch:Tick () (at Assets/_Project/Scripts/Solver/Batch/SolverBatch.cs:210)
UnityEditor.EditorApplication:Internal_CallUpdateFunctions ()

(Filename: Assets/_Project/Scripts/Solver/Batch/SolverBatch.cs Line: 193)

[SolverBatch] Stage15 — 57%  1778판 굴림
UnityEngine.Debug:ExtractStackTraceNoAlloc (byte*,int,string)
UnityEngine.StackTraceUtility:ExtractStackTrace ()
UnityEngine.DebugLogHandler:Internal_Log (UnityEngine.LogType,UnityEngine.LogOption,string,UnityEngine.Object)
UnityEngine.DebugLogHandler:LogFormat (UnityEngine.LogType,UnityEngine.Object,string,object[])
UnityEngine.Logger:Log (UnityEngine.LogType,object)
UnityEngine.Debug:Log (object)
PPS.Solver.Batch.SolverBatch:Progress () (at Assets/_Project/Scripts/Solver/Batch/SolverBatch.cs:193)
PPS.Solver.Batch.SolverBatch:Tick () (at Assets/_Project/Scripts/Solver/Batch/SolverBatch.cs:210)
UnityEditor.EditorApplication:Internal_CallUpdateFunctions ()

(Filename: Assets/_Project/Scripts/Solver/Batch/SolverBatch.cs Line: 193)

[SolverBatch] Stage15 — 58%  1859판 굴림
UnityEngine.Debug:ExtractStackTraceNoAlloc (byte*,int,string)
UnityEngine.StackTraceUtility:ExtractStackTrace ()
UnityEngine.DebugLogHandler:Internal_Log (UnityEngine.LogType,UnityEngine.LogOption,string,UnityEngine.Object)
UnityEngine.DebugLogHandler:LogFormat (UnityEngine.LogType,UnityEngine.Object,string,object[])
UnityEngine.Logger:Log (UnityEngine.LogType,object)
UnityEngine.Debug:Log (object)
PPS.Solver.Batch.SolverBatch:Progress () (at Assets/_Project/Scripts/Solver/Batch/SolverBatch.cs:193)
PPS.Solver.Batch.SolverBatch:Tick () (at Assets/_Project/Scripts/Solver/Batch/SolverBatch.cs:210)
UnityEditor.EditorApplication:Internal_CallUpdateFunctions ()

(Filename: Assets/_Project/Scripts/Solver/Batch/SolverBatch.cs Line: 193)

[SolverBatch] Stage15 — 58%  1927판 굴림
UnityEngine.Debug:ExtractStackTraceNoAlloc (byte*,int,string)
UnityEngine.StackTraceUtility:ExtractStackTrace ()
UnityEngine.DebugLogHandler:Internal_Log (UnityEngine.LogType,UnityEngine.LogOption,string,UnityEngine.Object)
UnityEngine.DebugLogHandler:LogFormat (UnityEngine.LogType,UnityEngine.Object,string,object[])
UnityEngine.Logger:Log (UnityEngine.LogType,object)
UnityEngine.Debug:Log (object)
PPS.Solver.Batch.SolverBatch:Progress () (at Assets/_Project/Scripts/Solver/Batch/SolverBatch.cs:193)
PPS.Solver.Batch.SolverBatch:Tick () (at Assets/_Project/Scripts/Solver/Batch/SolverBatch.cs:210)
UnityEditor.EditorApplication:Internal_CallUpdateFunctions ()

(Filename: Assets/_Project/Scripts/Solver/Batch/SolverBatch.cs Line: 193)

[SolverBatch] Stage15 — 67%  2018판 굴림
UnityEngine.Debug:ExtractStackTraceNoAlloc (byte*,int,string)
UnityEngine.StackTraceUtility:ExtractStackTrace ()
UnityEngine.DebugLogHandler:Internal_Log (UnityEngine.LogType,UnityEngine.LogOption,string,UnityEngine.Object)
UnityEngine.DebugLogHandler:LogFormat (UnityEngine.LogType,UnityEngine.Object,string,object[])
UnityEngine.Logger:Log (UnityEngine.LogType,object)
UnityEngine.Debug:Log (object)
PPS.Solver.Batch.SolverBatch:Progress () (at Assets/_Project/Scripts/Solver/Batch/SolverBatch.cs:193)
PPS.Solver.Batch.SolverBatch:Tick () (at Assets/_Project/Scripts/Solver/Batch/SolverBatch.cs:210)
UnityEditor.EditorApplication:Internal_CallUpdateFunctions ()

(Filename: Assets/_Project/Scripts/Solver/Batch/SolverBatch.cs Line: 193)

[SolverBatch] Stage15 — 74%  2071판 굴림
UnityEngine.Debug:ExtractStackTraceNoAlloc (byte*,int,string)
UnityEngine.StackTraceUtility:ExtractStackTrace ()
UnityEngine.DebugLogHandler:Internal_Log (UnityEngine.LogType,UnityEngine.LogOption,string,UnityEngine.Object)
UnityEngine.DebugLogHandler:LogFormat (UnityEngine.LogType,UnityEngine.Object,string,object[])
UnityEngine.Logger:Log (UnityEngine.LogType,object)
UnityEngine.Debug:Log (object)
PPS.Solver.Batch.SolverBatch:Progress () (at Assets/_Project/Scripts/Solver/Batch/SolverBatch.cs:193)
PPS.Solver.Batch.SolverBatch:Tick () (at Assets/_Project/Scripts/Solver/Batch/SolverBatch.cs:210)
UnityEditor.EditorApplication:Internal_CallUpdateFunctions ()

(Filename: Assets/_Project/Scripts/Solver/Batch/SolverBatch.cs Line: 193)

[SolverBatch] Stage15 — 86%  2121판 굴림
UnityEngine.Debug:ExtractStackTraceNoAlloc (byte*,int,string)
UnityEngine.StackTraceUtility:ExtractStackTrace ()
UnityEngine.DebugLogHandler:Internal_Log (UnityEngine.LogType,UnityEngine.LogOption,string,UnityEngine.Object)
UnityEngine.DebugLogHandler:LogFormat (UnityEngine.LogType,UnityEngine.Object,string,object[])
UnityEngine.Logger:Log (UnityEngine.LogType,object)
UnityEngine.Debug:Log (object)
PPS.Solver.Batch.SolverBatch:Progress () (at Assets/_Project/Scripts/Solver/Batch/SolverBatch.cs:193)
PPS.Solver.Batch.SolverBatch:Tick () (at Assets/_Project/Scripts/Solver/Batch/SolverBatch.cs:210)
UnityEditor.EditorApplication:Internal_CallUpdateFunctions ()

(Filename: Assets/_Project/Scripts/Solver/Batch/SolverBatch.cs Line: 193)

[SolverBatch] Stage15 — 97%  2156판 굴림
UnityEngine.Debug:ExtractStackTraceNoAlloc (byte*,int,string)
UnityEngine.StackTraceUtility:ExtractStackTrace ()
UnityEngine.DebugLogHandler:Internal_Log (UnityEngine.LogType,UnityEngine.LogOption,string,UnityEngine.Object)
UnityEngine.DebugLogHandler:LogFormat (UnityEngine.LogType,UnityEngine.Object,string,object[])
UnityEngine.Logger:Log (UnityEngine.LogType,object)
UnityEngine.Debug:Log (object)
PPS.Solver.Batch.SolverBatch:Progress () (at Assets/_Project/Scripts/Solver/Batch/SolverBatch.cs:193)
PPS.Solver.Batch.SolverBatch:Tick () (at Assets/_Project/Scripts/Solver/Batch/SolverBatch.cs:210)
UnityEditor.EditorApplication:Internal_CallUpdateFunctions ()

(Filename: Assets/_Project/Scripts/Solver/Batch/SolverBatch.cs Line: 193)

[SolverBatch] [17/22] Stage15 — Corridor 로 풀림 (2193회 시도) (53.2초)
UnityEngine.Debug:ExtractStackTraceNoAlloc (byte*,int,string)
UnityEngine.StackTraceUtility:ExtractStackTrace ()
UnityEngine.DebugLogHandler:Internal_Log (UnityEngine.LogType,UnityEngine.LogOption,string,UnityEngine.Object)
UnityEngine.DebugLogHandler:LogFormat (UnityEngine.LogType,UnityEngine.Object,string,object[])
UnityEngine.Logger:Log (UnityEngine.LogType,object)
UnityEngine.Debug:Log (object)
PPS.Solver.Batch.SolverBatch:FinishStage () (at Assets/_Project/Scripts/Solver/Batch/SolverBatch.cs:273)
PPS.Solver.Batch.SolverBatch:Tick () (at Assets/_Project/Scripts/Solver/Batch/SolverBatch.cs:214)
UnityEditor.EditorApplication:Internal_CallUpdateFunctions ()

(Filename: Assets/_Project/Scripts/Solver/Batch/SolverBatch.cs Line: 273)

[SolverBatch] Stage16 — 34%  51판 굴림
UnityEngine.Debug:ExtractStackTraceNoAlloc (byte*,int,string)
UnityEngine.StackTraceUtility:ExtractStackTrace ()
UnityEngine.DebugLogHandler:Internal_Log (UnityEngine.LogType,UnityEngine.LogOption,string,UnityEngine.Object)
UnityEngine.DebugLogHandler:LogFormat (UnityEngine.LogType,UnityEngine.Object,string,object[])
UnityEngine.Logger:Log (UnityEngine.LogType,object)
UnityEngine.Debug:Log (object)
PPS.Solver.Batch.SolverBatch:Progress () (at Assets/_Project/Scripts/Solver/Batch/SolverBatch.cs:193)
PPS.Solver.Batch.SolverBatch:Tick () (at Assets/_Project/Scripts/Solver/Batch/SolverBatch.cs:210)
UnityEditor.EditorApplication:Internal_CallUpdateFunctions ()

(Filename: Assets/_Project/Scripts/Solver/Batch/SolverBatch.cs Line: 193)

[SolverBatch] Stage16 — 36%  110판 굴림
UnityEngine.Debug:ExtractStackTraceNoAlloc (byte*,int,string)
UnityEngine.StackTraceUtility:ExtractStackTrace ()
UnityEngine.DebugLogHandler:Internal_Log (UnityEngine.LogType,UnityEngine.LogOption,string,UnityEngine.Object)
UnityEngine.DebugLogHandler:LogFormat (UnityEngine.LogType,UnityEngine.Object,string,object[])
UnityEngine.Logger:Log (UnityEngine.LogType,object)
UnityEngine.Debug:Log (object)
PPS.Solver.Batch.SolverBatch:Progress () (at Assets/_Project/Scripts/Solver/Batch/SolverBatch.cs:193)
PPS.Solver.Batch.SolverBatch:Tick () (at Assets/_Project/Scripts/Solver/Batch/SolverBatch.cs:210)
UnityEditor.EditorApplication:Internal_CallUpdateFunctions ()

(Filename: Assets/_Project/Scripts/Solver/Batch/SolverBatch.cs Line: 193)

[SolverBatch] Stage16 — 38%  181판 굴림
UnityEngine.Debug:ExtractStackTraceNoAlloc (byte*,int,string)
UnityEngine.StackTraceUtility:ExtractStackTrace ()
UnityEngine.DebugLogHandler:Internal_Log (UnityEngine.LogType,UnityEngine.LogOption,string,UnityEngine.Object)
UnityEngine.DebugLogHandler:LogFormat (UnityEngine.LogType,UnityEngine.Object,string,object[])
UnityEngine.Logger:Log (UnityEngine.LogType,object)
UnityEngine.Debug:Log (object)
PPS.Solver.Batch.SolverBatch:Progress () (at Assets/_Project/Scripts/Solver/Batch/SolverBatch.cs:193)
PPS.Solver.Batch.SolverBatch:Tick () (at Assets/_Project/Scripts/Solver/Batch/SolverBatch.cs:210)
UnityEditor.EditorApplication:Internal_CallUpdateFunctions ()

(Filename: Assets/_Project/Scripts/Solver/Batch/SolverBatch.cs Line: 193)

[SolverBatch] Stage16 — 41%  265판 굴림
UnityEngine.Debug:ExtractStackTraceNoAlloc (byte*,int,string)
UnityEngine.StackTraceUtility:ExtractStackTrace ()
UnityEngine.DebugLogHandler:Internal_Log (UnityEngine.LogType,UnityEngine.LogOption,string,UnityEngine.Object)
UnityEngine.DebugLogHandler:LogFormat (UnityEngine.LogType,UnityEngine.Object,string,object[])
UnityEngine.Logger:Log (UnityEngine.LogType,object)
UnityEngine.Debug:Log (object)
PPS.Solver.Batch.SolverBatch:Progress () (at Assets/_Project/Scripts/Solver/Batch/SolverBatch.cs:193)
PPS.Solver.Batch.SolverBatch:Tick () (at Assets/_Project/Scripts/Solver/Batch/SolverBatch.cs:210)
UnityEditor.EditorApplication:Internal_CallUpdateFunctions ()

(Filename: Assets/_Project/Scripts/Solver/Batch/SolverBatch.cs Line: 193)

[SolverBatch] Stage16 — 44%  329판 굴림
UnityEngine.Debug:ExtractStackTraceNoAlloc (byte*,int,string)
UnityEngine.StackTraceUtility:ExtractStackTrace ()
UnityEngine.DebugLogHandler:Internal_Log (UnityEngine.LogType,UnityEngine.LogOption,string,UnityEngine.Object)
UnityEngine.DebugLogHandler:LogFormat (UnityEngine.LogType,UnityEngine.Object,string,object[])
UnityEngine.Logger:Log (UnityEngine.LogType,object)
UnityEngine.Debug:Log (object)
PPS.Solver.Batch.SolverBatch:Progress () (at Assets/_Project/Scripts/Solver/Batch/SolverBatch.cs:193)
PPS.Solver.Batch.SolverBatch:Tick () (at Assets/_Project/Scripts/Solver/Batch/SolverBatch.cs:210)
UnityEditor.EditorApplication:Internal_CallUpdateFunctions ()

(Filename: Assets/_Project/Scripts/Solver/Batch/SolverBatch.cs Line: 193)

[SolverBatch] Stage16 — 46%  385판 굴림
UnityEngine.Debug:ExtractStackTraceNoAlloc (byte*,int,string)
UnityEngine.StackTraceUtility:ExtractStackTrace ()
UnityEngine.DebugLogHandler:Internal_Log (UnityEngine.LogType,UnityEngine.LogOption,string,UnityEngine.Object)
UnityEngine.DebugLogHandler:LogFormat (UnityEngine.LogType,UnityEngine.Object,string,object[])
UnityEngine.Logger:Log (UnityEngine.LogType,object)
UnityEngine.Debug:Log (object)
PPS.Solver.Batch.SolverBatch:Progress () (at Assets/_Project/Scripts/Solver/Batch/SolverBatch.cs:193)
PPS.Solver.Batch.SolverBatch:Tick () (at Assets/_Project/Scripts/Solver/Batch/SolverBatch.cs:210)
UnityEditor.EditorApplication:Internal_CallUpdateFunctions ()

(Filename: Assets/_Project/Scripts/Solver/Batch/SolverBatch.cs Line: 193)

[SolverBatch] Stage16 — 47%  433판 굴림
UnityEngine.Debug:ExtractStackTraceNoAlloc (byte*,int,string)
UnityEngine.StackTraceUtility:ExtractStackTrace ()
UnityEngine.DebugLogHandler:Internal_Log (UnityEngine.LogType,UnityEngine.LogOption,string,UnityEngine.Object)
UnityEngine.DebugLogHandler:LogFormat (UnityEngine.LogType,UnityEngine.Object,string,object[])
UnityEngine.Logger:Log (UnityEngine.LogType,object)
UnityEngine.Debug:Log (object)
PPS.Solver.Batch.SolverBatch:Progress () (at Assets/_Project/Scripts/Solver/Batch/SolverBatch.cs:193)
PPS.Solver.Batch.SolverBatch:Tick () (at Assets/_Project/Scripts/Solver/Batch/SolverBatch.cs:210)
UnityEditor.EditorApplication:Internal_CallUpdateFunctions ()

(Filename: Assets/_Project/Scripts/Solver/Batch/SolverBatch.cs Line: 193)

[SolverBatch] Stage16 — 48%  473판 굴림
UnityEngine.Debug:ExtractStackTraceNoAlloc (byte*,int,string)
UnityEngine.StackTraceUtility:ExtractStackTrace ()
UnityEngine.DebugLogHandler:Internal_Log (UnityEngine.LogType,UnityEngine.LogOption,string,UnityEngine.Object)
UnityEngine.DebugLogHandler:LogFormat (UnityEngine.LogType,UnityEngine.Object,string,object[])
UnityEngine.Logger:Log (UnityEngine.LogType,object)
UnityEngine.Debug:Log (object)
PPS.Solver.Batch.SolverBatch:Progress () (at Assets/_Project/Scripts/Solver/Batch/SolverBatch.cs:193)
PPS.Solver.Batch.SolverBatch:Tick () (at Assets/_Project/Scripts/Solver/Batch/SolverBatch.cs:210)
UnityEditor.EditorApplication:Internal_CallUpdateFunctions ()

(Filename: Assets/_Project/Scripts/Solver/Batch/SolverBatch.cs Line: 193)

[SolverBatch] Stage16 — 50%  537판 굴림
UnityEngine.Debug:ExtractStackTraceNoAlloc (byte*,int,string)
UnityEngine.StackTraceUtility:ExtractStackTrace ()
UnityEngine.DebugLogHandler:Internal_Log (UnityEngine.LogType,UnityEngine.LogOption,string,UnityEngine.Object)
UnityEngine.DebugLogHandler:LogFormat (UnityEngine.LogType,UnityEngine.Object,string,object[])
UnityEngine.Logger:Log (UnityEngine.LogType,object)
UnityEngine.Debug:Log (object)
PPS.Solver.Batch.SolverBatch:Progress () (at Assets/_Project/Scripts/Solver/Batch/SolverBatch.cs:193)
PPS.Solver.Batch.SolverBatch:Tick () (at Assets/_Project/Scripts/Solver/Batch/SolverBatch.cs:210)
UnityEditor.EditorApplication:Internal_CallUpdateFunctions ()

(Filename: Assets/_Project/Scripts/Solver/Batch/SolverBatch.cs Line: 193)

[SolverBatch] Stage16 — 51%  589판 굴림
UnityEngine.Debug:ExtractStackTraceNoAlloc (byte*,int,string)
UnityEngine.StackTraceUtility:ExtractStackTrace ()
UnityEngine.DebugLogHandler:Internal_Log (UnityEngine.LogType,UnityEngine.LogOption,string,UnityEngine.Object)
UnityEngine.DebugLogHandler:LogFormat (UnityEngine.LogType,UnityEngine.Object,string,object[])
UnityEngine.Logger:Log (UnityEngine.LogType,object)
UnityEngine.Debug:Log (object)
PPS.Solver.Batch.SolverBatch:Progress () (at Assets/_Project/Scripts/Solver/Batch/SolverBatch.cs:193)
PPS.Solver.Batch.SolverBatch:Tick () (at Assets/_Project/Scripts/Solver/Batch/SolverBatch.cs:210)
UnityEditor.EditorApplication:Internal_CallUpdateFunctions ()

(Filename: Assets/_Project/Scripts/Solver/Batch/SolverBatch.cs Line: 193)

[SolverBatch] Stage16 — 53%  636판 굴림
UnityEngine.Debug:ExtractStackTraceNoAlloc (byte*,int,string)
UnityEngine.StackTraceUtility:ExtractStackTrace ()
UnityEngine.DebugLogHandler:Internal_Log (UnityEngine.LogType,UnityEngine.LogOption,string,UnityEngine.Object)
UnityEngine.DebugLogHandler:LogFormat (UnityEngine.LogType,UnityEngine.Object,string,object[])
UnityEngine.Logger:Log (UnityEngine.LogType,object)
UnityEngine.Debug:Log (object)
PPS.Solver.Batch.SolverBatch:Progress () (at Assets/_Project/Scripts/Solver/Batch/SolverBatch.cs:193)
PPS.Solver.Batch.SolverBatch:Tick () (at Assets/_Project/Scripts/Solver/Batch/SolverBatch.cs:210)
UnityEditor.EditorApplication:Internal_CallUpdateFunctions ()

(Filename: Assets/_Project/Scripts/Solver/Batch/SolverBatch.cs Line: 193)

[SolverBatch] Stage16 — 54%  688판 굴림
UnityEngine.Debug:ExtractStackTraceNoAlloc (byte*,int,string)
UnityEngine.StackTraceUtility:ExtractStackTrace ()
UnityEngine.DebugLogHandler:Internal_Log (UnityEngine.LogType,UnityEngine.LogOption,string,UnityEngine.Object)
UnityEngine.DebugLogHandler:LogFormat (UnityEngine.LogType,UnityEngine.Object,string,object[])
UnityEngine.Logger:Log (UnityEngine.LogType,object)
UnityEngine.Debug:Log (object)
PPS.Solver.Batch.SolverBatch:Progress () (at Assets/_Project/Scripts/Solver/Batch/SolverBatch.cs:193)
PPS.Solver.Batch.SolverBatch:Tick () (at Assets/_Project/Scripts/Solver/Batch/SolverBatch.cs:210)
UnityEditor.EditorApplication:Internal_CallUpdateFunctions ()

(Filename: Assets/_Project/Scripts/Solver/Batch/SolverBatch.cs Line: 193)

[SolverBatch] Stage16 — 55%  711판 굴림
UnityEngine.Debug:ExtractStackTraceNoAlloc (byte*,int,string)
UnityEngine.StackTraceUtility:ExtractStackTrace ()
UnityEngine.DebugLogHandler:Internal_Log (UnityEngine.LogType,UnityEngine.LogOption,string,UnityEngine.Object)
UnityEngine.DebugLogHandler:LogFormat (UnityEngine.LogType,UnityEngine.Object,string,object[])
UnityEngine.Logger:Log (UnityEngine.LogType,object)
UnityEngine.Debug:Log (object)
PPS.Solver.Batch.SolverBatch:Progress () (at Assets/_Project/Scripts/Solver/Batch/SolverBatch.cs:193)
PPS.Solver.Batch.SolverBatch:Tick () (at Assets/_Project/Scripts/Solver/Batch/SolverBatch.cs:210)
UnityEditor.EditorApplication:Internal_CallUpdateFunctions ()

(Filename: Assets/_Project/Scripts/Solver/Batch/SolverBatch.cs Line: 193)

[SolverBatch] Stage16 — 56%  733판 굴림
UnityEngine.Debug:ExtractStackTraceNoAlloc (byte*,int,string)
UnityEngine.StackTraceUtility:ExtractStackTrace ()
UnityEngine.DebugLogHandler:Internal_Log (UnityEngine.LogType,UnityEngine.LogOption,string,UnityEngine.Object)
UnityEngine.DebugLogHandler:LogFormat (UnityEngine.LogType,UnityEngine.Object,string,object[])
UnityEngine.Logger:Log (UnityEngine.LogType,object)
UnityEngine.Debug:Log (object)
PPS.Solver.Batch.SolverBatch:Progress () (at Assets/_Project/Scripts/Solver/Batch/SolverBatch.cs:193)
PPS.Solver.Batch.SolverBatch:Tick () (at Assets/_Project/Scripts/Solver/Batch/SolverBatch.cs:210)
UnityEditor.EditorApplication:Internal_CallUpdateFunctions ()

(Filename: Assets/_Project/Scripts/Solver/Batch/SolverBatch.cs Line: 193)

[SolverBatch] Stage16 — 56%  768판 굴림
UnityEngine.Debug:ExtractStackTraceNoAlloc (byte*,int,string)
UnityEngine.StackTraceUtility:ExtractStackTrace ()
UnityEngine.DebugLogHandler:Internal_Log (UnityEngine.LogType,UnityEngine.LogOption,string,UnityEngine.Object)
UnityEngine.DebugLogHandler:LogFormat (UnityEngine.LogType,UnityEngine.Object,string,object[])
UnityEngine.Logger:Log (UnityEngine.LogType,object)
UnityEngine.Debug:Log (object)
PPS.Solver.Batch.SolverBatch:Progress () (at Assets/_Project/Scripts/Solver/Batch/SolverBatch.cs:193)
PPS.Solver.Batch.SolverBatch:Tick () (at Assets/_Project/Scripts/Solver/Batch/SolverBatch.cs:210)
UnityEditor.EditorApplication:Internal_CallUpdateFunctions ()

(Filename: Assets/_Project/Scripts/Solver/Batch/SolverBatch.cs Line: 193)

[SolverBatch] Stage16 — 57%  812판 굴림
UnityEngine.Debug:ExtractStackTraceNoAlloc (byte*,int,string)
UnityEngine.StackTraceUtility:ExtractStackTrace ()
UnityEngine.DebugLogHandler:Internal_Log (UnityEngine.LogType,UnityEngine.LogOption,string,UnityEngine.Object)
UnityEngine.DebugLogHandler:LogFormat (UnityEngine.LogType,UnityEngine.Object,string,object[])
UnityEngine.Logger:Log (UnityEngine.LogType,object)
UnityEngine.Debug:Log (object)
PPS.Solver.Batch.SolverBatch:Progress () (at Assets/_Project/Scripts/Solver/Batch/SolverBatch.cs:193)
PPS.Solver.Batch.SolverBatch:Tick () (at Assets/_Project/Scripts/Solver/Batch/SolverBatch.cs:210)
UnityEditor.EditorApplication:Internal_CallUpdateFunctions ()

(Filename: Assets/_Project/Scripts/Solver/Batch/SolverBatch.cs Line: 193)

[SolverBatch] Stage16 — 58%  851판 굴림
UnityEngine.Debug:ExtractStackTraceNoAlloc (byte*,int,string)
UnityEngine.StackTraceUtility:ExtractStackTrace ()
UnityEngine.DebugLogHandler:Internal_Log (UnityEngine.LogType,UnityEngine.LogOption,string,UnityEngine.Object)
UnityEngine.DebugLogHandler:LogFormat (UnityEngine.LogType,UnityEngine.Object,string,object[])
UnityEngine.Logger:Log (UnityEngine.LogType,object)
UnityEngine.Debug:Log (object)
PPS.Solver.Batch.SolverBatch:Progress () (at Assets/_Project/Scripts/Solver/Batch/SolverBatch.cs:193)
PPS.Solver.Batch.SolverBatch:Tick () (at Assets/_Project/Scripts/Solver/Batch/SolverBatch.cs:210)
UnityEditor.EditorApplication:Internal_CallUpdateFunctions ()

(Filename: Assets/_Project/Scripts/Solver/Batch/SolverBatch.cs Line: 193)

[SolverBatch] Stage16 — 59%  894판 굴림
UnityEngine.Debug:ExtractStackTraceNoAlloc (byte*,int,string)
UnityEngine.StackTraceUtility:ExtractStackTrace ()
UnityEngine.DebugLogHandler:Internal_Log (UnityEngine.LogType,UnityEngine.LogOption,string,UnityEngine.Object)
UnityEngine.DebugLogHandler:LogFormat (UnityEngine.LogType,UnityEngine.Object,string,object[])
UnityEngine.Logger:Log (UnityEngine.LogType,object)
UnityEngine.Debug:Log (object)
PPS.Solver.Batch.SolverBatch:Progress () (at Assets/_Project/Scripts/Solver/Batch/SolverBatch.cs:193)
PPS.Solver.Batch.SolverBatch:Tick () (at Assets/_Project/Scripts/Solver/Batch/SolverBatch.cs:210)
UnityEditor.EditorApplication:Internal_CallUpdateFunctions ()

(Filename: Assets/_Project/Scripts/Solver/Batch/SolverBatch.cs Line: 193)

[SolverBatch] Stage16 — 60%  935판 굴림
UnityEngine.Debug:ExtractStackTraceNoAlloc (byte*,int,string)
UnityEngine.StackTraceUtility:ExtractStackTrace ()
UnityEngine.DebugLogHandler:Internal_Log (UnityEngine.LogType,UnityEngine.LogOption,string,UnityEngine.Object)
UnityEngine.DebugLogHandler:LogFormat (UnityEngine.LogType,UnityEngine.Object,string,object[])
UnityEngine.Logger:Log (UnityEngine.LogType,object)
UnityEngine.Debug:Log (object)
PPS.Solver.Batch.SolverBatch:Progress () (at Assets/_Project/Scripts/Solver/Batch/SolverBatch.cs:193)
PPS.Solver.Batch.SolverBatch:Tick () (at Assets/_Project/Scripts/Solver/Batch/SolverBatch.cs:210)
UnityEditor.EditorApplication:Internal_CallUpdateFunctions ()

(Filename: Assets/_Project/Scripts/Solver/Batch/SolverBatch.cs Line: 193)

[SolverBatch] Stage16 — 61%  979판 굴림
UnityEngine.Debug:ExtractStackTraceNoAlloc (byte*,int,string)
UnityEngine.StackTraceUtility:ExtractStackTrace ()
UnityEngine.DebugLogHandler:Internal_Log (UnityEngine.LogType,UnityEngine.LogOption,string,UnityEngine.Object)
UnityEngine.DebugLogHandler:LogFormat (UnityEngine.LogType,UnityEngine.Object,string,object[])
UnityEngine.Logger:Log (UnityEngine.LogType,object)
UnityEngine.Debug:Log (object)
PPS.Solver.Batch.SolverBatch:Progress () (at Assets/_Project/Scripts/Solver/Batch/SolverBatch.cs:193)
PPS.Solver.Batch.SolverBatch:Tick () (at Assets/_Project/Scripts/Solver/Batch/SolverBatch.cs:210)
UnityEditor.EditorApplication:Internal_CallUpdateFunctions ()

(Filename: Assets/_Project/Scripts/Solver/Batch/SolverBatch.cs Line: 193)

[SolverBatch] Stage16 — 62%  1010판 굴림
UnityEngine.Debug:ExtractStackTraceNoAlloc (byte*,int,string)
UnityEngine.StackTraceUtility:ExtractStackTrace ()
UnityEngine.DebugLogHandler:Internal_Log (UnityEngine.LogType,UnityEngine.LogOption,string,UnityEngine.Object)
UnityEngine.DebugLogHandler:LogFormat (UnityEngine.LogType,UnityEngine.Object,string,object[])
UnityEngine.Logger:Log (UnityEngine.LogType,object)
UnityEngine.Debug:Log (object)
PPS.Solver.Batch.SolverBatch:Progress () (at Assets/_Project/Scripts/Solver/Batch/SolverBatch.cs:193)
PPS.Solver.Batch.SolverBatch:Tick () (at Assets/_Project/Scripts/Solver/Batch/SolverBatch.cs:210)
UnityEditor.EditorApplication:Internal_CallUpdateFunctions ()

(Filename: Assets/_Project/Scripts/Solver/Batch/SolverBatch.cs Line: 193)

[SolverBatch] Stage16 — 63%  1049판 굴림
UnityEngine.Debug:ExtractStackTraceNoAlloc (byte*,int,string)
UnityEngine.StackTraceUtility:ExtractStackTrace ()
UnityEngine.DebugLogHandler:Internal_Log (UnityEngine.LogType,UnityEngine.LogOption,string,UnityEngine.Object)
UnityEngine.DebugLogHandler:LogFormat (UnityEngine.LogType,UnityEngine.Object,string,object[])
UnityEngine.Logger:Log (UnityEngine.LogType,object)
UnityEngine.Debug:Log (object)
PPS.Solver.Batch.SolverBatch:Progress () (at Assets/_Project/Scripts/Solver/Batch/SolverBatch.cs:193)
PPS.Solver.Batch.SolverBatch:Tick () (at Assets/_Project/Scripts/Solver/Batch/SolverBatch.cs:210)
UnityEditor.EditorApplication:Internal_CallUpdateFunctions ()

(Filename: Assets/_Project/Scripts/Solver/Batch/SolverBatch.cs Line: 193)

[SolverBatch] Stage16 — 65%  1101판 굴림
UnityEngine.Debug:ExtractStackTraceNoAlloc (byte*,int,string)
UnityEngine.StackTraceUtility:ExtractStackTrace ()
UnityEngine.DebugLogHandler:Internal_Log (UnityEngine.LogType,UnityEngine.LogOption,string,UnityEngine.Object)
UnityEngine.DebugLogHandler:LogFormat (UnityEngine.LogType,UnityEngine.Object,string,object[])
UnityEngine.Logger:Log (UnityEngine.LogType,object)
UnityEngine.Debug:Log (object)
PPS.Solver.Batch.SolverBatch:Progress () (at Assets/_Project/Scripts/Solver/Batch/SolverBatch.cs:193)
PPS.Solver.Batch.SolverBatch:Tick () (at Assets/_Project/Scripts/Solver/Batch/SolverBatch.cs:210)
UnityEditor.EditorApplication:Internal_CallUpdateFunctions ()

(Filename: Assets/_Project/Scripts/Solver/Batch/SolverBatch.cs Line: 193)

[SolverBatch] Stage16 — 65%  1138판 굴림
UnityEngine.Debug:ExtractStackTraceNoAlloc (byte*,int,string)
UnityEngine.StackTraceUtility:ExtractStackTrace ()
UnityEngine.DebugLogHandler:Internal_Log (UnityEngine.LogType,UnityEngine.LogOption,string,UnityEngine.Object)
UnityEngine.DebugLogHandler:LogFormat (UnityEngine.LogType,UnityEngine.Object,string,object[])
UnityEngine.Logger:Log (UnityEngine.LogType,object)
UnityEngine.Debug:Log (object)
PPS.Solver.Batch.SolverBatch:Progress () (at Assets/_Project/Scripts/Solver/Batch/SolverBatch.cs:193)
PPS.Solver.Batch.SolverBatch:Tick () (at Assets/_Project/Scripts/Solver/Batch/SolverBatch.cs:210)
UnityEditor.EditorApplication:Internal_CallUpdateFunctions ()

(Filename: Assets/_Project/Scripts/Solver/Batch/SolverBatch.cs Line: 193)

[SolverBatch] Stage16 — 66%  1174판 굴림
UnityEngine.Debug:ExtractStackTraceNoAlloc (byte*,int,string)
UnityEngine.StackTraceUtility:ExtractStackTrace ()
UnityEngine.DebugLogHandler:Internal_Log (UnityEngine.LogType,UnityEngine.LogOption,string,UnityEngine.Object)
UnityEngine.DebugLogHandler:LogFormat (UnityEngine.LogType,UnityEngine.Object,string,object[])
UnityEngine.Logger:Log (UnityEngine.LogType,object)
UnityEngine.Debug:Log (object)
PPS.Solver.Batch.SolverBatch:Progress () (at Assets/_Project/Scripts/Solver/Batch/SolverBatch.cs:193)
PPS.Solver.Batch.SolverBatch:Tick () (at Assets/_Project/Scripts/Solver/Batch/SolverBatch.cs:210)
UnityEditor.EditorApplication:Internal_CallUpdateFunctions ()

(Filename: Assets/_Project/Scripts/Solver/Batch/SolverBatch.cs Line: 193)

[SolverBatch] Stage16 — 69%  1201판 굴림
UnityEngine.Debug:ExtractStackTraceNoAlloc (byte*,int,string)
UnityEngine.StackTraceUtility:ExtractStackTrace ()
UnityEngine.DebugLogHandler:Internal_Log (UnityEngine.LogType,UnityEngine.LogOption,string,UnityEngine.Object)
UnityEngine.DebugLogHandler:LogFormat (UnityEngine.LogType,UnityEngine.Object,string,object[])
UnityEngine.Logger:Log (UnityEngine.LogType,object)
UnityEngine.Debug:Log (object)
PPS.Solver.Batch.SolverBatch:Progress () (at Assets/_Project/Scripts/Solver/Batch/SolverBatch.cs:193)
PPS.Solver.Batch.SolverBatch:Tick () (at Assets/_Project/Scripts/Solver/Batch/SolverBatch.cs:210)
UnityEditor.EditorApplication:Internal_CallUpdateFunctions ()

(Filename: Assets/_Project/Scripts/Solver/Batch/SolverBatch.cs Line: 193)

[SolverBatch] Stage16 — 78%  1223판 굴림
UnityEngine.Debug:ExtractStackTraceNoAlloc (byte*,int,string)
UnityEngine.StackTraceUtility:ExtractStackTrace ()
UnityEngine.DebugLogHandler:Internal_Log (UnityEngine.LogType,UnityEngine.LogOption,string,UnityEngine.Object)
UnityEngine.DebugLogHandler:LogFormat (UnityEngine.LogType,UnityEngine.Object,string,object[])
UnityEngine.Logger:Log (UnityEngine.LogType,object)
UnityEngine.Debug:Log (object)
PPS.Solver.Batch.SolverBatch:Progress () (at Assets/_Project/Scripts/Solver/Batch/SolverBatch.cs:193)
PPS.Solver.Batch.SolverBatch:Tick () (at Assets/_Project/Scripts/Solver/Batch/SolverBatch.cs:210)
UnityEditor.EditorApplication:Internal_CallUpdateFunctions ()

(Filename: Assets/_Project/Scripts/Solver/Batch/SolverBatch.cs Line: 193)

[SolverBatch] Stage16 — 86%  1244판 굴림
UnityEngine.Debug:ExtractStackTraceNoAlloc (byte*,int,string)
UnityEngine.StackTraceUtility:ExtractStackTrace ()
UnityEngine.DebugLogHandler:Internal_Log (UnityEngine.LogType,UnityEngine.LogOption,string,UnityEngine.Object)
UnityEngine.DebugLogHandler:LogFormat (UnityEngine.LogType,UnityEngine.Object,string,object[])
UnityEngine.Logger:Log (UnityEngine.LogType,object)
UnityEngine.Debug:Log (object)
PPS.Solver.Batch.SolverBatch:Progress () (at Assets/_Project/Scripts/Solver/Batch/SolverBatch.cs:193)
PPS.Solver.Batch.SolverBatch:Tick () (at Assets/_Project/Scripts/Solver/Batch/SolverBatch.cs:210)
UnityEditor.EditorApplication:Internal_CallUpdateFunctions ()

(Filename: Assets/_Project/Scripts/Solver/Batch/SolverBatch.cs Line: 193)

[SolverBatch] Stage16 — 92%  1269판 굴림
UnityEngine.Debug:ExtractStackTraceNoAlloc (byte*,int,string)
UnityEngine.StackTraceUtility:ExtractStackTrace ()
UnityEngine.DebugLogHandler:Internal_Log (UnityEngine.LogType,UnityEngine.LogOption,string,UnityEngine.Object)
UnityEngine.DebugLogHandler:LogFormat (UnityEngine.LogType,UnityEngine.Object,string,object[])
UnityEngine.Logger:Log (UnityEngine.LogType,object)
UnityEngine.Debug:Log (object)
PPS.Solver.Batch.SolverBatch:Progress () (at Assets/_Project/Scripts/Solver/Batch/SolverBatch.cs:193)
PPS.Solver.Batch.SolverBatch:Tick () (at Assets/_Project/Scripts/Solver/Batch/SolverBatch.cs:210)
UnityEditor.EditorApplication:Internal_CallUpdateFunctions ()

(Filename: Assets/_Project/Scripts/Solver/Batch/SolverBatch.cs Line: 193)

[SolverBatch] Stage16 — 99%  1282판 굴림
UnityEngine.Debug:ExtractStackTraceNoAlloc (byte*,int,string)
UnityEngine.StackTraceUtility:ExtractStackTrace ()
UnityEngine.DebugLogHandler:Internal_Log (UnityEngine.LogType,UnityEngine.LogOption,string,UnityEngine.Object)
UnityEngine.DebugLogHandler:LogFormat (UnityEngine.LogType,UnityEngine.Object,string,object[])
UnityEngine.Logger:Log (UnityEngine.LogType,object)
UnityEngine.Debug:Log (object)
PPS.Solver.Batch.SolverBatch:Progress () (at Assets/_Project/Scripts/Solver/Batch/SolverBatch.cs:193)
PPS.Solver.Batch.SolverBatch:Tick () (at Assets/_Project/Scripts/Solver/Batch/SolverBatch.cs:210)
UnityEditor.EditorApplication:Internal_CallUpdateFunctions ()

(Filename: Assets/_Project/Scripts/Solver/Batch/SolverBatch.cs Line: 193)

[SolverBatch] [18/22] Stage16 — Corridor 로 풀림 (1283회 시도) (62.6초)
UnityEngine.Debug:ExtractStackTraceNoAlloc (byte*,int,string)
UnityEngine.StackTraceUtility:ExtractStackTrace ()
UnityEngine.DebugLogHandler:Internal_Log (UnityEngine.LogType,UnityEngine.LogOption,string,UnityEngine.Object)
UnityEngine.DebugLogHandler:LogFormat (UnityEngine.LogType,UnityEngine.Object,string,object[])
UnityEngine.Logger:Log (UnityEngine.LogType,object)
UnityEngine.Debug:Log (object)
PPS.Solver.Batch.SolverBatch:FinishStage () (at Assets/_Project/Scripts/Solver/Batch/SolverBatch.cs:273)
PPS.Solver.Batch.SolverBatch:Tick () (at Assets/_Project/Scripts/Solver/Batch/SolverBatch.cs:214)
UnityEditor.EditorApplication:Internal_CallUpdateFunctions ()

(Filename: Assets/_Project/Scripts/Solver/Batch/SolverBatch.cs Line: 273)

[SolverBatch] Stage17 — 0%  1판 굴림
UnityEngine.Debug:ExtractStackTraceNoAlloc (byte*,int,string)
UnityEngine.StackTraceUtility:ExtractStackTrace ()
UnityEngine.DebugLogHandler:Internal_Log (UnityEngine.LogType,UnityEngine.LogOption,string,UnityEngine.Object)
UnityEngine.DebugLogHandler:LogFormat (UnityEngine.LogType,UnityEngine.Object,string,object[])
UnityEngine.Logger:Log (UnityEngine.LogType,object)
UnityEngine.Debug:Log (object)
PPS.Solver.Batch.SolverBatch:Progress () (at Assets/_Project/Scripts/Solver/Batch/SolverBatch.cs:193)
PPS.Solver.Batch.SolverBatch:Tick () (at Assets/_Project/Scripts/Solver/Batch/SolverBatch.cs:210)
UnityEditor.EditorApplication:Internal_CallUpdateFunctions ()

(Filename: Assets/_Project/Scripts/Solver/Batch/SolverBatch.cs Line: 193)

[SolverBatch] Stage17 — 32%  105판 굴림
UnityEngine.Debug:ExtractStackTraceNoAlloc (byte*,int,string)
UnityEngine.StackTraceUtility:ExtractStackTrace ()
UnityEngine.DebugLogHandler:Internal_Log (UnityEngine.LogType,UnityEngine.LogOption,string,UnityEngine.Object)
UnityEngine.DebugLogHandler:LogFormat (UnityEngine.LogType,UnityEngine.Object,string,object[])
UnityEngine.Logger:Log (UnityEngine.LogType,object)
UnityEngine.Debug:Log (object)
PPS.Solver.Batch.SolverBatch:Progress () (at Assets/_Project/Scripts/Solver/Batch/SolverBatch.cs:193)
PPS.Solver.Batch.SolverBatch:Tick () (at Assets/_Project/Scripts/Solver/Batch/SolverBatch.cs:210)
UnityEditor.EditorApplication:Internal_CallUpdateFunctions ()

(Filename: Assets/_Project/Scripts/Solver/Batch/SolverBatch.cs Line: 193)

[SolverBatch] Stage17 — 33%  112판 굴림
UnityEngine.Debug:ExtractStackTraceNoAlloc (byte*,int,string)
UnityEngine.StackTraceUtility:ExtractStackTrace ()
UnityEngine.DebugLogHandler:Internal_Log (UnityEngine.LogType,UnityEngine.LogOption,string,UnityEngine.Object)
UnityEngine.DebugLogHandler:LogFormat (UnityEngine.LogType,UnityEngine.Object,string,object[])
UnityEngine.Logger:Log (UnityEngine.LogType,object)
UnityEngine.Debug:Log (object)
PPS.Solver.Batch.SolverBatch:Progress () (at Assets/_Project/Scripts/Solver/Batch/SolverBatch.cs:193)
PPS.Solver.Batch.SolverBatch:Tick () (at Assets/_Project/Scripts/Solver/Batch/SolverBatch.cs:210)
UnityEditor.EditorApplication:Internal_CallUpdateFunctions ()

(Filename: Assets/_Project/Scripts/Solver/Batch/SolverBatch.cs Line: 193)

[SolverBatch] Stage17 — 33%  195판 굴림
UnityEngine.Debug:ExtractStackTraceNoAlloc (byte*,int,string)
UnityEngine.StackTraceUtility:ExtractStackTrace ()
UnityEngine.DebugLogHandler:Internal_Log (UnityEngine.LogType,UnityEngine.LogOption,string,UnityEngine.Object)
UnityEngine.DebugLogHandler:LogFormat (UnityEngine.LogType,UnityEngine.Object,string,object[])
UnityEngine.Logger:Log (UnityEngine.LogType,object)
UnityEngine.Debug:Log (object)
PPS.Solver.Batch.SolverBatch:Progress () (at Assets/_Project/Scripts/Solver/Batch/SolverBatch.cs:193)
PPS.Solver.Batch.SolverBatch:Tick () (at Assets/_Project/Scripts/Solver/Batch/SolverBatch.cs:210)
UnityEditor.EditorApplication:Internal_CallUpdateFunctions ()

(Filename: Assets/_Project/Scripts/Solver/Batch/SolverBatch.cs Line: 193)

[SolverBatch] Stage17 — 33%  224판 굴림
UnityEngine.Debug:ExtractStackTraceNoAlloc (byte*,int,string)
UnityEngine.StackTraceUtility:ExtractStackTrace ()
UnityEngine.DebugLogHandler:Internal_Log (UnityEngine.LogType,UnityEngine.LogOption,string,UnityEngine.Object)
UnityEngine.DebugLogHandler:LogFormat (UnityEngine.LogType,UnityEngine.Object,string,object[])
UnityEngine.Logger:Log (UnityEngine.LogType,object)
UnityEngine.Debug:Log (object)
PPS.Solver.Batch.SolverBatch:Progress () (at Assets/_Project/Scripts/Solver/Batch/SolverBatch.cs:193)
PPS.Solver.Batch.SolverBatch:Tick () (at Assets/_Project/Scripts/Solver/Batch/SolverBatch.cs:210)
UnityEditor.EditorApplication:Internal_CallUpdateFunctions ()

(Filename: Assets/_Project/Scripts/Solver/Batch/SolverBatch.cs Line: 193)

[SolverBatch] Stage17 — 33%  318판 굴림
UnityEngine.Debug:ExtractStackTraceNoAlloc (byte*,int,string)
UnityEngine.StackTraceUtility:ExtractStackTrace ()
UnityEngine.DebugLogHandler:Internal_Log (UnityEngine.LogType,UnityEngine.LogOption,string,UnityEngine.Object)
UnityEngine.DebugLogHandler:LogFormat (UnityEngine.LogType,UnityEngine.Object,string,object[])
UnityEngine.Logger:Log (UnityEngine.LogType,object)
UnityEngine.Debug:Log (object)
PPS.Solver.Batch.SolverBatch:Progress () (at Assets/_Project/Scripts/Solver/Batch/SolverBatch.cs:193)
PPS.Solver.Batch.SolverBatch:Tick () (at Assets/_Project/Scripts/Solver/Batch/SolverBatch.cs:210)
UnityEditor.EditorApplication:Internal_CallUpdateFunctions ()

(Filename: Assets/_Project/Scripts/Solver/Batch/SolverBatch.cs Line: 193)

[SolverBatch] Stage17 — 34%  340판 굴림
UnityEngine.Debug:ExtractStackTraceNoAlloc (byte*,int,string)
UnityEngine.StackTraceUtility:ExtractStackTrace ()
UnityEngine.DebugLogHandler:Internal_Log (UnityEngine.LogType,UnityEngine.LogOption,string,UnityEngine.Object)
UnityEngine.DebugLogHandler:LogFormat (UnityEngine.LogType,UnityEngine.Object,string,object[])
UnityEngine.Logger:Log (UnityEngine.LogType,object)
UnityEngine.Debug:Log (object)
PPS.Solver.Batch.SolverBatch:Progress () (at Assets/_Project/Scripts/Solver/Batch/SolverBatch.cs:193)
PPS.Solver.Batch.SolverBatch:Tick () (at Assets/_Project/Scripts/Solver/Batch/SolverBatch.cs:210)
UnityEditor.EditorApplication:Internal_CallUpdateFunctions ()

(Filename: Assets/_Project/Scripts/Solver/Batch/SolverBatch.cs Line: 193)

[SolverBatch] Stage17 — 34%  439판 굴림
UnityEngine.Debug:ExtractStackTraceNoAlloc (byte*,int,string)
UnityEngine.StackTraceUtility:ExtractStackTrace ()
UnityEngine.DebugLogHandler:Internal_Log (UnityEngine.LogType,UnityEngine.LogOption,string,UnityEngine.Object)
UnityEngine.DebugLogHandler:LogFormat (UnityEngine.LogType,UnityEngine.Object,string,object[])
UnityEngine.Logger:Log (UnityEngine.LogType,object)
UnityEngine.Debug:Log (object)
PPS.Solver.Batch.SolverBatch:Progress () (at Assets/_Project/Scripts/Solver/Batch/SolverBatch.cs:193)
PPS.Solver.Batch.SolverBatch:Tick () (at Assets/_Project/Scripts/Solver/Batch/SolverBatch.cs:210)
UnityEditor.EditorApplication:Internal_CallUpdateFunctions ()

(Filename: Assets/_Project/Scripts/Solver/Batch/SolverBatch.cs Line: 193)

[SolverBatch] Stage17 — 34%  454판 굴림
UnityEngine.Debug:ExtractStackTraceNoAlloc (byte*,int,string)
UnityEngine.StackTraceUtility:ExtractStackTrace ()
UnityEngine.DebugLogHandler:Internal_Log (UnityEngine.LogType,UnityEngine.LogOption,string,UnityEngine.Object)
UnityEngine.DebugLogHandler:LogFormat (UnityEngine.LogType,UnityEngine.Object,string,object[])
UnityEngine.Logger:Log (UnityEngine.LogType,object)
UnityEngine.Debug:Log (object)
PPS.Solver.Batch.SolverBatch:Progress () (at Assets/_Project/Scripts/Solver/Batch/SolverBatch.cs:193)
PPS.Solver.Batch.SolverBatch:Tick () (at Assets/_Project/Scripts/Solver/Batch/SolverBatch.cs:210)
UnityEditor.EditorApplication:Internal_CallUpdateFunctions ()

(Filename: Assets/_Project/Scripts/Solver/Batch/SolverBatch.cs Line: 193)

[SolverBatch] Stage17 — 34%  568판 굴림
UnityEngine.Debug:ExtractStackTraceNoAlloc (byte*,int,string)
UnityEngine.StackTraceUtility:ExtractStackTrace ()
UnityEngine.DebugLogHandler:Internal_Log (UnityEngine.LogType,UnityEngine.LogOption,string,UnityEngine.Object)
UnityEngine.DebugLogHandler:LogFormat (UnityEngine.LogType,UnityEngine.Object,string,object[])
UnityEngine.Logger:Log (UnityEngine.LogType,object)
UnityEngine.Debug:Log (object)
PPS.Solver.Batch.SolverBatch:Progress () (at Assets/_Project/Scripts/Solver/Batch/SolverBatch.cs:193)
PPS.Solver.Batch.SolverBatch:Tick () (at Assets/_Project/Scripts/Solver/Batch/SolverBatch.cs:210)
UnityEditor.EditorApplication:Internal_CallUpdateFunctions ()

(Filename: Assets/_Project/Scripts/Solver/Batch/SolverBatch.cs Line: 193)

[SolverBatch] Stage17 — 34%  651판 굴림
UnityEngine.Debug:ExtractStackTraceNoAlloc (byte*,int,string)
UnityEngine.StackTraceUtility:ExtractStackTrace ()
UnityEngine.DebugLogHandler:Internal_Log (UnityEngine.LogType,UnityEngine.LogOption,string,UnityEngine.Object)
UnityEngine.DebugLogHandler:LogFormat (UnityEngine.LogType,UnityEngine.Object,string,object[])
UnityEngine.Logger:Log (UnityEngine.LogType,object)
UnityEngine.Debug:Log (object)
PPS.Solver.Batch.SolverBatch:Progress () (at Assets/_Project/Scripts/Solver/Batch/SolverBatch.cs:193)
PPS.Solver.Batch.SolverBatch:Tick () (at Assets/_Project/Scripts/Solver/Batch/SolverBatch.cs:210)
UnityEditor.EditorApplication:Internal_CallUpdateFunctions ()

(Filename: Assets/_Project/Scripts/Solver/Batch/SolverBatch.cs Line: 193)

[SolverBatch] Stage17 — 34%  681판 굴림
UnityEngine.Debug:ExtractStackTraceNoAlloc (byte*,int,string)
UnityEngine.StackTraceUtility:ExtractStackTrace ()
UnityEngine.DebugLogHandler:Internal_Log (UnityEngine.LogType,UnityEngine.LogOption,string,UnityEngine.Object)
UnityEngine.DebugLogHandler:LogFormat (UnityEngine.LogType,UnityEngine.Object,string,object[])
UnityEngine.Logger:Log (UnityEngine.LogType,object)
UnityEngine.Debug:Log (object)
PPS.Solver.Batch.SolverBatch:Progress () (at Assets/_Project/Scripts/Solver/Batch/SolverBatch.cs:193)
PPS.Solver.Batch.SolverBatch:Tick () (at Assets/_Project/Scripts/Solver/Batch/SolverBatch.cs:210)
UnityEditor.EditorApplication:Internal_CallUpdateFunctions ()

(Filename: Assets/_Project/Scripts/Solver/Batch/SolverBatch.cs Line: 193)

[SolverBatch] Stage17 — 34%  788판 굴림
UnityEngine.Debug:ExtractStackTraceNoAlloc (byte*,int,string)
UnityEngine.StackTraceUtility:ExtractStackTrace ()
UnityEngine.DebugLogHandler:Internal_Log (UnityEngine.LogType,UnityEngine.LogOption,string,UnityEngine.Object)
UnityEngine.DebugLogHandler:LogFormat (UnityEngine.LogType,UnityEngine.Object,string,object[])
UnityEngine.Logger:Log (UnityEngine.LogType,object)
UnityEngine.Debug:Log (object)
PPS.Solver.Batch.SolverBatch:Progress () (at Assets/_Project/Scripts/Solver/Batch/SolverBatch.cs:193)
PPS.Solver.Batch.SolverBatch:Tick () (at Assets/_Project/Scripts/Solver/Batch/SolverBatch.cs:210)
UnityEditor.EditorApplication:Internal_CallUpdateFunctions ()

(Filename: Assets/_Project/Scripts/Solver/Batch/SolverBatch.cs Line: 193)

[SolverBatch] Stage17 — 34%  798판 굴림
UnityEngine.Debug:ExtractStackTraceNoAlloc (byte*,int,string)
UnityEngine.StackTraceUtility:ExtractStackTrace ()
UnityEngine.DebugLogHandler:Internal_Log (UnityEngine.LogType,UnityEngine.LogOption,string,UnityEngine.Object)
UnityEngine.DebugLogHandler:LogFormat (UnityEngine.LogType,UnityEngine.Object,string,object[])
UnityEngine.Logger:Log (UnityEngine.LogType,object)
UnityEngine.Debug:Log (object)
PPS.Solver.Batch.SolverBatch:Progress () (at Assets/_Project/Scripts/Solver/Batch/SolverBatch.cs:193)
PPS.Solver.Batch.SolverBatch:Tick () (at Assets/_Project/Scripts/Solver/Batch/SolverBatch.cs:210)
UnityEditor.EditorApplication:Internal_CallUpdateFunctions ()

(Filename: Assets/_Project/Scripts/Solver/Batch/SolverBatch.cs Line: 193)

[SolverBatch] Stage17 — 34%  886판 굴림
UnityEngine.Debug:ExtractStackTraceNoAlloc (byte*,int,string)
UnityEngine.StackTraceUtility:ExtractStackTrace ()
UnityEngine.DebugLogHandler:Internal_Log (UnityEngine.LogType,UnityEngine.LogOption,string,UnityEngine.Object)
UnityEngine.DebugLogHandler:LogFormat (UnityEngine.LogType,UnityEngine.Object,string,object[])
UnityEngine.Logger:Log (UnityEngine.LogType,object)
UnityEngine.Debug:Log (object)
PPS.Solver.Batch.SolverBatch:Progress () (at Assets/_Project/Scripts/Solver/Batch/SolverBatch.cs:193)
PPS.Solver.Batch.SolverBatch:Tick () (at Assets/_Project/Scripts/Solver/Batch/SolverBatch.cs:210)
UnityEditor.EditorApplication:Internal_CallUpdateFunctions ()

(Filename: Assets/_Project/Scripts/Solver/Batch/SolverBatch.cs Line: 193)

[SolverBatch] Stage17 — 34%  908판 굴림
UnityEngine.Debug:ExtractStackTraceNoAlloc (byte*,int,string)
UnityEngine.StackTraceUtility:ExtractStackTrace ()
UnityEngine.DebugLogHandler:Internal_Log (UnityEngine.LogType,UnityEngine.LogOption,string,UnityEngine.Object)
UnityEngine.DebugLogHandler:LogFormat (UnityEngine.LogType,UnityEngine.Object,string,object[])
UnityEngine.Logger:Log (UnityEngine.LogType,object)
UnityEngine.Debug:Log (object)
PPS.Solver.Batch.SolverBatch:Progress () (at Assets/_Project/Scripts/Solver/Batch/SolverBatch.cs:193)
PPS.Solver.Batch.SolverBatch:Tick () (at Assets/_Project/Scripts/Solver/Batch/SolverBatch.cs:210)
UnityEditor.EditorApplication:Internal_CallUpdateFunctions ()

(Filename: Assets/_Project/Scripts/Solver/Batch/SolverBatch.cs Line: 193)

[SolverBatch] Stage17 — 34%  995판 굴림
UnityEngine.Debug:ExtractStackTraceNoAlloc (byte*,int,string)
UnityEngine.StackTraceUtility:ExtractStackTrace ()
UnityEngine.DebugLogHandler:Internal_Log (UnityEngine.LogType,UnityEngine.LogOption,string,UnityEngine.Object)
UnityEngine.DebugLogHandler:LogFormat (UnityEngine.LogType,UnityEngine.Object,string,object[])
UnityEngine.Logger:Log (UnityEngine.LogType,object)
UnityEngine.Debug:Log (object)
PPS.Solver.Batch.SolverBatch:Progress () (at Assets/_Project/Scripts/Solver/Batch/SolverBatch.cs:193)
PPS.Solver.Batch.SolverBatch:Tick () (at Assets/_Project/Scripts/Solver/Batch/SolverBatch.cs:210)
UnityEditor.EditorApplication:Internal_CallUpdateFunctions ()

(Filename: Assets/_Project/Scripts/Solver/Batch/SolverBatch.cs Line: 193)

[SolverBatch] Stage17 — 35%  1027판 굴림
UnityEngine.Debug:ExtractStackTraceNoAlloc (byte*,int,string)
UnityEngine.StackTraceUtility:ExtractStackTrace ()
UnityEngine.DebugLogHandler:Internal_Log (UnityEngine.LogType,UnityEngine.LogOption,string,UnityEngine.Object)
UnityEngine.DebugLogHandler:LogFormat (UnityEngine.LogType,UnityEngine.Object,string,object[])
UnityEngine.Logger:Log (UnityEngine.LogType,object)
UnityEngine.Debug:Log (object)
PPS.Solver.Batch.SolverBatch:Progress () (at Assets/_Project/Scripts/Solver/Batch/SolverBatch.cs:193)
PPS.Solver.Batch.SolverBatch:Tick () (at Assets/_Project/Scripts/Solver/Batch/SolverBatch.cs:210)
UnityEditor.EditorApplication:Internal_CallUpdateFunctions ()

(Filename: Assets/_Project/Scripts/Solver/Batch/SolverBatch.cs Line: 193)

[SolverBatch] Stage17 — 35%  1087판 굴림
UnityEngine.Debug:ExtractStackTraceNoAlloc (byte*,int,string)
UnityEngine.StackTraceUtility:ExtractStackTrace ()
UnityEngine.DebugLogHandler:Internal_Log (UnityEngine.LogType,UnityEngine.LogOption,string,UnityEngine.Object)
UnityEngine.DebugLogHandler:LogFormat (UnityEngine.LogType,UnityEngine.Object,string,object[])
UnityEngine.Logger:Log (UnityEngine.LogType,object)
UnityEngine.Debug:Log (object)
PPS.Solver.Batch.SolverBatch:Progress () (at Assets/_Project/Scripts/Solver/Batch/SolverBatch.cs:193)
PPS.Solver.Batch.SolverBatch:Tick () (at Assets/_Project/Scripts/Solver/Batch/SolverBatch.cs:210)
UnityEditor.EditorApplication:Internal_CallUpdateFunctions ()

(Filename: Assets/_Project/Scripts/Solver/Batch/SolverBatch.cs Line: 193)

[SolverBatch] Stage17 — 35%  1138판 굴림
UnityEngine.Debug:ExtractStackTraceNoAlloc (byte*,int,string)
UnityEngine.StackTraceUtility:ExtractStackTrace ()
UnityEngine.DebugLogHandler:Internal_Log (UnityEngine.LogType,UnityEngine.LogOption,string,UnityEngine.Object)
UnityEngine.DebugLogHandler:LogFormat (UnityEngine.LogType,UnityEngine.Object,string,object[])
UnityEngine.Logger:Log (UnityEngine.LogType,object)
UnityEngine.Debug:Log (object)
PPS.Solver.Batch.SolverBatch:Progress () (at Assets/_Project/Scripts/Solver/Batch/SolverBatch.cs:193)
PPS.Solver.Batch.SolverBatch:Tick () (at Assets/_Project/Scripts/Solver/Batch/SolverBatch.cs:210)
UnityEditor.EditorApplication:Internal_CallUpdateFunctions ()

(Filename: Assets/_Project/Scripts/Solver/Batch/SolverBatch.cs Line: 193)

[SolverBatch] Stage17 — 35%  1227판 굴림
UnityEngine.Debug:ExtractStackTraceNoAlloc (byte*,int,string)
UnityEngine.StackTraceUtility:ExtractStackTrace ()
UnityEngine.DebugLogHandler:Internal_Log (UnityEngine.LogType,UnityEngine.LogOption,string,UnityEngine.Object)
UnityEngine.DebugLogHandler:LogFormat (UnityEngine.LogType,UnityEngine.Object,string,object[])
UnityEngine.Logger:Log (UnityEngine.LogType,object)
UnityEngine.Debug:Log (object)
PPS.Solver.Batch.SolverBatch:Progress () (at Assets/_Project/Scripts/Solver/Batch/SolverBatch.cs:193)
PPS.Solver.Batch.SolverBatch:Tick () (at Assets/_Project/Scripts/Solver/Batch/SolverBatch.cs:210)
UnityEditor.EditorApplication:Internal_CallUpdateFunctions ()

(Filename: Assets/_Project/Scripts/Solver/Batch/SolverBatch.cs Line: 193)

[SolverBatch] Stage17 — 35%  1266판 굴림
UnityEngine.Debug:ExtractStackTraceNoAlloc (byte*,int,string)
UnityEngine.StackTraceUtility:ExtractStackTrace ()
UnityEngine.DebugLogHandler:Internal_Log (UnityEngine.LogType,UnityEngine.LogOption,string,UnityEngine.Object)
UnityEngine.DebugLogHandler:LogFormat (UnityEngine.LogType,UnityEngine.Object,string,object[])
UnityEngine.Logger:Log (UnityEngine.LogType,object)
UnityEngine.Debug:Log (object)
PPS.Solver.Batch.SolverBatch:Progress () (at Assets/_Project/Scripts/Solver/Batch/SolverBatch.cs:193)
PPS.Solver.Batch.SolverBatch:Tick () (at Assets/_Project/Scripts/Solver/Batch/SolverBatch.cs:210)
UnityEditor.EditorApplication:Internal_CallUpdateFunctions ()

(Filename: Assets/_Project/Scripts/Solver/Batch/SolverBatch.cs Line: 193)

[SolverBatch] Stage17 — 35%  1332판 굴림
UnityEngine.Debug:ExtractStackTraceNoAlloc (byte*,int,string)
UnityEngine.StackTraceUtility:ExtractStackTrace ()
UnityEngine.DebugLogHandler:Internal_Log (UnityEngine.LogType,UnityEngine.LogOption,string,UnityEngine.Object)
UnityEngine.DebugLogHandler:LogFormat (UnityEngine.LogType,UnityEngine.Object,string,object[])
UnityEngine.Logger:Log (UnityEngine.LogType,object)
UnityEngine.Debug:Log (object)
PPS.Solver.Batch.SolverBatch:Progress () (at Assets/_Project/Scripts/Solver/Batch/SolverBatch.cs:193)
PPS.Solver.Batch.SolverBatch:Tick () (at Assets/_Project/Scripts/Solver/Batch/SolverBatch.cs:210)
UnityEditor.EditorApplication:Internal_CallUpdateFunctions ()

(Filename: Assets/_Project/Scripts/Solver/Batch/SolverBatch.cs Line: 193)

[SolverBatch] Stage17 — 35%  1376판 굴림
UnityEngine.Debug:ExtractStackTraceNoAlloc (byte*,int,string)
UnityEngine.StackTraceUtility:ExtractStackTrace ()
UnityEngine.DebugLogHandler:Internal_Log (UnityEngine.LogType,UnityEngine.LogOption,string,UnityEngine.Object)
UnityEngine.DebugLogHandler:LogFormat (UnityEngine.LogType,UnityEngine.Object,string,object[])
UnityEngine.Logger:Log (UnityEngine.LogType,object)
UnityEngine.Debug:Log (object)
PPS.Solver.Batch.SolverBatch:Progress () (at Assets/_Project/Scripts/Solver/Batch/SolverBatch.cs:193)
PPS.Solver.Batch.SolverBatch:Tick () (at Assets/_Project/Scripts/Solver/Batch/SolverBatch.cs:210)
UnityEditor.EditorApplication:Internal_CallUpdateFunctions ()

(Filename: Assets/_Project/Scripts/Solver/Batch/SolverBatch.cs Line: 193)

[SolverBatch] Stage17 — 35%  1465판 굴림
UnityEngine.Debug:ExtractStackTraceNoAlloc (byte*,int,string)
UnityEngine.StackTraceUtility:ExtractStackTrace ()
UnityEngine.DebugLogHandler:Internal_Log (UnityEngine.LogType,UnityEngine.LogOption,string,UnityEngine.Object)
UnityEngine.DebugLogHandler:LogFormat (UnityEngine.LogType,UnityEngine.Object,string,object[])
UnityEngine.Logger:Log (UnityEngine.LogType,object)
UnityEngine.Debug:Log (object)
PPS.Solver.Batch.SolverBatch:Progress () (at Assets/_Project/Scripts/Solver/Batch/SolverBatch.cs:193)
PPS.Solver.Batch.SolverBatch:Tick () (at Assets/_Project/Scripts/Solver/Batch/SolverBatch.cs:210)
UnityEditor.EditorApplication:Internal_CallUpdateFunctions ()

(Filename: Assets/_Project/Scripts/Solver/Batch/SolverBatch.cs Line: 193)

[SolverBatch] Stage17 — 35%  1490판 굴림
UnityEngine.Debug:ExtractStackTraceNoAlloc (byte*,int,string)
UnityEngine.StackTraceUtility:ExtractStackTrace ()
UnityEngine.DebugLogHandler:Internal_Log (UnityEngine.LogType,UnityEngine.LogOption,string,UnityEngine.Object)
UnityEngine.DebugLogHandler:LogFormat (UnityEngine.LogType,UnityEngine.Object,string,object[])
UnityEngine.Logger:Log (UnityEngine.LogType,object)
UnityEngine.Debug:Log (object)
PPS.Solver.Batch.SolverBatch:Progress () (at Assets/_Project/Scripts/Solver/Batch/SolverBatch.cs:193)
PPS.Solver.Batch.SolverBatch:Tick () (at Assets/_Project/Scripts/Solver/Batch/SolverBatch.cs:210)
UnityEditor.EditorApplication:Internal_CallUpdateFunctions ()

(Filename: Assets/_Project/Scripts/Solver/Batch/SolverBatch.cs Line: 193)

[SolverBatch] Stage17 — 35%  1600판 굴림
UnityEngine.Debug:ExtractStackTraceNoAlloc (byte*,int,string)
UnityEngine.StackTraceUtility:ExtractStackTrace ()
UnityEngine.DebugLogHandler:Internal_Log (UnityEngine.LogType,UnityEngine.LogOption,string,UnityEngine.Object)
UnityEngine.DebugLogHandler:LogFormat (UnityEngine.LogType,UnityEngine.Object,string,object[])
UnityEngine.Logger:Log (UnityEngine.LogType,object)
UnityEngine.Debug:Log (object)
PPS.Solver.Batch.SolverBatch:Progress () (at Assets/_Project/Scripts/Solver/Batch/SolverBatch.cs:193)
PPS.Solver.Batch.SolverBatch:Tick () (at Assets/_Project/Scripts/Solver/Batch/SolverBatch.cs:210)
UnityEditor.EditorApplication:Internal_CallUpdateFunctions ()

(Filename: Assets/_Project/Scripts/Solver/Batch/SolverBatch.cs Line: 193)

[SolverBatch] Stage17 — 36%  1607판 굴림
UnityEngine.Debug:ExtractStackTraceNoAlloc (byte*,int,string)
UnityEngine.StackTraceUtility:ExtractStackTrace ()
UnityEngine.DebugLogHandler:Internal_Log (UnityEngine.LogType,UnityEngine.LogOption,string,UnityEngine.Object)
UnityEngine.DebugLogHandler:LogFormat (UnityEngine.LogType,UnityEngine.Object,string,object[])
UnityEngine.Logger:Log (UnityEngine.LogType,object)
UnityEngine.Debug:Log (object)
PPS.Solver.Batch.SolverBatch:Progress () (at Assets/_Project/Scripts/Solver/Batch/SolverBatch.cs:193)
PPS.Solver.Batch.SolverBatch:Tick () (at Assets/_Project/Scripts/Solver/Batch/SolverBatch.cs:210)
UnityEditor.EditorApplication:Internal_CallUpdateFunctions ()

(Filename: Assets/_Project/Scripts/Solver/Batch/SolverBatch.cs Line: 193)

[SolverBatch] Stage17 — 36%  1699판 굴림
UnityEngine.Debug:ExtractStackTraceNoAlloc (byte*,int,string)
UnityEngine.StackTraceUtility:ExtractStackTrace ()
UnityEngine.DebugLogHandler:Internal_Log (UnityEngine.LogType,UnityEngine.LogOption,string,UnityEngine.Object)
UnityEngine.DebugLogHandler:LogFormat (UnityEngine.LogType,UnityEngine.Object,string,object[])
UnityEngine.Logger:Log (UnityEngine.LogType,object)
UnityEngine.Debug:Log (object)
PPS.Solver.Batch.SolverBatch:Progress () (at Assets/_Project/Scripts/Solver/Batch/SolverBatch.cs:193)
PPS.Solver.Batch.SolverBatch:Tick () (at Assets/_Project/Scripts/Solver/Batch/SolverBatch.cs:210)
UnityEditor.EditorApplication:Internal_CallUpdateFunctions ()

(Filename: Assets/_Project/Scripts/Solver/Batch/SolverBatch.cs Line: 193)

[SolverBatch] Stage17 — 36%  1728판 굴림
UnityEngine.Debug:ExtractStackTraceNoAlloc (byte*,int,string)
UnityEngine.StackTraceUtility:ExtractStackTrace ()
UnityEngine.DebugLogHandler:Internal_Log (UnityEngine.LogType,UnityEngine.LogOption,string,UnityEngine.Object)
UnityEngine.DebugLogHandler:LogFormat (UnityEngine.LogType,UnityEngine.Object,string,object[])
UnityEngine.Logger:Log (UnityEngine.LogType,object)
UnityEngine.Debug:Log (object)
PPS.Solver.Batch.SolverBatch:Progress () (at Assets/_Project/Scripts/Solver/Batch/SolverBatch.cs:193)
PPS.Solver.Batch.SolverBatch:Tick () (at Assets/_Project/Scripts/Solver/Batch/SolverBatch.cs:210)
UnityEditor.EditorApplication:Internal_CallUpdateFunctions ()

(Filename: Assets/_Project/Scripts/Solver/Batch/SolverBatch.cs Line: 193)

[SolverBatch] Stage17 — 36%  1798판 굴림
UnityEngine.Debug:ExtractStackTraceNoAlloc (byte*,int,string)
UnityEngine.StackTraceUtility:ExtractStackTrace ()
UnityEngine.DebugLogHandler:Internal_Log (UnityEngine.LogType,UnityEngine.LogOption,string,UnityEngine.Object)
UnityEngine.DebugLogHandler:LogFormat (UnityEngine.LogType,UnityEngine.Object,string,object[])
UnityEngine.Logger:Log (UnityEngine.LogType,object)
UnityEngine.Debug:Log (object)
PPS.Solver.Batch.SolverBatch:Progress () (at Assets/_Project/Scripts/Solver/Batch/SolverBatch.cs:193)
PPS.Solver.Batch.SolverBatch:Tick () (at Assets/_Project/Scripts/Solver/Batch/SolverBatch.cs:210)
UnityEditor.EditorApplication:Internal_CallUpdateFunctions ()

(Filename: Assets/_Project/Scripts/Solver/Batch/SolverBatch.cs Line: 193)

[SolverBatch] Stage17 — 36%  1833판 굴림
UnityEngine.Debug:ExtractStackTraceNoAlloc (byte*,int,string)
UnityEngine.StackTraceUtility:ExtractStackTrace ()
UnityEngine.DebugLogHandler:Internal_Log (UnityEngine.LogType,UnityEngine.LogOption,string,UnityEngine.Object)
UnityEngine.DebugLogHandler:LogFormat (UnityEngine.LogType,UnityEngine.Object,string,object[])
UnityEngine.Logger:Log (UnityEngine.LogType,object)
UnityEngine.Debug:Log (object)
PPS.Solver.Batch.SolverBatch:Progress () (at Assets/_Project/Scripts/Solver/Batch/SolverBatch.cs:193)
PPS.Solver.Batch.SolverBatch:Tick () (at Assets/_Project/Scripts/Solver/Batch/SolverBatch.cs:210)
UnityEditor.EditorApplication:Internal_CallUpdateFunctions ()

(Filename: Assets/_Project/Scripts/Solver/Batch/SolverBatch.cs Line: 193)

[SolverBatch] Stage17 — 36%  1915판 굴림
UnityEngine.Debug:ExtractStackTraceNoAlloc (byte*,int,string)
UnityEngine.StackTraceUtility:ExtractStackTrace ()
UnityEngine.DebugLogHandler:Internal_Log (UnityEngine.LogType,UnityEngine.LogOption,string,UnityEngine.Object)
UnityEngine.DebugLogHandler:LogFormat (UnityEngine.LogType,UnityEngine.Object,string,object[])
UnityEngine.Logger:Log (UnityEngine.LogType,object)
UnityEngine.Debug:Log (object)
PPS.Solver.Batch.SolverBatch:Progress () (at Assets/_Project/Scripts/Solver/Batch/SolverBatch.cs:193)
PPS.Solver.Batch.SolverBatch:Tick () (at Assets/_Project/Scripts/Solver/Batch/SolverBatch.cs:210)
UnityEditor.EditorApplication:Internal_CallUpdateFunctions ()

(Filename: Assets/_Project/Scripts/Solver/Batch/SolverBatch.cs Line: 193)

[SolverBatch] Stage17 — 38%  1952판 굴림
UnityEngine.Debug:ExtractStackTraceNoAlloc (byte*,int,string)
UnityEngine.StackTraceUtility:ExtractStackTrace ()
UnityEngine.DebugLogHandler:Internal_Log (UnityEngine.LogType,UnityEngine.LogOption,string,UnityEngine.Object)
UnityEngine.DebugLogHandler:LogFormat (UnityEngine.LogType,UnityEngine.Object,string,object[])
UnityEngine.Logger:Log (UnityEngine.LogType,object)
UnityEngine.Debug:Log (object)
PPS.Solver.Batch.SolverBatch:Progress () (at Assets/_Project/Scripts/Solver/Batch/SolverBatch.cs:193)
PPS.Solver.Batch.SolverBatch:Tick () (at Assets/_Project/Scripts/Solver/Batch/SolverBatch.cs:210)
UnityEditor.EditorApplication:Internal_CallUpdateFunctions ()

(Filename: Assets/_Project/Scripts/Solver/Batch/SolverBatch.cs Line: 193)

[SolverBatch] Stage17 — 38%  2024판 굴림
UnityEngine.Debug:ExtractStackTraceNoAlloc (byte*,int,string)
UnityEngine.StackTraceUtility:ExtractStackTrace ()
UnityEngine.DebugLogHandler:Internal_Log (UnityEngine.LogType,UnityEngine.LogOption,string,UnityEngine.Object)
UnityEngine.DebugLogHandler:LogFormat (UnityEngine.LogType,UnityEngine.Object,string,object[])
UnityEngine.Logger:Log (UnityEngine.LogType,object)
UnityEngine.Debug:Log (object)
PPS.Solver.Batch.SolverBatch:Progress () (at Assets/_Project/Scripts/Solver/Batch/SolverBatch.cs:193)
PPS.Solver.Batch.SolverBatch:Tick () (at Assets/_Project/Scripts/Solver/Batch/SolverBatch.cs:210)
UnityEditor.EditorApplication:Internal_CallUpdateFunctions ()

(Filename: Assets/_Project/Scripts/Solver/Batch/SolverBatch.cs Line: 193)

[SolverBatch] Stage17 — 38%  2071판 굴림
UnityEngine.Debug:ExtractStackTraceNoAlloc (byte*,int,string)
UnityEngine.StackTraceUtility:ExtractStackTrace ()
UnityEngine.DebugLogHandler:Internal_Log (UnityEngine.LogType,UnityEngine.LogOption,string,UnityEngine.Object)
UnityEngine.DebugLogHandler:LogFormat (UnityEngine.LogType,UnityEngine.Object,string,object[])
UnityEngine.Logger:Log (UnityEngine.LogType,object)
UnityEngine.Debug:Log (object)
PPS.Solver.Batch.SolverBatch:Progress () (at Assets/_Project/Scripts/Solver/Batch/SolverBatch.cs:193)
PPS.Solver.Batch.SolverBatch:Tick () (at Assets/_Project/Scripts/Solver/Batch/SolverBatch.cs:210)
UnityEditor.EditorApplication:Internal_CallUpdateFunctions ()

(Filename: Assets/_Project/Scripts/Solver/Batch/SolverBatch.cs Line: 193)

[SolverBatch] Stage17 — 67%  2111판 굴림
UnityEngine.Debug:ExtractStackTraceNoAlloc (byte*,int,string)
UnityEngine.StackTraceUtility:ExtractStackTrace ()
UnityEngine.DebugLogHandler:Internal_Log (UnityEngine.LogType,UnityEngine.LogOption,string,UnityEngine.Object)
UnityEngine.DebugLogHandler:LogFormat (UnityEngine.LogType,UnityEngine.Object,string,object[])
UnityEngine.Logger:Log (UnityEngine.LogType,object)
UnityEngine.Debug:Log (object)
PPS.Solver.Batch.SolverBatch:Progress () (at Assets/_Project/Scripts/Solver/Batch/SolverBatch.cs:193)
PPS.Solver.Batch.SolverBatch:Tick () (at Assets/_Project/Scripts/Solver/Batch/SolverBatch.cs:210)
UnityEditor.EditorApplication:Internal_CallUpdateFunctions ()

(Filename: Assets/_Project/Scripts/Solver/Batch/SolverBatch.cs Line: 193)

[SolverBatch] Stage17 — 68%  2114판 굴림
UnityEngine.Debug:ExtractStackTraceNoAlloc (byte*,int,string)
UnityEngine.StackTraceUtility:ExtractStackTrace ()
UnityEngine.DebugLogHandler:Internal_Log (UnityEngine.LogType,UnityEngine.LogOption,string,UnityEngine.Object)
UnityEngine.DebugLogHandler:LogFormat (UnityEngine.LogType,UnityEngine.Object,string,object[])
UnityEngine.Logger:Log (UnityEngine.LogType,object)
UnityEngine.Debug:Log (object)
PPS.Solver.Batch.SolverBatch:Progress () (at Assets/_Project/Scripts/Solver/Batch/SolverBatch.cs:193)
PPS.Solver.Batch.SolverBatch:Tick () (at Assets/_Project/Scripts/Solver/Batch/SolverBatch.cs:210)
UnityEditor.EditorApplication:Internal_CallUpdateFunctions ()

(Filename: Assets/_Project/Scripts/Solver/Batch/SolverBatch.cs Line: 193)

[SolverBatch] Stage17 — 68%  2161판 굴림
UnityEngine.Debug:ExtractStackTraceNoAlloc (byte*,int,string)
UnityEngine.StackTraceUtility:ExtractStackTrace ()
UnityEngine.DebugLogHandler:Internal_Log (UnityEngine.LogType,UnityEngine.LogOption,string,UnityEngine.Object)
UnityEngine.DebugLogHandler:LogFormat (UnityEngine.LogType,UnityEngine.Object,string,object[])
UnityEngine.Logger:Log (UnityEngine.LogType,object)
UnityEngine.Debug:Log (object)
PPS.Solver.Batch.SolverBatch:Progress () (at Assets/_Project/Scripts/Solver/Batch/SolverBatch.cs:193)
PPS.Solver.Batch.SolverBatch:Tick () (at Assets/_Project/Scripts/Solver/Batch/SolverBatch.cs:210)
UnityEditor.EditorApplication:Internal_CallUpdateFunctions ()

(Filename: Assets/_Project/Scripts/Solver/Batch/SolverBatch.cs Line: 193)

[SolverBatch] Stage17 — 69%  2166판 굴림
UnityEngine.Debug:ExtractStackTraceNoAlloc (byte*,int,string)
UnityEngine.StackTraceUtility:ExtractStackTrace ()
UnityEngine.DebugLogHandler:Internal_Log (UnityEngine.LogType,UnityEngine.LogOption,string,UnityEngine.Object)
UnityEngine.DebugLogHandler:LogFormat (UnityEngine.LogType,UnityEngine.Object,string,object[])
UnityEngine.Logger:Log (UnityEngine.LogType,object)
UnityEngine.Debug:Log (object)
PPS.Solver.Batch.SolverBatch:Progress () (at Assets/_Project/Scripts/Solver/Batch/SolverBatch.cs:193)
PPS.Solver.Batch.SolverBatch:Tick () (at Assets/_Project/Scripts/Solver/Batch/SolverBatch.cs:210)
UnityEditor.EditorApplication:Internal_CallUpdateFunctions ()

(Filename: Assets/_Project/Scripts/Solver/Batch/SolverBatch.cs Line: 193)

[SolverBatch] Stage17 — 71%  2214판 굴림
UnityEngine.Debug:ExtractStackTraceNoAlloc (byte*,int,string)
UnityEngine.StackTraceUtility:ExtractStackTrace ()
UnityEngine.DebugLogHandler:Internal_Log (UnityEngine.LogType,UnityEngine.LogOption,string,UnityEngine.Object)
UnityEngine.DebugLogHandler:LogFormat (UnityEngine.LogType,UnityEngine.Object,string,object[])
UnityEngine.Logger:Log (UnityEngine.LogType,object)
UnityEngine.Debug:Log (object)
PPS.Solver.Batch.SolverBatch:Progress () (at Assets/_Project/Scripts/Solver/Batch/SolverBatch.cs:193)
PPS.Solver.Batch.SolverBatch:Tick () (at Assets/_Project/Scripts/Solver/Batch/SolverBatch.cs:210)
UnityEditor.EditorApplication:Internal_CallUpdateFunctions ()

(Filename: Assets/_Project/Scripts/Solver/Batch/SolverBatch.cs Line: 193)

[SolverBatch] Stage17 — 71%  2249판 굴림
UnityEngine.Debug:ExtractStackTraceNoAlloc (byte*,int,string)
UnityEngine.StackTraceUtility:ExtractStackTrace ()
UnityEngine.DebugLogHandler:Internal_Log (UnityEngine.LogType,UnityEngine.LogOption,string,UnityEngine.Object)
UnityEngine.DebugLogHandler:LogFormat (UnityEngine.LogType,UnityEngine.Object,string,object[])
UnityEngine.Logger:Log (UnityEngine.LogType,object)
UnityEngine.Debug:Log (object)
PPS.Solver.Batch.SolverBatch:Progress () (at Assets/_Project/Scripts/Solver/Batch/SolverBatch.cs:193)
PPS.Solver.Batch.SolverBatch:Tick () (at Assets/_Project/Scripts/Solver/Batch/SolverBatch.cs:210)
UnityEditor.EditorApplication:Internal_CallUpdateFunctions ()

(Filename: Assets/_Project/Scripts/Solver/Batch/SolverBatch.cs Line: 193)

[SolverBatch] Stage17 — 71%  2277판 굴림
UnityEngine.Debug:ExtractStackTraceNoAlloc (byte*,int,string)
UnityEngine.StackTraceUtility:ExtractStackTrace ()
UnityEngine.DebugLogHandler:Internal_Log (UnityEngine.LogType,UnityEngine.LogOption,string,UnityEngine.Object)
UnityEngine.DebugLogHandler:LogFormat (UnityEngine.LogType,UnityEngine.Object,string,object[])
UnityEngine.Logger:Log (UnityEngine.LogType,object)
UnityEngine.Debug:Log (object)
PPS.Solver.Batch.SolverBatch:Progress () (at Assets/_Project/Scripts/Solver/Batch/SolverBatch.cs:193)
PPS.Solver.Batch.SolverBatch:Tick () (at Assets/_Project/Scripts/Solver/Batch/SolverBatch.cs:210)
UnityEditor.EditorApplication:Internal_CallUpdateFunctions ()

(Filename: Assets/_Project/Scripts/Solver/Batch/SolverBatch.cs Line: 193)

[SolverBatch] Stage17 — 72%  2314판 굴림
UnityEngine.Debug:ExtractStackTraceNoAlloc (byte*,int,string)
UnityEngine.StackTraceUtility:ExtractStackTrace ()
UnityEngine.DebugLogHandler:Internal_Log (UnityEngine.LogType,UnityEngine.LogOption,string,UnityEngine.Object)
UnityEngine.DebugLogHandler:LogFormat (UnityEngine.LogType,UnityEngine.Object,string,object[])
UnityEngine.Logger:Log (UnityEngine.LogType,object)
UnityEngine.Debug:Log (object)
PPS.Solver.Batch.SolverBatch:Progress () (at Assets/_Project/Scripts/Solver/Batch/SolverBatch.cs:193)
PPS.Solver.Batch.SolverBatch:Tick () (at Assets/_Project/Scripts/Solver/Batch/SolverBatch.cs:210)
UnityEditor.EditorApplication:Internal_CallUpdateFunctions ()

(Filename: Assets/_Project/Scripts/Solver/Batch/SolverBatch.cs Line: 193)

[SolverBatch] Stage17 — 74%  2344판 굴림
UnityEngine.Debug:ExtractStackTraceNoAlloc (byte*,int,string)
UnityEngine.StackTraceUtility:ExtractStackTrace ()
UnityEngine.DebugLogHandler:Internal_Log (UnityEngine.LogType,UnityEngine.LogOption,string,UnityEngine.Object)
UnityEngine.DebugLogHandler:LogFormat (UnityEngine.LogType,UnityEngine.Object,string,object[])
UnityEngine.Logger:Log (UnityEngine.LogType,object)
UnityEngine.Debug:Log (object)
PPS.Solver.Batch.SolverBatch:Progress () (at Assets/_Project/Scripts/Solver/Batch/SolverBatch.cs:193)
PPS.Solver.Batch.SolverBatch:Tick () (at Assets/_Project/Scripts/Solver/Batch/SolverBatch.cs:210)
UnityEditor.EditorApplication:Internal_CallUpdateFunctions ()

(Filename: Assets/_Project/Scripts/Solver/Batch/SolverBatch.cs Line: 193)

[SolverBatch] Stage17 — 74%  2379판 굴림
UnityEngine.Debug:ExtractStackTraceNoAlloc (byte*,int,string)
UnityEngine.StackTraceUtility:ExtractStackTrace ()
UnityEngine.DebugLogHandler:Internal_Log (UnityEngine.LogType,UnityEngine.LogOption,string,UnityEngine.Object)
UnityEngine.DebugLogHandler:LogFormat (UnityEngine.LogType,UnityEngine.Object,string,object[])
UnityEngine.Logger:Log (UnityEngine.LogType,object)
UnityEngine.Debug:Log (object)
PPS.Solver.Batch.SolverBatch:Progress () (at Assets/_Project/Scripts/Solver/Batch/SolverBatch.cs:193)
PPS.Solver.Batch.SolverBatch:Tick () (at Assets/_Project/Scripts/Solver/Batch/SolverBatch.cs:210)
UnityEditor.EditorApplication:Internal_CallUpdateFunctions ()

(Filename: Assets/_Project/Scripts/Solver/Batch/SolverBatch.cs Line: 193)

[SolverBatch] Stage17 — 76%  2389판 굴림
UnityEngine.Debug:ExtractStackTraceNoAlloc (byte*,int,string)
UnityEngine.StackTraceUtility:ExtractStackTrace ()
UnityEngine.DebugLogHandler:Internal_Log (UnityEngine.LogType,UnityEngine.LogOption,string,UnityEngine.Object)
UnityEngine.DebugLogHandler:LogFormat (UnityEngine.LogType,UnityEngine.Object,string,object[])
UnityEngine.Logger:Log (UnityEngine.LogType,object)
UnityEngine.Debug:Log (object)
PPS.Solver.Batch.SolverBatch:Progress () (at Assets/_Project/Scripts/Solver/Batch/SolverBatch.cs:193)
PPS.Solver.Batch.SolverBatch:Tick () (at Assets/_Project/Scripts/Solver/Batch/SolverBatch.cs:210)
UnityEditor.EditorApplication:Internal_CallUpdateFunctions ()

(Filename: Assets/_Project/Scripts/Solver/Batch/SolverBatch.cs Line: 193)

[SolverBatch] [19/22] Stage17 — Corridor 로 풀림 (2410회 시도) (578.8초)
UnityEngine.Debug:ExtractStackTraceNoAlloc (byte*,int,string)
UnityEngine.StackTraceUtility:ExtractStackTrace ()
UnityEngine.DebugLogHandler:Internal_Log (UnityEngine.LogType,UnityEngine.LogOption,string,UnityEngine.Object)
UnityEngine.DebugLogHandler:LogFormat (UnityEngine.LogType,UnityEngine.Object,string,object[])
UnityEngine.Logger:Log (UnityEngine.LogType,object)
UnityEngine.Debug:Log (object)
PPS.Solver.Batch.SolverBatch:FinishStage () (at Assets/_Project/Scripts/Solver/Batch/SolverBatch.cs:273)
PPS.Solver.Batch.SolverBatch:Tick () (at Assets/_Project/Scripts/Solver/Batch/SolverBatch.cs:214)
UnityEditor.EditorApplication:Internal_CallUpdateFunctions ()

(Filename: Assets/_Project/Scripts/Solver/Batch/SolverBatch.cs Line: 273)

[SolverBatch] Stage18 — 44%  371판 굴림
UnityEngine.Debug:ExtractStackTraceNoAlloc (byte*,int,string)
UnityEngine.StackTraceUtility:ExtractStackTrace ()
UnityEngine.DebugLogHandler:Internal_Log (UnityEngine.LogType,UnityEngine.LogOption,string,UnityEngine.Object)
UnityEngine.DebugLogHandler:LogFormat (UnityEngine.LogType,UnityEngine.Object,string,object[])
UnityEngine.Logger:Log (UnityEngine.LogType,object)
UnityEngine.Debug:Log (object)
PPS.Solver.Batch.SolverBatch:Progress () (at Assets/_Project/Scripts/Solver/Batch/SolverBatch.cs:193)
PPS.Solver.Batch.SolverBatch:Tick () (at Assets/_Project/Scripts/Solver/Batch/SolverBatch.cs:210)
UnityEditor.EditorApplication:Internal_CallUpdateFunctions ()

(Filename: Assets/_Project/Scripts/Solver/Batch/SolverBatch.cs Line: 193)

[SolverBatch] Stage18 — 49%  561판 굴림
UnityEngine.Debug:ExtractStackTraceNoAlloc (byte*,int,string)
UnityEngine.StackTraceUtility:ExtractStackTrace ()
UnityEngine.DebugLogHandler:Internal_Log (UnityEngine.LogType,UnityEngine.LogOption,string,UnityEngine.Object)
UnityEngine.DebugLogHandler:LogFormat (UnityEngine.LogType,UnityEngine.Object,string,object[])
UnityEngine.Logger:Log (UnityEngine.LogType,object)
UnityEngine.Debug:Log (object)
PPS.Solver.Batch.SolverBatch:Progress () (at Assets/_Project/Scripts/Solver/Batch/SolverBatch.cs:193)
PPS.Solver.Batch.SolverBatch:Tick () (at Assets/_Project/Scripts/Solver/Batch/SolverBatch.cs:210)
UnityEditor.EditorApplication:Internal_CallUpdateFunctions ()

(Filename: Assets/_Project/Scripts/Solver/Batch/SolverBatch.cs Line: 193)

[SolverBatch] Stage18 — 54%  728판 굴림
UnityEngine.Debug:ExtractStackTraceNoAlloc (byte*,int,string)
UnityEngine.StackTraceUtility:ExtractStackTrace ()
UnityEngine.DebugLogHandler:Internal_Log (UnityEngine.LogType,UnityEngine.LogOption,string,UnityEngine.Object)
UnityEngine.DebugLogHandler:LogFormat (UnityEngine.LogType,UnityEngine.Object,string,object[])
UnityEngine.Logger:Log (UnityEngine.LogType,object)
UnityEngine.Debug:Log (object)
PPS.Solver.Batch.SolverBatch:Progress () (at Assets/_Project/Scripts/Solver/Batch/SolverBatch.cs:193)
PPS.Solver.Batch.SolverBatch:Tick () (at Assets/_Project/Scripts/Solver/Batch/SolverBatch.cs:210)
UnityEditor.EditorApplication:Internal_CallUpdateFunctions ()

(Filename: Assets/_Project/Scripts/Solver/Batch/SolverBatch.cs Line: 193)

[SolverBatch] Stage18 — 57%  839판 굴림
UnityEngine.Debug:ExtractStackTraceNoAlloc (byte*,int,string)
UnityEngine.StackTraceUtility:ExtractStackTrace ()
UnityEngine.DebugLogHandler:Internal_Log (UnityEngine.LogType,UnityEngine.LogOption,string,UnityEngine.Object)
UnityEngine.DebugLogHandler:LogFormat (UnityEngine.LogType,UnityEngine.Object,string,object[])
UnityEngine.Logger:Log (UnityEngine.LogType,object)
UnityEngine.Debug:Log (object)
PPS.Solver.Batch.SolverBatch:Progress () (at Assets/_Project/Scripts/Solver/Batch/SolverBatch.cs:193)
PPS.Solver.Batch.SolverBatch:Tick () (at Assets/_Project/Scripts/Solver/Batch/SolverBatch.cs:210)
UnityEditor.EditorApplication:Internal_CallUpdateFunctions ()

(Filename: Assets/_Project/Scripts/Solver/Batch/SolverBatch.cs Line: 193)

[SolverBatch] Stage18 — 60%  997판 굴림
UnityEngine.Debug:ExtractStackTraceNoAlloc (byte*,int,string)
UnityEngine.StackTraceUtility:ExtractStackTrace ()
UnityEngine.DebugLogHandler:Internal_Log (UnityEngine.LogType,UnityEngine.LogOption,string,UnityEngine.Object)
UnityEngine.DebugLogHandler:LogFormat (UnityEngine.LogType,UnityEngine.Object,string,object[])
UnityEngine.Logger:Log (UnityEngine.LogType,object)
UnityEngine.Debug:Log (object)
PPS.Solver.Batch.SolverBatch:Progress () (at Assets/_Project/Scripts/Solver/Batch/SolverBatch.cs:193)
PPS.Solver.Batch.SolverBatch:Tick () (at Assets/_Project/Scripts/Solver/Batch/SolverBatch.cs:210)
UnityEditor.EditorApplication:Internal_CallUpdateFunctions ()

(Filename: Assets/_Project/Scripts/Solver/Batch/SolverBatch.cs Line: 193)

[SolverBatch] Stage18 — 62%  1086판 굴림
UnityEngine.Debug:ExtractStackTraceNoAlloc (byte*,int,string)
UnityEngine.StackTraceUtility:ExtractStackTrace ()
UnityEngine.DebugLogHandler:Internal_Log (UnityEngine.LogType,UnityEngine.LogOption,string,UnityEngine.Object)
UnityEngine.DebugLogHandler:LogFormat (UnityEngine.LogType,UnityEngine.Object,string,object[])
UnityEngine.Logger:Log (UnityEngine.LogType,object)
UnityEngine.Debug:Log (object)
PPS.Solver.Batch.SolverBatch:Progress () (at Assets/_Project/Scripts/Solver/Batch/SolverBatch.cs:193)
PPS.Solver.Batch.SolverBatch:Tick () (at Assets/_Project/Scripts/Solver/Batch/SolverBatch.cs:210)
UnityEditor.EditorApplication:Internal_CallUpdateFunctions ()

(Filename: Assets/_Project/Scripts/Solver/Batch/SolverBatch.cs Line: 193)

[SolverBatch] Stage18 — 65%  1182판 굴림
UnityEngine.Debug:ExtractStackTraceNoAlloc (byte*,int,string)
UnityEngine.StackTraceUtility:ExtractStackTrace ()
UnityEngine.DebugLogHandler:Internal_Log (UnityEngine.LogType,UnityEngine.LogOption,string,UnityEngine.Object)
UnityEngine.DebugLogHandler:LogFormat (UnityEngine.LogType,UnityEngine.Object,string,object[])
UnityEngine.Logger:Log (UnityEngine.LogType,object)
UnityEngine.Debug:Log (object)
PPS.Solver.Batch.SolverBatch:Progress () (at Assets/_Project/Scripts/Solver/Batch/SolverBatch.cs:193)
PPS.Solver.Batch.SolverBatch:Tick () (at Assets/_Project/Scripts/Solver/Batch/SolverBatch.cs:210)
UnityEditor.EditorApplication:Internal_CallUpdateFunctions ()

(Filename: Assets/_Project/Scripts/Solver/Batch/SolverBatch.cs Line: 193)

[SolverBatch] Stage18 — 79%  1296판 굴림
UnityEngine.Debug:ExtractStackTraceNoAlloc (byte*,int,string)
UnityEngine.StackTraceUtility:ExtractStackTrace ()
UnityEngine.DebugLogHandler:Internal_Log (UnityEngine.LogType,UnityEngine.LogOption,string,UnityEngine.Object)
UnityEngine.DebugLogHandler:LogFormat (UnityEngine.LogType,UnityEngine.Object,string,object[])
UnityEngine.Logger:Log (UnityEngine.LogType,object)
UnityEngine.Debug:Log (object)
PPS.Solver.Batch.SolverBatch:Progress () (at Assets/_Project/Scripts/Solver/Batch/SolverBatch.cs:193)
PPS.Solver.Batch.SolverBatch:Tick () (at Assets/_Project/Scripts/Solver/Batch/SolverBatch.cs:210)
UnityEditor.EditorApplication:Internal_CallUpdateFunctions ()

(Filename: Assets/_Project/Scripts/Solver/Batch/SolverBatch.cs Line: 193)

[SolverBatch] [20/22] Stage18 — Corridor 로 풀림 (1327회 시도) (16.7초)
UnityEngine.Debug:ExtractStackTraceNoAlloc (byte*,int,string)
UnityEngine.StackTraceUtility:ExtractStackTrace ()
UnityEngine.DebugLogHandler:Internal_Log (UnityEngine.LogType,UnityEngine.LogOption,string,UnityEngine.Object)
UnityEngine.DebugLogHandler:LogFormat (UnityEngine.LogType,UnityEngine.Object,string,object[])
UnityEngine.Logger:Log (UnityEngine.LogType,object)
UnityEngine.Debug:Log (object)
PPS.Solver.Batch.SolverBatch:FinishStage () (at Assets/_Project/Scripts/Solver/Batch/SolverBatch.cs:273)
PPS.Solver.Batch.SolverBatch:Tick () (at Assets/_Project/Scripts/Solver/Batch/SolverBatch.cs:214)
UnityEditor.EditorApplication:Internal_CallUpdateFunctions ()

(Filename: Assets/_Project/Scripts/Solver/Batch/SolverBatch.cs Line: 273)

[SolverBatch] Stage19 — 35%  104판 굴림
UnityEngine.Debug:ExtractStackTraceNoAlloc (byte*,int,string)
UnityEngine.StackTraceUtility:ExtractStackTrace ()
UnityEngine.DebugLogHandler:Internal_Log (UnityEngine.LogType,UnityEngine.LogOption,string,UnityEngine.Object)
UnityEngine.DebugLogHandler:LogFormat (UnityEngine.LogType,UnityEngine.Object,string,object[])
UnityEngine.Logger:Log (UnityEngine.LogType,object)
UnityEngine.Debug:Log (object)
PPS.Solver.Batch.SolverBatch:Progress () (at Assets/_Project/Scripts/Solver/Batch/SolverBatch.cs:193)
PPS.Solver.Batch.SolverBatch:Tick () (at Assets/_Project/Scripts/Solver/Batch/SolverBatch.cs:210)
UnityEditor.EditorApplication:Internal_CallUpdateFunctions ()

(Filename: Assets/_Project/Scripts/Solver/Batch/SolverBatch.cs Line: 193)

[SolverBatch] Stage19 — 38%  259판 굴림
UnityEngine.Debug:ExtractStackTraceNoAlloc (byte*,int,string)
UnityEngine.StackTraceUtility:ExtractStackTrace ()
UnityEngine.DebugLogHandler:Internal_Log (UnityEngine.LogType,UnityEngine.LogOption,string,UnityEngine.Object)
UnityEngine.DebugLogHandler:LogFormat (UnityEngine.LogType,UnityEngine.Object,string,object[])
UnityEngine.Logger:Log (UnityEngine.LogType,object)
UnityEngine.Debug:Log (object)
PPS.Solver.Batch.SolverBatch:Progress () (at Assets/_Project/Scripts/Solver/Batch/SolverBatch.cs:193)
PPS.Solver.Batch.SolverBatch:Tick () (at Assets/_Project/Scripts/Solver/Batch/SolverBatch.cs:210)
UnityEditor.EditorApplication:Internal_CallUpdateFunctions ()

(Filename: Assets/_Project/Scripts/Solver/Batch/SolverBatch.cs Line: 193)

[SolverBatch] Stage19 — 42%  412판 굴림
UnityEngine.Debug:ExtractStackTraceNoAlloc (byte*,int,string)
UnityEngine.StackTraceUtility:ExtractStackTrace ()
UnityEngine.DebugLogHandler:Internal_Log (UnityEngine.LogType,UnityEngine.LogOption,string,UnityEngine.Object)
UnityEngine.DebugLogHandler:LogFormat (UnityEngine.LogType,UnityEngine.Object,string,object[])
UnityEngine.Logger:Log (UnityEngine.LogType,object)
UnityEngine.Debug:Log (object)
PPS.Solver.Batch.SolverBatch:Progress () (at Assets/_Project/Scripts/Solver/Batch/SolverBatch.cs:193)
PPS.Solver.Batch.SolverBatch:Tick () (at Assets/_Project/Scripts/Solver/Batch/SolverBatch.cs:210)
UnityEditor.EditorApplication:Internal_CallUpdateFunctions ()

(Filename: Assets/_Project/Scripts/Solver/Batch/SolverBatch.cs Line: 193)

[SolverBatch] Stage19 — 44%  539판 굴림
UnityEngine.Debug:ExtractStackTraceNoAlloc (byte*,int,string)
UnityEngine.StackTraceUtility:ExtractStackTrace ()
UnityEngine.DebugLogHandler:Internal_Log (UnityEngine.LogType,UnityEngine.LogOption,string,UnityEngine.Object)
UnityEngine.DebugLogHandler:LogFormat (UnityEngine.LogType,UnityEngine.Object,string,object[])
UnityEngine.Logger:Log (UnityEngine.LogType,object)
UnityEngine.Debug:Log (object)
PPS.Solver.Batch.SolverBatch:Progress () (at Assets/_Project/Scripts/Solver/Batch/SolverBatch.cs:193)
PPS.Solver.Batch.SolverBatch:Tick () (at Assets/_Project/Scripts/Solver/Batch/SolverBatch.cs:210)
UnityEditor.EditorApplication:Internal_CallUpdateFunctions ()

(Filename: Assets/_Project/Scripts/Solver/Batch/SolverBatch.cs Line: 193)

[SolverBatch] Stage19 — 47%  645판 굴림
UnityEngine.Debug:ExtractStackTraceNoAlloc (byte*,int,string)
UnityEngine.StackTraceUtility:ExtractStackTrace ()
UnityEngine.DebugLogHandler:Internal_Log (UnityEngine.LogType,UnityEngine.LogOption,string,UnityEngine.Object)
UnityEngine.DebugLogHandler:LogFormat (UnityEngine.LogType,UnityEngine.Object,string,object[])
UnityEngine.Logger:Log (UnityEngine.LogType,object)
UnityEngine.Debug:Log (object)
PPS.Solver.Batch.SolverBatch:Progress () (at Assets/_Project/Scripts/Solver/Batch/SolverBatch.cs:193)
PPS.Solver.Batch.SolverBatch:Tick () (at Assets/_Project/Scripts/Solver/Batch/SolverBatch.cs:210)
UnityEditor.EditorApplication:Internal_CallUpdateFunctions ()

(Filename: Assets/_Project/Scripts/Solver/Batch/SolverBatch.cs Line: 193)

[SolverBatch] Stage19 — 49%  775판 굴림
UnityEngine.Debug:ExtractStackTraceNoAlloc (byte*,int,string)
UnityEngine.StackTraceUtility:ExtractStackTrace ()
UnityEngine.DebugLogHandler:Internal_Log (UnityEngine.LogType,UnityEngine.LogOption,string,UnityEngine.Object)
UnityEngine.DebugLogHandler:LogFormat (UnityEngine.LogType,UnityEngine.Object,string,object[])
UnityEngine.Logger:Log (UnityEngine.LogType,object)
UnityEngine.Debug:Log (object)
PPS.Solver.Batch.SolverBatch:Progress () (at Assets/_Project/Scripts/Solver/Batch/SolverBatch.cs:193)
PPS.Solver.Batch.SolverBatch:Tick () (at Assets/_Project/Scripts/Solver/Batch/SolverBatch.cs:210)
UnityEditor.EditorApplication:Internal_CallUpdateFunctions ()

(Filename: Assets/_Project/Scripts/Solver/Batch/SolverBatch.cs Line: 193)

[SolverBatch] Stage19 — 52%  897판 굴림
UnityEngine.Debug:ExtractStackTraceNoAlloc (byte*,int,string)
UnityEngine.StackTraceUtility:ExtractStackTrace ()
UnityEngine.DebugLogHandler:Internal_Log (UnityEngine.LogType,UnityEngine.LogOption,string,UnityEngine.Object)
UnityEngine.DebugLogHandler:LogFormat (UnityEngine.LogType,UnityEngine.Object,string,object[])
UnityEngine.Logger:Log (UnityEngine.LogType,object)
UnityEngine.Debug:Log (object)
PPS.Solver.Batch.SolverBatch:Progress () (at Assets/_Project/Scripts/Solver/Batch/SolverBatch.cs:193)
PPS.Solver.Batch.SolverBatch:Tick () (at Assets/_Project/Scripts/Solver/Batch/SolverBatch.cs:210)
UnityEditor.EditorApplication:Internal_CallUpdateFunctions ()

(Filename: Assets/_Project/Scripts/Solver/Batch/SolverBatch.cs Line: 193)

[SolverBatch] Stage19 — 53%  975판 굴림
UnityEngine.Debug:ExtractStackTraceNoAlloc (byte*,int,string)
UnityEngine.StackTraceUtility:ExtractStackTrace ()
UnityEngine.DebugLogHandler:Internal_Log (UnityEngine.LogType,UnityEngine.LogOption,string,UnityEngine.Object)
UnityEngine.DebugLogHandler:LogFormat (UnityEngine.LogType,UnityEngine.Object,string,object[])
UnityEngine.Logger:Log (UnityEngine.LogType,object)
UnityEngine.Debug:Log (object)
PPS.Solver.Batch.SolverBatch:Progress () (at Assets/_Project/Scripts/Solver/Batch/SolverBatch.cs:193)
PPS.Solver.Batch.SolverBatch:Tick () (at Assets/_Project/Scripts/Solver/Batch/SolverBatch.cs:210)
UnityEditor.EditorApplication:Internal_CallUpdateFunctions ()

(Filename: Assets/_Project/Scripts/Solver/Batch/SolverBatch.cs Line: 193)

[SolverBatch] Stage19 — 55%  1061판 굴림
UnityEngine.Debug:ExtractStackTraceNoAlloc (byte*,int,string)
UnityEngine.StackTraceUtility:ExtractStackTrace ()
UnityEngine.DebugLogHandler:Internal_Log (UnityEngine.LogType,UnityEngine.LogOption,string,UnityEngine.Object)
UnityEngine.DebugLogHandler:LogFormat (UnityEngine.LogType,UnityEngine.Object,string,object[])
UnityEngine.Logger:Log (UnityEngine.LogType,object)
UnityEngine.Debug:Log (object)
PPS.Solver.Batch.SolverBatch:Progress () (at Assets/_Project/Scripts/Solver/Batch/SolverBatch.cs:193)
PPS.Solver.Batch.SolverBatch:Tick () (at Assets/_Project/Scripts/Solver/Batch/SolverBatch.cs:210)
UnityEditor.EditorApplication:Internal_CallUpdateFunctions ()

(Filename: Assets/_Project/Scripts/Solver/Batch/SolverBatch.cs Line: 193)

[SolverBatch] Stage19 — 57%  1152판 굴림
UnityEngine.Debug:ExtractStackTraceNoAlloc (byte*,int,string)
UnityEngine.StackTraceUtility:ExtractStackTrace ()
UnityEngine.DebugLogHandler:Internal_Log (UnityEngine.LogType,UnityEngine.LogOption,string,UnityEngine.Object)
UnityEngine.DebugLogHandler:LogFormat (UnityEngine.LogType,UnityEngine.Object,string,object[])
UnityEngine.Logger:Log (UnityEngine.LogType,object)
UnityEngine.Debug:Log (object)
PPS.Solver.Batch.SolverBatch:Progress () (at Assets/_Project/Scripts/Solver/Batch/SolverBatch.cs:193)
PPS.Solver.Batch.SolverBatch:Tick () (at Assets/_Project/Scripts/Solver/Batch/SolverBatch.cs:210)
UnityEditor.EditorApplication:Internal_CallUpdateFunctions ()

(Filename: Assets/_Project/Scripts/Solver/Batch/SolverBatch.cs Line: 193)

[SolverBatch] Stage19 — 58%  1242판 굴림
UnityEngine.Debug:ExtractStackTraceNoAlloc (byte*,int,string)
UnityEngine.StackTraceUtility:ExtractStackTrace ()
UnityEngine.DebugLogHandler:Internal_Log (UnityEngine.LogType,UnityEngine.LogOption,string,UnityEngine.Object)
UnityEngine.DebugLogHandler:LogFormat (UnityEngine.LogType,UnityEngine.Object,string,object[])
UnityEngine.Logger:Log (UnityEngine.LogType,object)
UnityEngine.Debug:Log (object)
PPS.Solver.Batch.SolverBatch:Progress () (at Assets/_Project/Scripts/Solver/Batch/SolverBatch.cs:193)
PPS.Solver.Batch.SolverBatch:Tick () (at Assets/_Project/Scripts/Solver/Batch/SolverBatch.cs:210)
UnityEditor.EditorApplication:Internal_CallUpdateFunctions ()

(Filename: Assets/_Project/Scripts/Solver/Batch/SolverBatch.cs Line: 193)

[SolverBatch] Stage19 — 59%  1348판 굴림
UnityEngine.Debug:ExtractStackTraceNoAlloc (byte*,int,string)
UnityEngine.StackTraceUtility:ExtractStackTrace ()
UnityEngine.DebugLogHandler:Internal_Log (UnityEngine.LogType,UnityEngine.LogOption,string,UnityEngine.Object)
UnityEngine.DebugLogHandler:LogFormat (UnityEngine.LogType,UnityEngine.Object,string,object[])
UnityEngine.Logger:Log (UnityEngine.LogType,object)
UnityEngine.Debug:Log (object)
PPS.Solver.Batch.SolverBatch:Progress () (at Assets/_Project/Scripts/Solver/Batch/SolverBatch.cs:193)
PPS.Solver.Batch.SolverBatch:Tick () (at Assets/_Project/Scripts/Solver/Batch/SolverBatch.cs:210)
UnityEditor.EditorApplication:Internal_CallUpdateFunctions ()

(Filename: Assets/_Project/Scripts/Solver/Batch/SolverBatch.cs Line: 193)

[SolverBatch] Stage19 — 60%  1433판 굴림
UnityEngine.Debug:ExtractStackTraceNoAlloc (byte*,int,string)
UnityEngine.StackTraceUtility:ExtractStackTrace ()
UnityEngine.DebugLogHandler:Internal_Log (UnityEngine.LogType,UnityEngine.LogOption,string,UnityEngine.Object)
UnityEngine.DebugLogHandler:LogFormat (UnityEngine.LogType,UnityEngine.Object,string,object[])
UnityEngine.Logger:Log (UnityEngine.LogType,object)
UnityEngine.Debug:Log (object)
PPS.Solver.Batch.SolverBatch:Progress () (at Assets/_Project/Scripts/Solver/Batch/SolverBatch.cs:193)
PPS.Solver.Batch.SolverBatch:Tick () (at Assets/_Project/Scripts/Solver/Batch/SolverBatch.cs:210)
UnityEditor.EditorApplication:Internal_CallUpdateFunctions ()

(Filename: Assets/_Project/Scripts/Solver/Batch/SolverBatch.cs Line: 193)

[SolverBatch] Stage19 — 61%  1505판 굴림
UnityEngine.Debug:ExtractStackTraceNoAlloc (byte*,int,string)
UnityEngine.StackTraceUtility:ExtractStackTrace ()
UnityEngine.DebugLogHandler:Internal_Log (UnityEngine.LogType,UnityEngine.LogOption,string,UnityEngine.Object)
UnityEngine.DebugLogHandler:LogFormat (UnityEngine.LogType,UnityEngine.Object,string,object[])
UnityEngine.Logger:Log (UnityEngine.LogType,object)
UnityEngine.Debug:Log (object)
PPS.Solver.Batch.SolverBatch:Progress () (at Assets/_Project/Scripts/Solver/Batch/SolverBatch.cs:193)
PPS.Solver.Batch.SolverBatch:Tick () (at Assets/_Project/Scripts/Solver/Batch/SolverBatch.cs:210)
UnityEditor.EditorApplication:Internal_CallUpdateFunctions ()

(Filename: Assets/_Project/Scripts/Solver/Batch/SolverBatch.cs Line: 193)

[SolverBatch] Stage19 — 62%  1582판 굴림
UnityEngine.Debug:ExtractStackTraceNoAlloc (byte*,int,string)
UnityEngine.StackTraceUtility:ExtractStackTrace ()
UnityEngine.DebugLogHandler:Internal_Log (UnityEngine.LogType,UnityEngine.LogOption,string,UnityEngine.Object)
UnityEngine.DebugLogHandler:LogFormat (UnityEngine.LogType,UnityEngine.Object,string,object[])
UnityEngine.Logger:Log (UnityEngine.LogType,object)
UnityEngine.Debug:Log (object)
PPS.Solver.Batch.SolverBatch:Progress () (at Assets/_Project/Scripts/Solver/Batch/SolverBatch.cs:193)
PPS.Solver.Batch.SolverBatch:Tick () (at Assets/_Project/Scripts/Solver/Batch/SolverBatch.cs:210)
UnityEditor.EditorApplication:Internal_CallUpdateFunctions ()

(Filename: Assets/_Project/Scripts/Solver/Batch/SolverBatch.cs Line: 193)

[SolverBatch] Stage19 — 64%  1670판 굴림
UnityEngine.Debug:ExtractStackTraceNoAlloc (byte*,int,string)
UnityEngine.StackTraceUtility:ExtractStackTrace ()
UnityEngine.DebugLogHandler:Internal_Log (UnityEngine.LogType,UnityEngine.LogOption,string,UnityEngine.Object)
UnityEngine.DebugLogHandler:LogFormat (UnityEngine.LogType,UnityEngine.Object,string,object[])
UnityEngine.Logger:Log (UnityEngine.LogType,object)
UnityEngine.Debug:Log (object)
PPS.Solver.Batch.SolverBatch:Progress () (at Assets/_Project/Scripts/Solver/Batch/SolverBatch.cs:193)
PPS.Solver.Batch.SolverBatch:Tick () (at Assets/_Project/Scripts/Solver/Batch/SolverBatch.cs:210)
UnityEditor.EditorApplication:Internal_CallUpdateFunctions ()

(Filename: Assets/_Project/Scripts/Solver/Batch/SolverBatch.cs Line: 193)

[SolverBatch] Stage19 — 65%  1749판 굴림
UnityEngine.Debug:ExtractStackTraceNoAlloc (byte*,int,string)
UnityEngine.StackTraceUtility:ExtractStackTrace ()
UnityEngine.DebugLogHandler:Internal_Log (UnityEngine.LogType,UnityEngine.LogOption,string,UnityEngine.Object)
UnityEngine.DebugLogHandler:LogFormat (UnityEngine.LogType,UnityEngine.Object,string,object[])
UnityEngine.Logger:Log (UnityEngine.LogType,object)
UnityEngine.Debug:Log (object)
PPS.Solver.Batch.SolverBatch:Progress () (at Assets/_Project/Scripts/Solver/Batch/SolverBatch.cs:193)
PPS.Solver.Batch.SolverBatch:Tick () (at Assets/_Project/Scripts/Solver/Batch/SolverBatch.cs:210)
UnityEditor.EditorApplication:Internal_CallUpdateFunctions ()

(Filename: Assets/_Project/Scripts/Solver/Batch/SolverBatch.cs Line: 193)

[SolverBatch] Stage19 — 66%  1824판 굴림
UnityEngine.Debug:ExtractStackTraceNoAlloc (byte*,int,string)
UnityEngine.StackTraceUtility:ExtractStackTrace ()
UnityEngine.DebugLogHandler:Internal_Log (UnityEngine.LogType,UnityEngine.LogOption,string,UnityEngine.Object)
UnityEngine.DebugLogHandler:LogFormat (UnityEngine.LogType,UnityEngine.Object,string,object[])
UnityEngine.Logger:Log (UnityEngine.LogType,object)
UnityEngine.Debug:Log (object)
PPS.Solver.Batch.SolverBatch:Progress () (at Assets/_Project/Scripts/Solver/Batch/SolverBatch.cs:193)
PPS.Solver.Batch.SolverBatch:Tick () (at Assets/_Project/Scripts/Solver/Batch/SolverBatch.cs:210)
UnityEditor.EditorApplication:Internal_CallUpdateFunctions ()

(Filename: Assets/_Project/Scripts/Solver/Batch/SolverBatch.cs Line: 193)

[SolverBatch] Stage19 — 71%  1883판 굴림
UnityEngine.Debug:ExtractStackTraceNoAlloc (byte*,int,string)
UnityEngine.StackTraceUtility:ExtractStackTrace ()
UnityEngine.DebugLogHandler:Internal_Log (UnityEngine.LogType,UnityEngine.LogOption,string,UnityEngine.Object)
UnityEngine.DebugLogHandler:LogFormat (UnityEngine.LogType,UnityEngine.Object,string,object[])
UnityEngine.Logger:Log (UnityEngine.LogType,object)
UnityEngine.Debug:Log (object)
PPS.Solver.Batch.SolverBatch:Progress () (at Assets/_Project/Scripts/Solver/Batch/SolverBatch.cs:193)
PPS.Solver.Batch.SolverBatch:Tick () (at Assets/_Project/Scripts/Solver/Batch/SolverBatch.cs:210)
UnityEditor.EditorApplication:Internal_CallUpdateFunctions ()

(Filename: Assets/_Project/Scripts/Solver/Batch/SolverBatch.cs Line: 193)

[SolverBatch] Stage19 — 92%  1921판 굴림
UnityEngine.Debug:ExtractStackTraceNoAlloc (byte*,int,string)
UnityEngine.StackTraceUtility:ExtractStackTrace ()
UnityEngine.DebugLogHandler:Internal_Log (UnityEngine.LogType,UnityEngine.LogOption,string,UnityEngine.Object)
UnityEngine.DebugLogHandler:LogFormat (UnityEngine.LogType,UnityEngine.Object,string,object[])
UnityEngine.Logger:Log (UnityEngine.LogType,object)
UnityEngine.Debug:Log (object)
PPS.Solver.Batch.SolverBatch:Progress () (at Assets/_Project/Scripts/Solver/Batch/SolverBatch.cs:193)
PPS.Solver.Batch.SolverBatch:Tick () (at Assets/_Project/Scripts/Solver/Batch/SolverBatch.cs:210)
UnityEditor.EditorApplication:Internal_CallUpdateFunctions ()

(Filename: Assets/_Project/Scripts/Solver/Batch/SolverBatch.cs Line: 193)

[SolverBatch] [21/22] Stage19 — Corridor 로 풀림 (1930회 시도) (41.3초)
UnityEngine.Debug:ExtractStackTraceNoAlloc (byte*,int,string)
UnityEngine.StackTraceUtility:ExtractStackTrace ()
UnityEngine.DebugLogHandler:Internal_Log (UnityEngine.LogType,UnityEngine.LogOption,string,UnityEngine.Object)
UnityEngine.DebugLogHandler:LogFormat (UnityEngine.LogType,UnityEngine.Object,string,object[])
UnityEngine.Logger:Log (UnityEngine.LogType,object)
UnityEngine.Debug:Log (object)
PPS.Solver.Batch.SolverBatch:FinishStage () (at Assets/_Project/Scripts/Solver/Batch/SolverBatch.cs:273)
PPS.Solver.Batch.SolverBatch:Tick () (at Assets/_Project/Scripts/Solver/Batch/SolverBatch.cs:214)
UnityEditor.EditorApplication:Internal_CallUpdateFunctions ()

(Filename: Assets/_Project/Scripts/Solver/Batch/SolverBatch.cs Line: 273)

[SolverBatch] Stage20 — 34%  101판 굴림
UnityEngine.Debug:ExtractStackTraceNoAlloc (byte*,int,string)
UnityEngine.StackTraceUtility:ExtractStackTrace ()
UnityEngine.DebugLogHandler:Internal_Log (UnityEngine.LogType,UnityEngine.LogOption,string,UnityEngine.Object)
UnityEngine.DebugLogHandler:LogFormat (UnityEngine.LogType,UnityEngine.Object,string,object[])
UnityEngine.Logger:Log (UnityEngine.LogType,object)
UnityEngine.Debug:Log (object)
PPS.Solver.Batch.SolverBatch:Progress () (at Assets/_Project/Scripts/Solver/Batch/SolverBatch.cs:193)
PPS.Solver.Batch.SolverBatch:Tick () (at Assets/_Project/Scripts/Solver/Batch/SolverBatch.cs:210)
UnityEditor.EditorApplication:Internal_CallUpdateFunctions ()

(Filename: Assets/_Project/Scripts/Solver/Batch/SolverBatch.cs Line: 193)

[SolverBatch] Stage20 — 35%  220판 굴림
UnityEngine.Debug:ExtractStackTraceNoAlloc (byte*,int,string)
UnityEngine.StackTraceUtility:ExtractStackTrace ()
UnityEngine.DebugLogHandler:Internal_Log (UnityEngine.LogType,UnityEngine.LogOption,string,UnityEngine.Object)
UnityEngine.DebugLogHandler:LogFormat (UnityEngine.LogType,UnityEngine.Object,string,object[])
UnityEngine.Logger:Log (UnityEngine.LogType,object)
UnityEngine.Debug:Log (object)
PPS.Solver.Batch.SolverBatch:Progress () (at Assets/_Project/Scripts/Solver/Batch/SolverBatch.cs:193)
PPS.Solver.Batch.SolverBatch:Tick () (at Assets/_Project/Scripts/Solver/Batch/SolverBatch.cs:210)
UnityEditor.EditorApplication:Internal_CallUpdateFunctions ()

(Filename: Assets/_Project/Scripts/Solver/Batch/SolverBatch.cs Line: 193)

[SolverBatch] Stage20 — 38%  331판 굴림
UnityEngine.Debug:ExtractStackTraceNoAlloc (byte*,int,string)
UnityEngine.StackTraceUtility:ExtractStackTrace ()
UnityEngine.DebugLogHandler:Internal_Log (UnityEngine.LogType,UnityEngine.LogOption,string,UnityEngine.Object)
UnityEngine.DebugLogHandler:LogFormat (UnityEngine.LogType,UnityEngine.Object,string,object[])
UnityEngine.Logger:Log (UnityEngine.LogType,object)
UnityEngine.Debug:Log (object)
PPS.Solver.Batch.SolverBatch:Progress () (at Assets/_Project/Scripts/Solver/Batch/SolverBatch.cs:193)
PPS.Solver.Batch.SolverBatch:Tick () (at Assets/_Project/Scripts/Solver/Batch/SolverBatch.cs:210)
UnityEditor.EditorApplication:Internal_CallUpdateFunctions ()

(Filename: Assets/_Project/Scripts/Solver/Batch/SolverBatch.cs Line: 193)

[SolverBatch] Stage20 — 41%  451판 굴림
UnityEngine.Debug:ExtractStackTraceNoAlloc (byte*,int,string)
UnityEngine.StackTraceUtility:ExtractStackTrace ()
UnityEngine.DebugLogHandler:Internal_Log (UnityEngine.LogType,UnityEngine.LogOption,string,UnityEngine.Object)
UnityEngine.DebugLogHandler:LogFormat (UnityEngine.LogType,UnityEngine.Object,string,object[])
UnityEngine.Logger:Log (UnityEngine.LogType,object)
UnityEngine.Debug:Log (object)
PPS.Solver.Batch.SolverBatch:Progress () (at Assets/_Project/Scripts/Solver/Batch/SolverBatch.cs:193)
PPS.Solver.Batch.SolverBatch:Tick () (at Assets/_Project/Scripts/Solver/Batch/SolverBatch.cs:210)
UnityEditor.EditorApplication:Internal_CallUpdateFunctions ()

(Filename: Assets/_Project/Scripts/Solver/Batch/SolverBatch.cs Line: 193)

[SolverBatch] Stage20 — 43%  591판 굴림
UnityEngine.Debug:ExtractStackTraceNoAlloc (byte*,int,string)
UnityEngine.StackTraceUtility:ExtractStackTrace ()
UnityEngine.DebugLogHandler:Internal_Log (UnityEngine.LogType,UnityEngine.LogOption,string,UnityEngine.Object)
UnityEngine.DebugLogHandler:LogFormat (UnityEngine.LogType,UnityEngine.Object,string,object[])
UnityEngine.Logger:Log (UnityEngine.LogType,object)
UnityEngine.Debug:Log (object)
PPS.Solver.Batch.SolverBatch:Progress () (at Assets/_Project/Scripts/Solver/Batch/SolverBatch.cs:193)
PPS.Solver.Batch.SolverBatch:Tick () (at Assets/_Project/Scripts/Solver/Batch/SolverBatch.cs:210)
UnityEditor.EditorApplication:Internal_CallUpdateFunctions ()

(Filename: Assets/_Project/Scripts/Solver/Batch/SolverBatch.cs Line: 193)

[SolverBatch] Stage20 — 44%  698판 굴림
UnityEngine.Debug:ExtractStackTraceNoAlloc (byte*,int,string)
UnityEngine.StackTraceUtility:ExtractStackTrace ()
UnityEngine.DebugLogHandler:Internal_Log (UnityEngine.LogType,UnityEngine.LogOption,string,UnityEngine.Object)
UnityEngine.DebugLogHandler:LogFormat (UnityEngine.LogType,UnityEngine.Object,string,object[])
UnityEngine.Logger:Log (UnityEngine.LogType,object)
UnityEngine.Debug:Log (object)
PPS.Solver.Batch.SolverBatch:Progress () (at Assets/_Project/Scripts/Solver/Batch/SolverBatch.cs:193)
PPS.Solver.Batch.SolverBatch:Tick () (at Assets/_Project/Scripts/Solver/Batch/SolverBatch.cs:210)
UnityEditor.EditorApplication:Internal_CallUpdateFunctions ()

(Filename: Assets/_Project/Scripts/Solver/Batch/SolverBatch.cs Line: 193)

[SolverBatch] Stage20 — 46%  773판 굴림
UnityEngine.Debug:ExtractStackTraceNoAlloc (byte*,int,string)
UnityEngine.StackTraceUtility:ExtractStackTrace ()
UnityEngine.DebugLogHandler:Internal_Log (UnityEngine.LogType,UnityEngine.LogOption,string,UnityEngine.Object)
UnityEngine.DebugLogHandler:LogFormat (UnityEngine.LogType,UnityEngine.Object,string,object[])
UnityEngine.Logger:Log (UnityEngine.LogType,object)
UnityEngine.Debug:Log (object)
PPS.Solver.Batch.SolverBatch:Progress () (at Assets/_Project/Scripts/Solver/Batch/SolverBatch.cs:193)
PPS.Solver.Batch.SolverBatch:Tick () (at Assets/_Project/Scripts/Solver/Batch/SolverBatch.cs:210)
UnityEditor.EditorApplication:Internal_CallUpdateFunctions ()

(Filename: Assets/_Project/Scripts/Solver/Batch/SolverBatch.cs Line: 193)

[SolverBatch] Stage20 — 46%  803판 굴림
UnityEngine.Debug:ExtractStackTraceNoAlloc (byte*,int,string)
UnityEngine.StackTraceUtility:ExtractStackTrace ()
UnityEngine.DebugLogHandler:Internal_Log (UnityEngine.LogType,UnityEngine.LogOption,string,UnityEngine.Object)
UnityEngine.DebugLogHandler:LogFormat (UnityEngine.LogType,UnityEngine.Object,string,object[])
UnityEngine.Logger:Log (UnityEngine.LogType,object)
UnityEngine.Debug:Log (object)
PPS.Solver.Batch.SolverBatch:Progress () (at Assets/_Project/Scripts/Solver/Batch/SolverBatch.cs:193)
PPS.Solver.Batch.SolverBatch:Tick () (at Assets/_Project/Scripts/Solver/Batch/SolverBatch.cs:210)
UnityEditor.EditorApplication:Internal_CallUpdateFunctions ()

(Filename: Assets/_Project/Scripts/Solver/Batch/SolverBatch.cs Line: 193)

[SolverBatch] Stage20 — 48%  881판 굴림
UnityEngine.Debug:ExtractStackTraceNoAlloc (byte*,int,string)
UnityEngine.StackTraceUtility:ExtractStackTrace ()
UnityEngine.DebugLogHandler:Internal_Log (UnityEngine.LogType,UnityEngine.LogOption,string,UnityEngine.Object)
UnityEngine.DebugLogHandler:LogFormat (UnityEngine.LogType,UnityEngine.Object,string,object[])
UnityEngine.Logger:Log (UnityEngine.LogType,object)
UnityEngine.Debug:Log (object)
PPS.Solver.Batch.SolverBatch:Progress () (at Assets/_Project/Scripts/Solver/Batch/SolverBatch.cs:193)
PPS.Solver.Batch.SolverBatch:Tick () (at Assets/_Project/Scripts/Solver/Batch/SolverBatch.cs:210)
UnityEditor.EditorApplication:Internal_CallUpdateFunctions ()

(Filename: Assets/_Project/Scripts/Solver/Batch/SolverBatch.cs Line: 193)

[SolverBatch] Stage20 — 49%  983판 굴림
UnityEngine.Debug:ExtractStackTraceNoAlloc (byte*,int,string)
UnityEngine.StackTraceUtility:ExtractStackTrace ()
UnityEngine.DebugLogHandler:Internal_Log (UnityEngine.LogType,UnityEngine.LogOption,string,UnityEngine.Object)
UnityEngine.DebugLogHandler:LogFormat (UnityEngine.LogType,UnityEngine.Object,string,object[])
UnityEngine.Logger:Log (UnityEngine.LogType,object)
UnityEngine.Debug:Log (object)
PPS.Solver.Batch.SolverBatch:Progress () (at Assets/_Project/Scripts/Solver/Batch/SolverBatch.cs:193)
PPS.Solver.Batch.SolverBatch:Tick () (at Assets/_Project/Scripts/Solver/Batch/SolverBatch.cs:210)
UnityEditor.EditorApplication:Internal_CallUpdateFunctions ()

(Filename: Assets/_Project/Scripts/Solver/Batch/SolverBatch.cs Line: 193)

[SolverBatch] Stage20 — 50%  1084판 굴림
UnityEngine.Debug:ExtractStackTraceNoAlloc (byte*,int,string)
UnityEngine.StackTraceUtility:ExtractStackTrace ()
UnityEngine.DebugLogHandler:Internal_Log (UnityEngine.LogType,UnityEngine.LogOption,string,UnityEngine.Object)
UnityEngine.DebugLogHandler:LogFormat (UnityEngine.LogType,UnityEngine.Object,string,object[])
UnityEngine.Logger:Log (UnityEngine.LogType,object)
UnityEngine.Debug:Log (object)
PPS.Solver.Batch.SolverBatch:Progress () (at Assets/_Project/Scripts/Solver/Batch/SolverBatch.cs:193)
PPS.Solver.Batch.SolverBatch:Tick () (at Assets/_Project/Scripts/Solver/Batch/SolverBatch.cs:210)
UnityEditor.EditorApplication:Internal_CallUpdateFunctions ()

(Filename: Assets/_Project/Scripts/Solver/Batch/SolverBatch.cs Line: 193)

[SolverBatch] Stage20 — 52%  1178판 굴림
UnityEngine.Debug:ExtractStackTraceNoAlloc (byte*,int,string)
UnityEngine.StackTraceUtility:ExtractStackTrace ()
UnityEngine.DebugLogHandler:Internal_Log (UnityEngine.LogType,UnityEngine.LogOption,string,UnityEngine.Object)
UnityEngine.DebugLogHandler:LogFormat (UnityEngine.LogType,UnityEngine.Object,string,object[])
UnityEngine.Logger:Log (UnityEngine.LogType,object)
UnityEngine.Debug:Log (object)
PPS.Solver.Batch.SolverBatch:Progress () (at Assets/_Project/Scripts/Solver/Batch/SolverBatch.cs:193)
PPS.Solver.Batch.SolverBatch:Tick () (at Assets/_Project/Scripts/Solver/Batch/SolverBatch.cs:210)
UnityEditor.EditorApplication:Internal_CallUpdateFunctions ()

(Filename: Assets/_Project/Scripts/Solver/Batch/SolverBatch.cs Line: 193)

[SolverBatch] Stage20 — 52%  1263판 굴림
UnityEngine.Debug:ExtractStackTraceNoAlloc (byte*,int,string)
UnityEngine.StackTraceUtility:ExtractStackTrace ()
UnityEngine.DebugLogHandler:Internal_Log (UnityEngine.LogType,UnityEngine.LogOption,string,UnityEngine.Object)
UnityEngine.DebugLogHandler:LogFormat (UnityEngine.LogType,UnityEngine.Object,string,object[])
UnityEngine.Logger:Log (UnityEngine.LogType,object)
UnityEngine.Debug:Log (object)
PPS.Solver.Batch.SolverBatch:Progress () (at Assets/_Project/Scripts/Solver/Batch/SolverBatch.cs:193)
PPS.Solver.Batch.SolverBatch:Tick () (at Assets/_Project/Scripts/Solver/Batch/SolverBatch.cs:210)
UnityEditor.EditorApplication:Internal_CallUpdateFunctions ()

(Filename: Assets/_Project/Scripts/Solver/Batch/SolverBatch.cs Line: 193)

[SolverBatch] Stage20 — 54%  1355판 굴림
UnityEngine.Debug:ExtractStackTraceNoAlloc (byte*,int,string)
UnityEngine.StackTraceUtility:ExtractStackTrace ()
UnityEngine.DebugLogHandler:Internal_Log (UnityEngine.LogType,UnityEngine.LogOption,string,UnityEngine.Object)
UnityEngine.DebugLogHandler:LogFormat (UnityEngine.LogType,UnityEngine.Object,string,object[])
UnityEngine.Logger:Log (UnityEngine.LogType,object)
UnityEngine.Debug:Log (object)
PPS.Solver.Batch.SolverBatch:Progress () (at Assets/_Project/Scripts/Solver/Batch/SolverBatch.cs:193)
PPS.Solver.Batch.SolverBatch:Tick () (at Assets/_Project/Scripts/Solver/Batch/SolverBatch.cs:210)
UnityEditor.EditorApplication:Internal_CallUpdateFunctions ()

(Filename: Assets/_Project/Scripts/Solver/Batch/SolverBatch.cs Line: 193)

[SolverBatch] Stage20 — 55%  1439판 굴림
UnityEngine.Debug:ExtractStackTraceNoAlloc (byte*,int,string)
UnityEngine.StackTraceUtility:ExtractStackTrace ()
UnityEngine.DebugLogHandler:Internal_Log (UnityEngine.LogType,UnityEngine.LogOption,string,UnityEngine.Object)
UnityEngine.DebugLogHandler:LogFormat (UnityEngine.LogType,UnityEngine.Object,string,object[])
UnityEngine.Logger:Log (UnityEngine.LogType,object)
UnityEngine.Debug:Log (object)
PPS.Solver.Batch.SolverBatch:Progress () (at Assets/_Project/Scripts/Solver/Batch/SolverBatch.cs:193)
PPS.Solver.Batch.SolverBatch:Tick () (at Assets/_Project/Scripts/Solver/Batch/SolverBatch.cs:210)
UnityEditor.EditorApplication:Internal_CallUpdateFunctions ()

(Filename: Assets/_Project/Scripts/Solver/Batch/SolverBatch.cs Line: 193)

[SolverBatch] Stage20 — 56%  1507판 굴림
UnityEngine.Debug:ExtractStackTraceNoAlloc (byte*,int,string)
UnityEngine.StackTraceUtility:ExtractStackTrace ()
UnityEngine.DebugLogHandler:Internal_Log (UnityEngine.LogType,UnityEngine.LogOption,string,UnityEngine.Object)
UnityEngine.DebugLogHandler:LogFormat (UnityEngine.LogType,UnityEngine.Object,string,object[])
UnityEngine.Logger:Log (UnityEngine.LogType,object)
UnityEngine.Debug:Log (object)
PPS.Solver.Batch.SolverBatch:Progress () (at Assets/_Project/Scripts/Solver/Batch/SolverBatch.cs:193)
PPS.Solver.Batch.SolverBatch:Tick () (at Assets/_Project/Scripts/Solver/Batch/SolverBatch.cs:210)
UnityEditor.EditorApplication:Internal_CallUpdateFunctions ()

(Filename: Assets/_Project/Scripts/Solver/Batch/SolverBatch.cs Line: 193)

[SolverBatch] Stage20 — 57%  1586판 굴림
UnityEngine.Debug:ExtractStackTraceNoAlloc (byte*,int,string)
UnityEngine.StackTraceUtility:ExtractStackTrace ()
UnityEngine.DebugLogHandler:Internal_Log (UnityEngine.LogType,UnityEngine.LogOption,string,UnityEngine.Object)
UnityEngine.DebugLogHandler:LogFormat (UnityEngine.LogType,UnityEngine.Object,string,object[])
UnityEngine.Logger:Log (UnityEngine.LogType,object)
UnityEngine.Debug:Log (object)
PPS.Solver.Batch.SolverBatch:Progress () (at Assets/_Project/Scripts/Solver/Batch/SolverBatch.cs:193)
PPS.Solver.Batch.SolverBatch:Tick () (at Assets/_Project/Scripts/Solver/Batch/SolverBatch.cs:210)
UnityEditor.EditorApplication:Internal_CallUpdateFunctions ()

(Filename: Assets/_Project/Scripts/Solver/Batch/SolverBatch.cs Line: 193)

[SolverBatch] Stage20 — 58%  1680판 굴림
UnityEngine.Debug:ExtractStackTraceNoAlloc (byte*,int,string)
UnityEngine.StackTraceUtility:ExtractStackTrace ()
UnityEngine.DebugLogHandler:Internal_Log (UnityEngine.LogType,UnityEngine.LogOption,string,UnityEngine.Object)
UnityEngine.DebugLogHandler:LogFormat (UnityEngine.LogType,UnityEngine.Object,string,object[])
UnityEngine.Logger:Log (UnityEngine.LogType,object)
UnityEngine.Debug:Log (object)
PPS.Solver.Batch.SolverBatch:Progress () (at Assets/_Project/Scripts/Solver/Batch/SolverBatch.cs:193)
PPS.Solver.Batch.SolverBatch:Tick () (at Assets/_Project/Scripts/Solver/Batch/SolverBatch.cs:210)
UnityEditor.EditorApplication:Internal_CallUpdateFunctions ()

(Filename: Assets/_Project/Scripts/Solver/Batch/SolverBatch.cs Line: 193)

[SolverBatch] Stage20 — 59%  1774판 굴림
UnityEngine.Debug:ExtractStackTraceNoAlloc (byte*,int,string)
UnityEngine.StackTraceUtility:ExtractStackTrace ()
UnityEngine.DebugLogHandler:Internal_Log (UnityEngine.LogType,UnityEngine.LogOption,string,UnityEngine.Object)
UnityEngine.DebugLogHandler:LogFormat (UnityEngine.LogType,UnityEngine.Object,string,object[])
UnityEngine.Logger:Log (UnityEngine.LogType,object)
UnityEngine.Debug:Log (object)
PPS.Solver.Batch.SolverBatch:Progress () (at Assets/_Project/Scripts/Solver/Batch/SolverBatch.cs:193)
PPS.Solver.Batch.SolverBatch:Tick () (at Assets/_Project/Scripts/Solver/Batch/SolverBatch.cs:210)
UnityEditor.EditorApplication:Internal_CallUpdateFunctions ()

(Filename: Assets/_Project/Scripts/Solver/Batch/SolverBatch.cs Line: 193)

[SolverBatch] Stage20 — 60%  1867판 굴림
UnityEngine.Debug:ExtractStackTraceNoAlloc (byte*,int,string)
UnityEngine.StackTraceUtility:ExtractStackTrace ()
UnityEngine.DebugLogHandler:Internal_Log (UnityEngine.LogType,UnityEngine.LogOption,string,UnityEngine.Object)
UnityEngine.DebugLogHandler:LogFormat (UnityEngine.LogType,UnityEngine.Object,string,object[])
UnityEngine.Logger:Log (UnityEngine.LogType,object)
UnityEngine.Debug:Log (object)
PPS.Solver.Batch.SolverBatch:Progress () (at Assets/_Project/Scripts/Solver/Batch/SolverBatch.cs:193)
PPS.Solver.Batch.SolverBatch:Tick () (at Assets/_Project/Scripts/Solver/Batch/SolverBatch.cs:210)
UnityEditor.EditorApplication:Internal_CallUpdateFunctions ()

(Filename: Assets/_Project/Scripts/Solver/Batch/SolverBatch.cs Line: 193)

[SolverBatch] Stage20 — 60%  1946판 굴림
UnityEngine.Debug:ExtractStackTraceNoAlloc (byte*,int,string)
UnityEngine.StackTraceUtility:ExtractStackTrace ()
UnityEngine.DebugLogHandler:Internal_Log (UnityEngine.LogType,UnityEngine.LogOption,string,UnityEngine.Object)
UnityEngine.DebugLogHandler:LogFormat (UnityEngine.LogType,UnityEngine.Object,string,object[])
UnityEngine.Logger:Log (UnityEngine.LogType,object)
UnityEngine.Debug:Log (object)
PPS.Solver.Batch.SolverBatch:Progress () (at Assets/_Project/Scripts/Solver/Batch/SolverBatch.cs:193)
PPS.Solver.Batch.SolverBatch:Tick () (at Assets/_Project/Scripts/Solver/Batch/SolverBatch.cs:210)
UnityEditor.EditorApplication:Internal_CallUpdateFunctions ()

(Filename: Assets/_Project/Scripts/Solver/Batch/SolverBatch.cs Line: 193)

[SolverBatch] Stage20 — 61%  2010판 굴림
UnityEngine.Debug:ExtractStackTraceNoAlloc (byte*,int,string)
UnityEngine.StackTraceUtility:ExtractStackTrace ()
UnityEngine.DebugLogHandler:Internal_Log (UnityEngine.LogType,UnityEngine.LogOption,string,UnityEngine.Object)
UnityEngine.DebugLogHandler:LogFormat (UnityEngine.LogType,UnityEngine.Object,string,object[])
UnityEngine.Logger:Log (UnityEngine.LogType,object)
UnityEngine.Debug:Log (object)
PPS.Solver.Batch.SolverBatch:Progress () (at Assets/_Project/Scripts/Solver/Batch/SolverBatch.cs:193)
PPS.Solver.Batch.SolverBatch:Tick () (at Assets/_Project/Scripts/Solver/Batch/SolverBatch.cs:210)
UnityEditor.EditorApplication:Internal_CallUpdateFunctions ()

(Filename: Assets/_Project/Scripts/Solver/Batch/SolverBatch.cs Line: 193)

[SolverBatch] Stage20 — 78%  2039판 굴림
UnityEngine.Debug:ExtractStackTraceNoAlloc (byte*,int,string)
UnityEngine.StackTraceUtility:ExtractStackTrace ()
UnityEngine.DebugLogHandler:Internal_Log (UnityEngine.LogType,UnityEngine.LogOption,string,UnityEngine.Object)
UnityEngine.DebugLogHandler:LogFormat (UnityEngine.LogType,UnityEngine.Object,string,object[])
UnityEngine.Logger:Log (UnityEngine.LogType,object)
UnityEngine.Debug:Log (object)
PPS.Solver.Batch.SolverBatch:Progress () (at Assets/_Project/Scripts/Solver/Batch/SolverBatch.cs:193)
PPS.Solver.Batch.SolverBatch:Tick () (at Assets/_Project/Scripts/Solver/Batch/SolverBatch.cs:210)
UnityEditor.EditorApplication:Internal_CallUpdateFunctions ()

(Filename: Assets/_Project/Scripts/Solver/Batch/SolverBatch.cs Line: 193)

[SolverBatch] Stage20 — 90%  2070판 굴림
UnityEngine.Debug:ExtractStackTraceNoAlloc (byte*,int,string)
UnityEngine.StackTraceUtility:ExtractStackTrace ()
UnityEngine.DebugLogHandler:Internal_Log (UnityEngine.LogType,UnityEngine.LogOption,string,UnityEngine.Object)
UnityEngine.DebugLogHandler:LogFormat (UnityEngine.LogType,UnityEngine.Object,string,object[])
UnityEngine.Logger:Log (UnityEngine.LogType,object)
UnityEngine.Debug:Log (object)
PPS.Solver.Batch.SolverBatch:Progress () (at Assets/_Project/Scripts/Solver/Batch/SolverBatch.cs:193)
PPS.Solver.Batch.SolverBatch:Tick () (at Assets/_Project/Scripts/Solver/Batch/SolverBatch.cs:210)
UnityEditor.EditorApplication:Internal_CallUpdateFunctions ()

(Filename: Assets/_Project/Scripts/Solver/Batch/SolverBatch.cs Line: 193)

[SolverBatch] [22/22] Stage20 — Corridor 로 풀림 (2094회 시도) (50.7초)
UnityEngine.Debug:ExtractStackTraceNoAlloc (byte*,int,string)
UnityEngine.StackTraceUtility:ExtractStackTrace ()
UnityEngine.DebugLogHandler:Internal_Log (UnityEngine.LogType,UnityEngine.LogOption,string,UnityEngine.Object)
UnityEngine.DebugLogHandler:LogFormat (UnityEngine.LogType,UnityEngine.Object,string,object[])
UnityEngine.Logger:Log (UnityEngine.LogType,object)
UnityEngine.Debug:Log (object)
PPS.Solver.Batch.SolverBatch:FinishStage () (at Assets/_Project/Scripts/Solver/Batch/SolverBatch.cs:273)
PPS.Solver.Batch.SolverBatch:Tick () (at Assets/_Project/Scripts/Solver/Batch/SolverBatch.cs:214)
UnityEditor.EditorApplication:Internal_CallUpdateFunctions ()

(Filename: Assets/_Project/Scripts/Solver/Batch/SolverBatch.cs Line: 273)

[SolverBatch] 끝 — 2242.9초, C:\Users\user\Desktop\KYO\KYO_GitRepos\PhysicsPuzzleSolver\SolverReports\json\All.json
UnityEngine.Debug:ExtractStackTraceNoAlloc (byte*,int,string)
UnityEngine.StackTraceUtility:ExtractStackTrace ()
UnityEngine.DebugLogHandler:Internal_Log (UnityEngine.LogType,UnityEngine.LogOption,string,UnityEngine.Object)
UnityEngine.DebugLogHandler:LogFormat (UnityEngine.LogType,UnityEngine.Object,string,object[])
UnityEngine.Logger:Log (UnityEngine.LogType,object)
UnityEngine.Debug:Log (object)
PPS.Solver.Batch.SolverBatch:Finish () (at Assets/_Project/Scripts/Solver/Batch/SolverBatch.cs:287)
PPS.Solver.Batch.SolverBatch:Tick () (at Assets/_Project/Scripts/Solver/Batch/SolverBatch.cs:217)
UnityEditor.EditorApplication:Internal_CallUpdateFunctions ()

(Filename: Assets/_Project/Scripts/Solver/Batch/SolverBatch.cs Line: 287)

Killing ADB server in 2.0696067 seconds.
[Physics::Module] Cleanup current backend.
[Physics::Module] Id: 0xf2b8ea05
Input System module state changed to: ShutdownInProgress.
Input System polling thread exited.
Input System module state changed to: Shutdown.
[Licensing::IpcConnector] LicenseClient-user-6000.3.13-notifications channel disconnected successfully.
[Licensing::IpcConnector] LicenseClient-user-6000.3.13 channel disconnected successfully.
AcceleratorClientConnectionCallback - disconnected - :0
Cleanup mono
Checking for leaked weakptr:
  Found no leaked weakptrs.
[Package Manager] Server process was shutdown
##utp:{"type":"MemoryLeaks","version":2,"phase":"Immediate","time":1789709552545,"processId":17716,"allocatedMemory":19441307,"memoryLabels":[{"Default":29313},{"Permanent":15236},{"NewDelete":68483},{"Thread":4230344},{"Manager":33085},{"VertexData":8},{"Geometry":816},{"Texture":296},{"Shader":79381},{"Material":24},{"GfxDevice":55265},{"Animation":392},{"Audio":2664},{"FreeType":8},{"FontEngine":736},{"Physics":2090},{"Physics2D":16},{"Serialization":464},{"Input":14984},{"JobScheduler":33024},{"TextLib":216},{"Mono":32},{"MonoCode":64},{"ScriptingNativeRuntime":155060},{"BaseObject":1620400},{"Resource":1336},{"Renderer":3000},{"Transform":4685},{"File":45071},{"WebCam":616},{"Culling":32},{"Terrain":11394},{"Wind":24},{"STL":40},{"String":14228},{"DynamicArray":126488},{"HashMap":80621},{"Utility":2660278},{"Curl":2498},{"PoolAlloc":2152},{"AI":80},{"TypeTree":5341},{"ScriptManager":512},{"RuntimeInitializeOnLoadManager":64},{"SpriteAtlas":112},{"GI":7792},{"Director":8240},{"CloudService":6480},{"WebRequest":8057},{"VR":47994},{"SceneManager":504},{"Video":64},{"LazyScriptCache":32},{"Camera":17},{"Secure":2113},{"SerializationCache":1576},{"APIUpdating":10320},{"Subsystems":336},{"VirtualTexturing":57888},{"StaticSafetyDebugInfo":278528},{"Analytics":384},{"Hierarchy":608},{"CoreStats":13032},{"Identifiers":12960},{"Gui":96},{"EditorUtility":123181},{"VersionControl":4},{"Undo":947},{"AssetDatabase":9514136},{"EditorGi":328},{"UnityConnect":29232},{"Upm":1896},{"AssetCompliance":64},{"DrivenProperties":72},{"LocalIPC":210},{"ProfilerEditor":9746},{"CoreBusinessMetrics":2873},{"Licensing":664},{"AssetReference":32},{"IPCStream":32}]}
